Ticker,Year,PE,PB,ROE,ROA,DebtToEquity,DividendYield,MarketCap,Volume,Value_Score,Quality_Score,Risk_Score,Total_Score,Rank
INTC,2010,8.675,1.6225,21.485,16.7975,0.2775,0.000183377,59833397809,66724836.50793651,0,1,0,0.4,1
T,2010,2.5675,0.3775,15.5375,6.07,1.4925,0.000992039,48495692872.09808,37405029.07936508,0,1,0,0.4,1
XOM,2010,6.9375,1.295,20.16,9.9675,1.0075,0.000188005,156738945459.02576,26432254.36507937,0,1,0,0.4,1
QCOM,2010,14.5825,2.225,15.9275,11.3925,0.4275,0.00010955,30435165113.48633,21332048.80952381,0,1,0,0.4,1
KO,2010,10.2575,3.0275,32.49,16.7275,1.0025,0.000196073,76612655987.09796,20568367.46031746,0,1,0,0.4,1
PBR,2010,2.505,0.405,16.6325,8.365,0.8999999999999999,0.000452386,37880024720.69514,16925136.904761903,0,1,0,0.4,1
HD,2010,12.4575,1.8525,15.02,6.79,1.1825,0.000173428,21764535119.41613,15789932.142857144,0,1,0,0.4,1
TXN,2010,8.3625,2.1425,27.56,21.905,0.265,0.000111848,16102102627.972242,14445609.126984129,0,1,0,0.4,1
TSM,2010,8.622499999999999,0,28.08,22.6575,0.26,0.000285851,34862572971.96463,14139352.38095238,0,1,0,0.4,1
COP,2010,4.3375,0.5800000000000001,14.1325,5.9775,1.305,0.000267333,31512093935.68443,13361262.845238095,0,1,0,0.4,1
BMY,2010,4.4075,1.7425,58.3475,28.3325,1.0025,0.000240296,31279740581.30537,12512150.793650793,0,1,0,0.4,1
PG,2010,10.02,1.765,18.63,9.135,1.07,0.000187051,93718836922,11967932.936507937,0,1,0,0.4,1
DIS,2010,14.315,1.4325,10.48,5.9075,0.76,4.9881920474374814e-05,52635718262,11964263.095238095,0,1,0,0.4,1
CVS,2010,9.002500000000001,0.855,9.9125,5.7975,0.6925,6.132369041270362e-05,28562525954.04948,10686116.26984127,0,1,0,0.4,1
UNH,2010,6.9075,1.155,18.0675,7.3075,1.4449999999999998,5.949582779816658e-05,23764797761.61168,9987091.27,0,1,0,0.4,1
NEM,2010,10.7575,1.44,14.7925,8.657499999999999,0.67,4.77342205956775e-05,44038869499.30724,7741037.301587301,0,1,0,0.4,1
LLY,2010,5.7275,2.45,44.625,16.655,1.555,0.000325039,21375914447.67719,7303888.492063492,0,1,0,0.4,1
UNP,2010,12.07,1.6375,14.155,5.69,1.46,9.540041694319294e-05,16433175624.364218,7207817.46,0,1,0,0.4,1
MDT,2010,10.2725,2.0475,21.2475,11.53,0.905,0.000124736,34597559248.11873,6666677.380952381,0,1,0,0.4,1
MMM,2010,8.1675,2.1175,28.245,13.9425,0.95,0.000159121,23567073603.12829,4909966.31,0,1,0,0.4,1
CSCO,2011,9.8425,1.4075,15.0925,8.335,0.8200000000000001,6.692704507796822e-05,45247396405.08379,68310700.79365079,0.5,0.5,0,0.4,4
INTC,2011,6.5725,1.6525,26.28,19.2725,0.455,0.000200126,65654762748.628975,61425900.79365079,0.25,1,0,0.5,3
T,2011,5.452500000000001,0.44,12.6975,5.27,1.44,0.000834503,57712557776.44869,38227821.515873015,0,0.5,0.5,0.30000000000000004,5
XOM,2011,6.02,1.41,24.6775,12.2825,1.025,0.000163146,1.96966E+11,21940620.23809524,0.25,1,0,0.5,3
ABT,2011,6.265,1.1675,19.7525,7.865,1.4275,0.000196249,31917770027,17734964.80952381,0.25,0.5,0.5,0.4,4
PBR,2011,2.2025,0.2224999999999999,12.555,7.27,0.7525,0.000482296,32919224827.386765,16343514.682539685,0.5,0.5,0.5,0.5,3
TSM,2011,9.09,0,26.055,20.5525,0.265,0.000241833,44049299604.10061,14703195.634920634,0.125,0.5,0,0.25,6
COP,2011,4.2025,0.695,17.1375,7.5375,1.2975,0.000232509,42183130073.211685,12600951.400793651,0.25,1,0.5,0.6,2
BMY,2011,9.7125,2.0325,21.4225,10.8375,0.985,0.000296246,37048733111.64584,12372700,0,0.5,0.5,0.30000000000000004,5
DIS,2011,13.3975,1.4875,11.715,6.61,0.7975,7.68939829197058e-05,59207146457.83673,11821111.507936507,0.25,1,0,0.5,3
HD,2011,12.0675,2.255,18.76,8.407499999999999,1.2825000000000002,0.000157689,25955276234.204006,11637141.666666666,0.25,1,0,0.5,3
TXN,2011,8.9475,2.2325,26.835,19.0775,0.65,9.893878537582806e-05,19661609992.28228,11285104.76190476,0,0.5,0,0.2,7
PG,2011,11.322500000000002,1.7675,16.81,8.157499999999999,1.0550000000000002,0.000189977,99177661948.98038,10490821.825396825,0,0.5,0.5,0.30000000000000004,5
CVS,2011,10.24,0.8975,9.055,5.3725,0.7025,7.971973927978694e-05,31974601200.973957,10020045.23809524,0,0.5,0,0.2,7
LLY,2011,6.545,2.225,34.89,14.765,1.315,0.000298282,23662453413.89338,8259085.714285715,0.25,0.5,0.5,0.4,4
UNH,2011,8.69,1.5025,18.5875,7.577500000000001,1.455,6.430272022883795e-05,33919315870.81069,7491096.428571428,0,1,0,0.4,4
AMGN,2011,9.1625,1.5375,17.1825,9.37,1.0125,5.927229375863694e-05,20919275045.96448,6931533.73,0.25,0.5,0,0.30000000000000004,5
MDT,2011,9.01,1.77,20.815,10.675,0.9275,0.000143595,33754845382,6530849.206349206,0.5,0.5,0,0.4,4
UNP,2011,11.65,1.905,17.025,7.0175,1.4225,0.000107178,21179615275.28127,6184597.619047619,0.25,1,0.5,0.6,2
DHR,2011,6.465,0.825,14.0675,8.27,0.77,1.23863641210326e-05,14204252855.43316,5840164.492063492,0.5,1,0,0.6000000000000001,1
INTC,2012,7.535,1.765,25.1375,16.552500000000002,0.545,0.00019311,76794362693.72609,42295023.6,0.16666666666666669,0.5,0,0.2666666666666667,10
CSCO,2012,8.692499999999999,1.275,15.555,8.6125,0.7825,0.000157882,49242689051.05591,41753722.8,0.6666666666666667,0.6666666666666666,0.6666666666666667,0.6666666666666667,2
PFE,2012,9.4425,1.21,13.2075,5.8975,1.2525,0.000260633,73606247933,35668674.12,0,1,0,0.4,7
WMT,2012,10.985,2.3025,21.8675,8.27,1.615,0.000126547,1.37092E+11,27717045.6,0,0.5,0.33333333333333337,0.2666666666666667,10
XOM,2012,5.66,1.4175,26.3275,13.045,0.99,0.000169992,219159472649.8758,15003279.6,0.33333333333333337,1,0.6666666666666667,0.6666666666666667,2
ABT,2012,6.91,1.465,22.1175,9.0675,1.45,0.000167201,40611083724.72394,14492313.46,0,0.6666666666666666,0.33333333333333337,0.33333333333333337,8
MRK,2012,12.0625,1.405,11.585,6.2875000000000005,0.8525,0.000246627,65140799012,14032195.58,0.33333333333333337,0.6666666666666666,0.16666666666666663,0.43333333333333335,6
QCOM,2012,12.5175,2.25,19.7375,15.09,0.2875,8.986483252619638e-05,46312454446.67686,12337575.6,0.5,1,0.6666666666666667,0.7333333333333334,1
PG,2012,12.3775,1.91,16.305,7.895,1.07,0.000192617,106417326898.36691,10839774.8,0,0.3333333333333333,0.16666666666666663,0.16666666666666666,12
IBN,2012,13.4675,0,31.6925,4.075,1.71,9.761938995428226e-05,20634118957.65214,10218390.6,0.33333333333333337,1,0.6666666666666667,0.6666666666666667,2
COP,2012,4.6625,0.8925,17.735,7.435,1.43,0.000280124,45074737814.68875,9350993.308,0,0.8333333333333333,0,0.3333333333333333,9
DIS,2012,14.295,1.8575,13.4975,7.3575,0.8325,6.838577783265731e-05,73605246730.71547,8927604.8,0.16666666666666669,1,0,0.4666666666666667,5
TXN,2012,14.19,2.1375,15.515,8.6,0.7975,0.000138518,19073007264.713657,8890889.6,0.33333333333333337,0.3333333333333333,0,0.2666666666666667,10
CVS,2012,11.75,1.1225,9.8425,5.69,0.7475,8.231787937001304e-05,41015218290.25695,7162994,0,0.6666666666666666,0,0.26666666666666666,11
UNH,2012,9.19,1.59,18.57,7.502499999999999,1.495,7.125492728061525e-05,40728478787.58856,6411194,0,0.6666666666666666,0,0.26666666666666666,11
BP,2012,3.85,0.5475000000000001,15.15,5.86,1.5475,0.000392109,52025775356.86076,6373840,0.33333333333333337,0.6666666666666666,0.6666666666666667,0.5333333333333334,4
UNP,2012,11.37,2.1775,19.9125,8.235,1.4075,0.000112062,26056386517.126465,4839572.8,0.33333333333333337,1,0.6666666666666667,0.6666666666666667,2
MDT,2012,8.6075,1.715,20.87,10.97,0.9225,0.000171064,37313048876,4817447.2,0.6666666666666667,0.6666666666666666,0.33333333333333337,0.6000000000000001,3
AMGN,2012,10.97,2.1975,20.52,8.1575,1.7425000000000002,0.000106996,29036827881.17821,4599123.2,0,0.6666666666666666,0,0.26666666666666666,11
EMR,2012,11.8975,2.41,20.86,9.215,1.2675,0.00018469,19431644646.350098,4023024.4,0.33333333333333337,0.5,0.33333333333333337,0.4,7
MSFT,2013,11.13,2.8425,27.515,15.5125,0.7725,0.000143697,198351196296.83856,48615468.253968254,0.5,0.5,0.625,0.525,4
CSCO,2013,8.5,1.4275,17.615000000000002,10.13,0.7175,0.000128736,61648296413.42162,39114258.333333336,0.5,1,0.75,0.7500000000000001,1
INTC,2013,9.2125,1.5825,18.6275,11.665,0.6074999999999999,0.000212235,73782161021.84395,39111776.190476194,0.375,0.25,0,0.25,10
PFE,2013,5.675,1.4125,27.7975,12.3075,1.255,0.000214755,95234648475.94766,38528430.48809524,0.375,1,0,0.55,3
WMT,2013,11.595,2.485,21.945,8.445,1.6125,0.000122852,157307758313.10855,20854488.095238097,0,0.625,0.5,0.35,9
XOM,2013,6.9575,1.405,21.3575,10.89,0.9625,0.000176356,235304864448.64056,12631733.73015873,0.25,0.5,0.75,0.45000000000000007,6
QCOM,2013,12.77,2.2275,18.36,14.52,0.2575,0.000106699,51286161586.47628,11823720.634920634,0.5,0.75,0.75,0.65,2
TSM,2013,10.9725,2.5525,24.555,17.4275,0.48,0.000149709,66835435441.24184,10370385.714285716,0.25,0.375,0,0.25,10
PG,2013,13.855,2.185,16.97,8.2525,1.0425,0.000173969,130538392674.32507,8653309.921,0,0.75,0.75,0.45000000000000007,6
ABT,2013,13.0175,1.85,15.17,7.1325,0.8375,8.052560875907102e-05,49134678569.87444,8065756.746031746,0,0.25,0.75,0.25,10
DIS,2013,17.165,2.2325,13.8275,7.7125,0.7625,5.41432969574292e-05,101178370795.04616,7774559.920634921,0,1,0.5,0.5,5
TXN,2013,15.83,2.7775,17.795,9.99,0.76,0.000158491,24535556465,7591662.301587301,0,0.5,0.25,0.25,10
COP,2013,6.8125,1.08,16.4,6.885,1.3375,0.000247771,54467250127.59896,5892009.920634921,0,0.5,0.25,0.25,10
BP,2013,2.8975,0.545,18.865,7.775,1.36,0.000397659,55694580699.26717,5683127.380952381,0.5,1,0.75,0.7500000000000001,1
UNH,2013,10.56,1.77,17.435000000000002,6.8325,1.5725,7.540644050122774e-05,49076144852.305305,5427813.492063492,0,0.25,0,0.1,12
CVS,2013,12.4625,1.3675000000000002,11.34,6.4925,0.77,8.577654220390936e-05,53672990208.00056,5361786.904761905,0,1,0,0.4,7
RTX,2013,7.2625,1.49,21.9775,6.8825,2.0225,0.000116528,62832032200,5099514.087301588,0.125,0.75,0.25,0.4,7
MDT,2013,10.96,2.09,20.0075,10.375,0.9175,0.000111035,49362647750.84309,4442926.984126984,0,0.25,0.5,0.2,11
AMGN,2013,12.39,2.7625,23.7675,8.775,1.7075,0.000101727,40260018017.66682,3913050.396825397,0,0.75,0.25,0.35000000000000003,8
UNP,2013,13.345,2.6675,20.8375,8.725,1.375,0.000100804,34373657199.98678,3711199.206349206,0,1,0.75,0.55,3
MSFT,2014,14.42,3.405,24.9675,13.66,0.8725,0.000126279,266675903645.7755,33331748.41269841,0.1,0.2,0.19999999999999996,0.16,14
CSCO,2014,11.28,1.53,13.83,7.827500000000001,0.8175,0.000174098,68124562973.29494,32836812.698412698,0.19999999999999996,0.2,0.30000000000000004,0.22000000000000003,11
INTC,2014,11.6475,2.07,18.3825,11.5525,0.6,0.000165785,100639795014.26633,31608351.19047619,0,0.2,0.19999999999999996,0.12000000000000001,15
CMCSA,2014,14.1275,2.06,15.23,4.984999999999999,2.01,6.52479483669528e-05,76495823143,29579292.85714286,0,1,0.6,0.52,3
PFE,2014,10.3825,1.525,16.6475,7.449999999999999,1.2425,0.000219831,102917880141.62357,27509670.194444444,0,0.8,0.4,0.4000000000000001,6
WMT,2014,12.53,2.4175,19.95,7.76,1.51,0.000121529,165531342537.24094,19546836.904761903,0.1,0.2,0.8,0.28,9
ORCL,2014,14.565,3.29,23.9975,12.345,0.985,5.725017967542688e-05,95270678625.85118,15168297.222222222,0.2,0.6000000000000001,0.19999999999999996,0.36000000000000004,8
XOM,2014,7.8725,1.39,18.26,9.4725,0.9125,0.000176236,259904004237.01215,11726997.222222222,0.3,0.2,0.8,0.36000000000000004,8
TSM,2014,11.205,2.6950000000000003,24.51,16.5675,0.4625,0.000117079,78233832748.95992,11061446.031746032,0.1,0.30000000000000004,0.19999999999999996,0.2,12
QCOM,2014,12.7425,2.4275,20.0875,16.0775,0.2475,0.000115251,60011722527.67997,9495784.126984129,0.3,1,0.8,0.68,1
MDLZ,2014,16.215,1.5525,9.995,4.3975,1.3,8.106724685487246e-05,36673509907.57897,8192404.761904762,0,0.8,0.6,0.44000000000000006,4
PG,2014,16.759999999999998,2.4425,15.1125,7.365,1.0675,0.000169214,141114322780.72302,8108636.111111111,0,0.2,0.4,0.16000000000000003,13
MDT,2014,15.2275,2.3825000000000003,16.4325,8.5075,0.955,9.497932134362292e-05,61729315597.19497,7105598.412698412,0,0.2,0,0.08,16
DIS,2014,18.87,2.8025,15.5525,8.9475,0.755,5.4256196871254965e-05,137598288284.82776,6677810.714285715,0,1,0.8,0.56,2
COP,2014,7.755000000000001,1.205,16.2075,7.24,1.2,0.000216105,64989262193.44513,6213914.682539683,0,0.5,0.8,0.36000000000000004,8
RTX,2014,8.42,1.4675,17.975,6.555,1.6800000000000002,0.000109719,72555144541.99553,6067903.015873016,0.1,0.30000000000000004,0.6,0.28,9
CVS,2014,15.13,1.815,12.36,6.595,0.9225,7.940732520011173e-05,72958586249.68268,4659891.27,0,1,0,0.4,7
LLY,2014,19.0025,3.365,17.655,8.8825,1.04,0.000159575,44919979109.75901,4628769.841269841,0,0.2,0.8,0.24000000000000005,10
UNH,2014,13.3575,2.195,17.1175,6.6125,1.62,7.685461402275859e-05,63711586527.61154,4211315.476190476,0,0.2,0,0.08,16
UNP,2014,15.572500000000002,3.465,22.765,9.515,1.4275,9.441462044768662e-05,47020223398.48836,3739396.031746032,0,1,0.19999999999999996,0.44,5
PFE,2015,15.125,1.89,11.9075,5.035,1.4775,0.000201224,118423997867.30876,30341045.46031746,0,0.4,0,0.16000000000000003,12
INTC,2015,10.505,2.0275,20.435,12.5525,0.6475,0.000151132,1.09782E+11,30292641.26984127,0.19999999999999996,0.6,0,0.31999999999999995,10
CMCSA,2015,13.93,2.145,15.885000000000002,5.26,2.05,8.410119691397083e-05,86091597016.00328,28060342.85714286,0.2,1,0.6,0.6000000000000001,2
WMT,2015,12.2875,2.3375,19.01,7.7575,1.445,0.000131451,158887237718.8072,27127936.904761903,0.3,0.2,0.8,0.36000000000000004,7
CSCO,2015,11.81,1.77,15.5975,8.4925,0.8475,0.000164806,80565314647.12961,27094164.682539683,0,0.7,0,0.27999999999999997,11
ORCL,2015,15.8,3.1425,20.5,9.67,1.2275,6.459710790229354e-05,98091495311.58556,14885947.61904762,0.2,0.2,0,0.16000000000000003,12
XOM,2015,10.3025,1.2175,12.2075,6.3475,0.93,0.000209686,228069037372.5529,14089219.444444444,0.4,0.2,0.6,0.36000000000000004,7
QCOM,2015,12.6,2.0775,16.072499999999998,11.87,0.5275,0.000163514,50660526331.64007,13022695.23809524,0.7,0.2,0,0.36,8
TSM,2015,9.19,2.5125,27.51,19.24,0.4075,0.000166616,89844642604.47871,12244503.174603175,0.6,0.9,0.4,0.6800000000000002,1
MRK,2015,13.8775,2.315,19.185,8.8475,1.2375,0.000177879,98971595578.21516,11694978.825396825,0.39999999999999997,1,0,0.56,3
MDLZ,2015,15.5025,1.9725,18.69,7.705,1.425,7.732171015353163e-05,42417733398.81506,9556009.126984129,0.1,1,0.4,0.52,4
IBN,2015,13.7125,0,44.8625,4.7325,2.1175,6.840697486196395e-05,29942047456.506508,8998479.285714285,0.3,0.6,0.6,0.48,6
PG,2015,21.1325,2.5375,12.3025,5.945,1.06,0.000170665,140124125724.4616,8828651.984126983,0,0.2,0.4,0.16000000000000003,12
DIS,2015,19.9725,3.285,17.22,9.7525,0.7825,5.208335779622691e-05,178341364877.75113,8341311.111111111,0,1,0.4,0.48000000000000004,5
RTX,2015,7.0925,1.465,20.43,7.1425,1.9625,0.000119868,70891814110.99553,7196744.357142857,0.5,0.7,0.4,0.56,3
ABT,2015,12.8,2.5225,19.915,10.42,0.9425,0.00010206,66480305400.30915,5828200.396825396,0.2,0.9,0.4,0.52,4
UNP,2015,12.885,3.0700000000000003,24.0225,9.525,1.5875,0.000112426,47059699455.56641,5323855.158730159,0.3,1,0,0.52,4
EMR,2015,10.365,3.0825,28.49,11.1175,1.7075,0.000183541,22878687376.14949,4930177.777777778,0.5,1,0,0.6000000000000001,2
CVS,2015,17.377499999999998,2.2475,13.22,6.3925,1.245,7.238384124013582e-05,95888136777.53424,4849062.698412699,0,0.8,0,0.32000000000000006,9
UNH,2015,16.495,2.94,18.3625,6.515,2.0375,7.453105568966637e-05,90400895935,4220439.682539683,0,0.4,0,0.16000000000000003,12
AAPL,2016,11.65,4.112500000000001,37.165,15.6675,1.4425,9.557860202395392e-05,3.55101E+11,153690123.80952382,0.6,0.4,0,0.4,7
PFE,2016,17.33,2.0475,10.9725,4.1775,1.74,0.00022085,119454177955.91393,32815414.55952381,0,0.2,0,0.08,16
WMT,2016,12.7475,2.27,17.9625,7.265,1.505,0.000134006,157093199022.00668,28116755.95238095,0.4,0.2,0.6,0.36000000000000004,9
CSCO,2016,10.285,1.7075,17.13,9.1,0.9125,0.000181986,86126600745.06487,24814713.492063493,0.3,0.8,0,0.44000000000000006,5
INTC,2016,13.045,2.1075,17.3325,10.0875,0.75,0.000161515,117471723055.58974,22869875.4,0,0.2,0,0.08,16
CMCSA,2016,15.565,2.2875,15.3575,4.9275,2.16,0.000104725,93978892122,20417714.285714287,0,0.7,0.19999999999999996,0.31999999999999995,12
ORCL,2016,16.6475,2.975,18.8025,8.0175,1.4300000000000002,7.052844598154092e-05,95806206126.00745,13721410.317460315,0.2,0.2,0,0.16000000000000003,14
IBN,2016,14.8125,0,36.655,3.8875,2.1075,8.707131144696032e-05,22551432874.54169,12098924.007936507,0.3,0.30000000000000004,0.6,0.36,10
PG,2016,17.175,3.05,18.66,8.7475,1.1725,0.000165739,152951616530.9518,12013682.53968254,0.1,1,0,0.44,6
MRK,2016,22.74,2.7225,10.84,4.83,1.27,0.00016593,103990322265.70271,10672921.424603175,0,0.4,0,0.16000000000000003,14
QCOM,2016,13.605,2.22,16.814999999999998,10.155,0.67,0.000179966,48144496253.27302,10198505.555555556,0.3,0.30000000000000004,0,0.24000000000000002,13
DIS,2016,16.54,3.1825,19.0625,10.1775,0.915,6.24161258853228e-05,163270288261.76096,8126767.063492063,0.39999999999999997,1,0,0.56,3
TSM,2016,12.3075,2.945,24.58,17.6625,0.3974999999999999,0.000184187,109924825991.19496,7093236.904761905,0,0.7,0.6,0.39999999999999997,8
RTX,2016,6.8025,1.4449999999999998,22.2175,7.522500000000001,1.9725,0.000128264,68799815104.75397,6907902.646825396,0.7,1,0.4,0.76,1
CVS,2016,15.0375,2.07,14.0625,5.5600000000000005,1.6075,9.399680633148255e-05,89145954180,5832835.714285715,0.3,0.6,0,0.36,10
NVO,2016,18.325,2.805,86.5175,41.6475,1.1375,0.000129548,68030851209.23268,4963715.873015873,0.5,1,0,0.6000000000000001,2
UNP,2016,14.765,3.0925,21.235,7.885,1.7575,0.000122378,43037419196,4676495.238095238,0.19999999999999996,0.4,0,0.24000000000000002,13
DHR,2016,13.19,1.555,12.5725,6.395,0.94,0.001463095,37840506725.84625,3969327.337301587,0,0.30000000000000004,0,0.12000000000000002,15
EMR,2016,16.19,3.575,22.3275,8.08,1.6725,0.0001877,23297035818.481445,3912664.285714286,0.1,0.6000000000000001,0.19999999999999996,0.32,11
HON,2016,15.3225,3.8175,26.3525,9.7825,1.745,0.000105019,56372394760.46181,3507332.1507936507,0.2,0.9,0.4,0.52,4
AAPL,2017,15.71,5.422499999999999,36.0375,13.9825,1.7025,6.856453526835682e-05,520717700075.6076,108538270.91633466,0,0.4,0,0.16000000000000003,14
WMT,2017,16.2725,2.5775,16.255000000000003,6.3825,1.5725,0.000115952,183493319944.4405,26710743.824701197,0,0.2,0.19999999999999996,0.12000000000000001,16
INTC,2017,13.5725,2.1825,17.7275,10.1,0.7725,0.000133463,137232094304.55904,23903249.40239044,0,0.4,0,0.16000000000000003,14
PFE,2017,14.3075,2.23,19.06,6.835,1.74,0.000218812,128837921797.96338,20732164.05179283,0.2,0.7,0.1,0.38,11
CMCSA,2017,13.64,2.515,22.2525,7.0575,2.11,6.009393661785733e-05,115891752164.34756,20357491.633466136,0.4,1,0.4,0.6400000000000001,2
CSCO,2017,13.105,1.9475,15.2075,7.775,0.965,0.000179973,102614771274.0955,20208953.78486056,0,0.30000000000000004,0,0.12000000000000002,15
ORCL,2017,18.5375,3.145,18.445,7.4575,1.4475,7.179793145505515e-05,115427417656.17906,13626900.398406375,0.1,0.2,0,0.12000000000000001,16
AMAT,2017,15.45,5.01,36.3625,17.505,1.1175,3.926799405043181e-05,32631430151.20973,10091291.633466136,0.4,1,0,0.56,4
GILD,2017,8.3225,3.1575,50.5075,17.6575,1.84,0.000155575,66464012219.65208,9125664.143426295,0.6000000000000001,0.4,0.19999999999999996,0.44000000000000006,9
DIS,2017,16.83,3.375,20.39,10.27,1.04,6.525294333334394e-05,180847380187.82996,7416448.207171314,0.3,1,0,0.52,6
PG,2017,14.6375,3.3425,24.735,11.325,1.215,0.000153025,168569249852.70407,7301870.517928286,0.3,1,0,0.52,6
CVS,2017,11.675,1.7525,15.7075,5.915,1.6575,0.000131941,76064990071.75514,7029502.390438248,0.7,0.7,0,0.5599999999999999,5
NEE,2017,12.735,2.0025,16.595,4.76,2.4425,0.000132613,59545648709.33743,6756489.243027888,0.3,1,0.8,0.68,1
NTES,2017,18.8975,1.3825,30.16,20.47,0.49,5.641386002811776e-05,31689717078.33933,6511482.071713148,0,0.8,0,0.32000000000000006,12
TSM,2017,13.8575,2.5475000000000003,25.0825,18.2675,0.3575,0.000153979,151669116748.4103,5732108.765,0.3,0.8,0.8,0.6000000000000001,3
MDT,2017,21.3525,1.7575,8.4925,4.3475,0.9375,0.000107807,84557422664.57529,4919568.127,0.5,0.4,0.6,0.48000000000000004,7
RTX,2017,9.98,1.6275,16.855,5.515,2.09,0.000111961,81587953139.83316,4830532.824701196,0,0.2,0,0.08,17
NVO,2017,16.8975,3.7525,86.335,40.307500000000005,1.1275,0.000141022,61919494297.98908,4056114.741035857,0.39999999999999997,0.7,0.19999999999999996,0.4799999999999999,8
UNP,2017,14.785,3.745,29.7475,10.685,1.76,0.000105384,55179081948.400246,3655928.685258964,0.1,1,0,0.44,10
EMR,2017,21.975,3.995,18.9275,8.005,1.29,0.000154457,28157479367.50313,3397143.426294821,0,0.4,0.6,0.28,13
T,2018,3.3375,0.5825,18.8025,6.1075,1.8925,0.000516513,106244354785.75766,48190811.15139442,0.8,1,0.8,0.8800000000000001,1
AVGO,2018,7.8375,2.7225,39.215,20.0925,0.8275,0.000221965,91242509860.84505,41893896.41434263,0.8,1,0.8,0.8800000000000001,1
INTC,2018,14.005,2.6825,21.4825,11.965,0.785,0.000115867,182657790481.8897,29401394.42231076,0,0.9,0,0.36000000000000004,13
CMCSA,2018,7.095,1.8175,30.77,10.8425,1.9025,0.000124318,110069973197.37396,24837356.175298806,0.8,1,0.8,0.8800000000000001,1
PFE,2018,9.4175,2.3275,28.9725,11.8175,1.38,0.000192719,1.537E+11,23837887.581673305,0.4,1,0.6,0.68,5
XOM,2018,11.2325,1.215,11.0125,6.1125,0.7825,0.000223972,245763476899.00815,13635874.103585657,0.6000000000000001,0.6,0.8,0.6400000000000001,6
PG,2018,18.0125,3.2225,18.265,8.0975,1.2575,0.00016874,160462569426.13272,9489360.956,0.19999999999999996,0.6,0,0.31999999999999995,15
MO,2018,6.6925,4.115,65.8475,22.035,2.0425,0.000359433,58814290421.47343,8446931.075697212,0.7,0.4,0.8,0.6000000000000001,8
MDLZ,2018,16.5625,2.005,12.435,5.08,1.465,0.000109221,46247235061.22559,8168722.310756972,0.4,0.6,0,0.4,12
NEE,2018,8.685,1.8375,23.78,8.1525,1.6675,0.00012647,71710328777.77042,8112806.374501992,0.6000000000000001,1,0.8,0.8000000000000002,2
TSM,2018,15.2825,3.3875,23.48,17.875,0.2925,0.000170591,178116141870.7825,8042509.960159362,0,0.4,0.8,0.32000000000000006,14
DIS,2018,13.3775,3.025,24.1075,12.0425,0.9225,6.534358337944767e-05,187243180138.1876,8040158.964143426,0.7,1,0.19999999999999996,0.72,4
RTX,2018,10.79,1.5525,15.015,4.82,2.19,0.000103016,91426033094.43774,7340353.239043824,0.1,0.2,0,0.12000000000000001,16
ABBV,2018,16.845,-11.915,354.345,9.735,-8.105,0.000207702,125772855149.65771,7082670.119521912,0.6000000000000001,0.8,0.8,0.7200000000000001,3
COP,2018,9.0675,1.965,12.9625,5.725,1.2225,8.924861789952232e-05,65315507081.67262,6633652.191,0,0.8,0.6,0.44000000000000006,11
UNP,2018,10.28,4.3525,45.235,17.189999999999998,1.7725,9.78208267533946e-05,72811171263.52986,4420870.517928286,0.4,1,0,0.56,9
SHEL,2018,10.2325,0.985,9.9975,4.9025,1.015,0.0003081,141683127748.51633,3625497.816733068,0.3,1,0.6,0.64,7
UNH,2018,18.115,4.0525,23.77,8.015,1.9575,5.934818257979848e-05,202041751733.33435,3296788.047808765,0.2,1,0.6,0.6000000000000001,8
NVO,2018,16.5175,3.1575,81.44,38.8525,1.1275,0.000106891,71422314679.04909,3070845.418326693,0.6000000000000001,0.4,0.30000000000000004,0.4600000000000001,10
PLD,2018,17.84,1.405,8.445,5.3675,0.5375,0.000144098,49202694091,2951862.151394422,0.3,1,0.8,0.68,5
PFE,2019,12.1175,2.59,22.3025,8.747499999999999,1.6225,0.000191677,162163743990.9424,24023468.55555556,0.3,0.8,0.4,0.52,4
INTC,2019,10.51,2.7175,27.3125,15.515,0.7675000000000001,0.000111875,196175638902.7676,21904659.92063492,0.3,1,0.4,0.6000000000000001,3
CSCO,2019,15.9125,5.1,30.4525,11.885,1.6875,0.000133888,166291106812.61334,20525362.698412698,0.1,1,0,0.44,7
CMCSA,2019,13.6425,2.1125,16.39,5.0825,2.265,6.893893167890569e-05,132720529461.12752,18087283.33333333,0.5,0.5,0,0.4,8
BMY,2019,14.2175,3.415,32.0375,12.025,1.86,0.000173624,81664471359.03494,15997196.42857143,0.8,1,0,0.7200000000000001,1
DIS,2019,17.5625,2.36,14.9875,7.422499999999999,1.1025,4.932615486255201e-05,229297185710.8856,10217799.603174604,0.5,0.2,0,0.28,9
MRK,2019,19.3125,6.445,32.7575,11.0575,2.09,0.000127977,162593649104.98813,10215832.48015873,0.3,1,0,0.52,4
AMAT,2019,13.5675,4.985,40.3525,16.6925,1.31,7.70854714164132e-05,34966798899.15858,8955157.54,0.6000000000000001,0.8,0.19999999999999996,0.6000000000000001,3
TSM,2019,19.9225,4.0225,20.7325,15.76,0.36,0.000205533,199757436702.7773,7595102.380952381,0,0.2,0.4,0.16000000000000003,12
GILD,2019,14.835,2.975,22.5275,7.91,1.7975,0.000189949,64284229856,6611788.492063492,0.5,0.4,0.6,0.48000000000000004,6
COP,2019,7.85,1.6525,22.6225,10.5625,1.085,0.000109062,61787933675.962425,6504154.365079365,0.3,1,0.8,0.68,2
MDLZ,2019,18.42,2.5275,14.0875,5.7675,1.4125,9.30130406426164e-05,57814119227.85815,6399559.920634921,0.2,0.6,0.6,0.44,7
MDT,2019,23.8375,2.1775,9.285,5.205,0.795,9.72318751028002e-05,106870369138.44656,4972468.253968254,0.2,0.9,0.8,0.6000000000000001,3
UNH,2019,16.8525,3.7975,23.9825,8.1775,1.96,7.2469172202121e-05,206041506524.73813,4349676.984126984,0.39999999999999997,1,0.6,0.68,2
NTES,2019,17.3375,0.9975,27.2375,15.13,0.78,0.000146711,29417472229.307796,3564537.698412698,0.5,0.5,0,0.4,8
UNP,2019,17.825,5.8,31.9975,9.95,2.425,9.876222546393916e-05,87233259257,3388730.1587301586,0,0.7,0,0.27999999999999997,10
EMR,2019,16.8875,4.3675,26.265,10.8075,1.465,0.000138329,32735941518.65641,3117118.6507936507,0.2,0.8,0.4,0.4800000000000001,5
PGR,2019,11.8,2.8975,26.805,6.7325,2.93,0.000191499,37900173244,3106684.126984127,0.3,1,0.8,0.68,2
NVO,2019,19.7325,3.655,73.4,32.97,1.2725,0.000106518,77619983838,2839237.301587302,0.3,0.2,0,0.2,11
HON,2019,17.04,5.8425,35.53,11.1075,2.1775,9.124001623037776e-05,92586647719.25656,2693576.587301587,0.2,1,0.19999999999999996,0.52,4
PFE,2020,13.2675,2.2575,18.0075,6.86,1.6175,0.000205236,155646185616.02194,33873149.27272727,0.4,0.5,0.6,0.48000000000000004,9
INTC,2020,9.3375,2.56,28.86,15.5525,0.91,0.000108164,214369930478.7979,31579733.201581027,0.6000000000000001,1,0,0.6400000000000001,4
WMT,2020,19.9375,4.0975,21.365,7.1175,1.9575,7.086205817523785e-05,320957141610.2772,27183709.09090909,0.2,0.9,0.19999999999999996,0.48000000000000004,9
CSCO,2020,14.4025,4.2225,30.535,11.675,1.525,0.000154189,146181358526.47864,25028760.47,0.3,0.9,0.19999999999999996,0.52,7
CMCSA,2020,15.9725,1.975,13.1625,4.175,2.0925,0.000101714,137884108470.47714,21245119.76284585,0.3,0.2,0.6,0.32,15
VZ,2020,9.5125,2.6625,29.2475,6.275,3.595,0.000230016,180529802176.8852,16595267.588932808,0.5,0.4,0.8,0.52,7
MRK,2020,17.695,6.1,36.32,11.34,2.295,0.000143944,164566278335.3637,10760424.51778656,0.5,1,0,0.6000000000000001,5
TSM,2020,22.175,5.77,28.7275,20.2725,0.4475,0.000114103,330826823303.00134,9486466.403162057,0,1,0,0.4,10
CVS,2020,9.16,1.02,11.615,3.355,2.4125,0.000146099,68885965089.00835,8713649.011857707,0.8,0.6,0.4,0.6400000000000001,4
AMAT,2020,16.42,5.3575,35.6375,15.5225,1.255,5.505683207869818e-05,47458403803,8290430.830039525,0.19999999999999996,0.4,0.4,0.32000000000000006,14
PG,2020,30.555,5.815,23.7375,9.4625,1.525,0.000109782,262559230510.5565,8000736.363636363,0.1,0.8,0,0.36000000000000004,12
NEM,2020,12.875,1.6925,14.195,8.0425,0.7375,8.163060797497306e-05,54046285823,7887717.786561265,0.4,1,0.6,0.68,3
MDLZ,2020,20.2625,2.5825,13.165,5.42,1.4575,9.87089389211244e-05,62537277326.940544,6973031.225296442,0.2,0.6,0.19999999999999996,0.36,13
SONY,2020,12.4975,0.3975,16.6375,3.49,3.805,2.8226318494319392e-05,85930507069.93176,6156049.407114624,0.4,0.7,0.6,0.56,6
MDT,2020,26.8825,2.3275,8.86,4.9125,0.835,0.000105807,114030752252.7392,5551250.592885376,0.2,0.8,0.4,0.4800000000000001,8
GSK,2020,8.0325,0.6075,32.9875,7.4425,3.0475000000000003,0.000249041,64591878355.52357,4050865.612648221,0.7,0.7,0.8,0.72,2
UNH,2020,17.14,4.0275,25.2925,8.5425,1.935,6.805033685661862e-05,2.53015E+11,4029517.391304348,0.39999999999999997,1,0.8,0.7200000000000001,1
MMM,2020,12.3625,5.445,47.4625,11.4225,3.03,0.000176417,58638914427,3991224.569169961,0.8,0.5,0.19999999999999996,0.56,6
NTES,2020,22.0375,2.1975,26.630000000000003,15.2575,0.7275,4.916830478875478e-05,46969063631.002205,3529816.6007905137,0.1,0.5,0.4,0.32,15
HON,2020,20.0625,5.7625,30.0425,9.1,2.4425,0.000100857,93962247741.81288,3475055.3359683794,0.3,0.7,0,0.39999999999999997,11
PFE,2021,12.95,2.7675,23.315,9.645,1.3575,0.000188689,195614526586.9279,32992144.444444444,0.2,0.8,0.8,0.56,8
INTC,2021,10.965,2.415,23.5925,12.635,0.8325,0.00010963,223881035680.4449,28743400.4,0.5,0.6,0.19999999999999996,0.48,11
WMT,2021,36.5325,4.32,12.875,4.4925,1.7825,6.612252411867264e-05,356329092328.8011,24977269.04761905,0.1,0.4,0.4,0.28,16
CSCO,2021,18.315,4.7175,26.9375,11.1275,1.3475,0.000130118,186689400138.85495,19287558.73015873,0.19999999999999996,0.6,0.6,0.43999999999999995,12
CMCSA,2021,17.17,2.2925,14.1275,4.8,1.8775,7.991712917655873e-05,179411950476.96133,17367271.42857143,0.1,0.4,0.8,0.36000000000000004,14
MRK,2021,22.9675,5.135,26.87,8.8625,1.8625,0.000159444,167516001531.56607,12899511.706349207,0.4,0.6,0.4,0.48000000000000004,10
ORCL,2021,18.3775,-43.7675,345.46250000000003,10.75,-22.39,6.382106546051902e-05,216129290108.74365,11388565.476190476,0.6000000000000001,1,0.8,0.8000000000000002,1
TSM,2021,28.545,7.800000000000001,29.9,19.5325,0.595,6.765970212131238e-05,573783592003.8269,9534554.762,0,0.9,0,0.36000000000000004,14
MO,2021,19.8325,-11.8125,173.235,7.625,-7.495,0.0003956,57041887825.08214,8098185.714285715,0.5,0.8,0.8,0.68,4
PG,2021,23.4625,6.8,29.71,11.7625,1.585,0.000110181,293821283159.8548,7752911.507936508,0.2,1,0,0.48000000000000004,10
MDLZ,2021,18.9175,2.815,15.3675,6.3175,1.4125,9.4550131963955e-05,70861353342.50888,6950315.079365079,0.2,1,0.7,0.62,6
NEM,2021,22.2425,1.8125,9.1225,5.3,0.745,0.000166217,58128069060.535965,6515194.444444444,0.3,0.8,0.6,0.56,8
ABT,2021,31.3275,5.855,19.6975,9.115,1.13,6.622088667978511e-05,195936587762.9096,5356153.571428572,0.4,1,0.8,0.7200000000000001,3
GSK,2021,10.9575,0.7,21.995,5.8475,2.655,0.000266279,66700249317.84157,4641511.904761905,0.6,0.4,0.8,0.56,8
LOW,2021,19.22,-109.63,6481.84,14.0425,-42.52,6.086126869801016e-05,104372609506.51384,3706879.761904762,0.5,1,0.8,0.7600000000000001,2
BX,2021,13.1725,3.2225,28.955,15.6875,0.8375,0.000167896,65777825288.57639,3528846.4285714286,0.2,1,0.8,0.6400000000000001,5
UNH,2021,23.47,5.095,22.845,7.875,1.905,5.919678143148289e-05,344255070586.1249,2961595.634920635,0,0.4,0.8,0.32000000000000006,15
NTES,2021,31.4575,0.9875,16.1825,9.47,0.6975,3.429553403468584e-05,60953784117.90718,2960273.412698413,0.35,0.4,0.6,0.42000000000000004,13
MMM,2021,13.225,5.3025,43.8,12.53,2.2925,0.000146509,71250714538.98744,2894395.484126984,0.7,0.5,0.6,0.6,7
PGR,2021,12.0825,2.95,27.065,7.33,2.805,0.000276681,53132348796.10889,2753384.9206349207,0.2,0.8,0.6,0.52,9
INTC,2022,8.945,1.325,16.78,9.555,0.725,0.000163365,159188451373.57364,39055493.22709163,0.8,0.2,0.8,0.56,7
XOM,2022,8.7025,1.8125,23.7675,12.105,0.935,0.000170839,353049800540.2974,25323267.729083665,0.3,1,0.4,0.6000000000000001,6
PFE,2022,8.4225,2.6375,34.6875,15.46,1.1525,0.000150387,238692611624.83893,24241780.47808765,0.5,1,0.8,0.7600000000000001,3
WMT,2022,31.6175,4.34,14.0475,5.0725,1.8825,6.458705211885793e-05,353149725675.9706,23904305.976095617,0.2,0.8,0.4,0.4800000000000001,9
CSCO,2022,15.805,4.59,29.02,12.46,1.34,0.000136035,174690242853.65863,21285761.752988048,0.5,0.8,0.8,0.68,4
MU,2022,9.1675,1.5325,17.97,13.4825,0.3425,3.1606018155791434e-05,72868741953.16219,19322923.505976096,0.4,0.6,0.4,0.48000000000000004,10
TSM,2022,14.645,4.6325,34.295,20.2225,0.71,9.084852624740104e-05,446695955646.7518,12932933.864541832,0.6000000000000001,0.9,0,0.6000000000000001,6
BMY,2022,21.8125,4.275,19.1725,6.215,2.11,0.000140193,130158685535.4838,12053788.44621514,0.19999999999999996,0.8,0,0.4,12
MRK,2022,14.355,4.92,37.4575,14.545,1.465,0.000136703,205089896073.99496,10589456.57370518,0.7,1,0.8,0.84,1
GILD,2022,18.51,3.665,20.125,6.4075,2.0575,0.000198281,74359092281.18541,8563735.856573705,0.5,0.6,0.4,0.52,8
COP,2022,7.547499999999999,2.3925,34.265,17.785,0.915,0.000210722,116715090446.65488,7818650.199203188,0.3,1,0.8,0.68,4
MDLZ,2022,23.765,2.875,12.52,5.16,1.5,0.000101764,75849001961.05435,7450058.565737052,0,0.4,0,0.16000000000000003,14
PG,2022,23.0775,6.9525,31.2175,11.9775,1.595,0.000106208,318186676953.64813,7325294.422310756,0.3,1,0,0.52,8
MDT,2022,24.24,2.2175,9.295,5.315,0.74,0.000133956,109083742911.43942,6349707.569721116,0.5,1,0.8,0.7600000000000001,3
ABT,2022,23.545,4.91,21.735,10.495,1.0375,7.020454688546181e-05,183050280582.39703,5518127.888446216,0.6000000000000001,1,0.8,0.8000000000000002,2
SHEL,2022,5.484999999999999,0.925,19.6225,8.405,1.32,0.000121079,139173047042.49225,5084592.4860557765,0.5,1,0.19999999999999996,0.6400000000000001,5
BX,2022,20.205,3.035,16.482499999999998,8.4075,1.1475,0.000202602,68751426850.99106,4844849.800796812,0.19999999999999996,0.8,0.19999999999999996,0.44,11
PLD,2022,23.025,2.0675,9.465,6.125,0.5375000000000001,0.000110749,110876308980.30392,3889099.601593625,0.39999999999999997,1,0.19999999999999996,0.6000000000000001,6
UNH,2022,24.9325,5.8975,24.7725,8.4025,2.015,5.3616401366449424e-05,440782698320.25226,3098387.6494023902,0,0.8,0,0.32000000000000006,13
NVO,2022,32.3225,6.2725,72.58250000000001,25.415,1.99,6.305862597693601e-05,176349188973.83716,2991980.079681275,0,0.2,0,0.08,15
PFE,2023,25.7375,1.7775,16.42,7.8775,1.225,0.000206069,183166424951.03693,28238846.4,0.4,0.30000000000000004,0.6,0.4,12
BABA,2023,16.845,0.3925,8.6375,5.4625,0.5775,5.665999872476962e-05,203176584125.4544,19553051.2,0.8,0.4,0.4,0.56,5
WMT,2023,31.0925,4.8575,16.0775,5.38,2.0025,6.222202458786897e-05,397315017697.7412,18941738.4,0.2,0.8,0,0.4000000000000001,11
CSCO,2023,15.855,4.4125,29.3075,12.7175,1.2775,0.000129305,188942787531.73828,18573332.4,0.5,0.8,0.8,0.68,1
XOM,2023,9.1375,1.9525,23.5525,12.9125,0.7775000000000001,0.000144632,432298036983.3594,17480114.4,0.2,0.9,0.8,0.6000000000000001,4
TSM,2023,16.2225,4.555,29.3525,17.775,0.6174999999999999,7.84952895966259e-05,467953332439.3531,10682594.8,0.6,0.5,0.19999999999999996,0.48,9
BMY,2023,14.7625,3.685,25.1575,8.307500000000001,2.0625,0.000154621,115694342731.37328,10326534,0.19999999999999996,0.8,0.19999999999999996,0.44,10
BP,2023,4.94,1.1225,25.58,7.58,2.2275,0.000199442,85807033067,8530403.2,0.2,1,0.19999999999999996,0.52,7
QCOM,2023,16.2225,6.3275,43.775,17.3275,1.365,0.00011015,123559224373.15564,8114767.6,0.7,0.4,0.8,0.6000000000000001,4
PG,2023,23.6625,7.005,31.3825,12.1125,1.5575,0.000106498,329828066788.05505,6292801.2,0.2,1,0.4,0.56,5
MDLZ,2023,21.19,3.23,15.7875,6.202500000000001,1.52,9.6082740081304e-05,85954149470.49715,6236818.4,0.1,0.9,0,0.4,12
AMAT,2023,16.244999999999997,7.0875,48.99,23.4125,1.01,3.775997209491926e-05,104654705680.01305,5902540.4,0.4,0.8,0.8,0.6400000000000001,2
GILD,2023,16.4675,4.2325,26.58,9.055,1.8625,0.000162276,91442020243,5840155.6,0.3,1,0.6,0.64,3
COP,2023,10.4375,2.5875,26.37,13.7175,0.9275,0.000152833,130832677643.67336,5791421.6,0.1,0.8,0.6,0.48000000000000004,8
ABT,2023,32.292500000000004,4.595,14.7,7.4325,0.935,8.293240200426232e-05,173919189589.53976,5171784,0.5,0.6,0.8,0.6000000000000001,4
SHEL,2023,7.295,0.9975,15.7525,7.065,1.165,0.000171566,166028407576.06754,4936137.28,0.25,0.8,0.6,0.54,6
UPS,2023,15.3225,6.9725,47.3425,12.7225,2.715,0.000172649,114140535365.18576,3419080.4,0.7,0.5,0.8,0.64,3
ADI,2023,24.675,2.37,9.715,7.065,0.375,7.810536690819954e-05,87071693586,3350818.8,0.6,0.7,0.6,0.64,3
UNH,2023,21.0775,4.984999999999999,25.35,8.0575,2.1425,6.183936762441165e-05,437408182440.14575,3272940.4,0.4,0.7,0,0.44,10
DHR,2023,27.99,3.095,11.7725,7.04,0.635,1.8137913600914504e-05,155039633341.1456,3194454.016,0.6,0.6,0.8,0.64,3
TRI,2024,31.74,0,20.465,12.315,0.595,,,,0.6000000000000001,0.8,0.8,0.7200000000000001,3
NTES,2024,14.9725,0.7125,22.317500000000003,15.7075,0.4024999999999999,,,,0.7,0.8,0.8,0.7600000000000001,2
PDD,2024,13.0225,0.7875,45.335,25.76,0.6799999999999999,,,,0.7,1,0.8,0.84,1
BRK-B,2024,11.4075,0.935,14.355,7.755,0.815,,,,0.3,0.8,0.8,0.6000000000000001,6
PBR-A,2024,5.715,1.115,20.5225,7.592499999999999,1.8025,,,,0,0.6,0.19999999999999996,0.27999999999999997,17
PBR,2024,5.9975,1.1575,20.5225,7.592499999999999,1.8025,,,,0,0.6,0.19999999999999996,0.27999999999999997,17
XOM,2024,13.6625,1.8425,14.3575,8.285,0.6975,,,,0.19999999999999996,0.6,0.8,0.48,10
EMR,2024,25.7875,2.39,15.7825,9.3425,0.6675,,,,0.3,0.2,0.8,0.36000000000000004,16
COP,2024,12.77,2.45,20.2575,10.475,0.925,,,,0.19999999999999996,0.6,0.6,0.43999999999999995,13
ASML,2024,44.9275,3.3825,50.625,17.6425,1.705,,,,0.39999999999999997,0.5,0.4,0.44,12
CSCO,2024,17.8725,4.2675,25.01,10.515,1.585,,,,0.39999999999999997,0.2,0,0.24000000000000002,18
NVO,2024,38.7475,4.5425,87.53999999999999,27.9,2.2125,,,,0.3,0.8,0,0.44000000000000006,11
ABT,2024,28.74,4.565,18.9725,10.26,0.8175,,,,0.7,0.7,0.8,0.72,4
NVS,2024,13.62,4.7675,35.6325,15.1025,1.35,,,,0.3,0.9,0,0.48000000000000004,9
LIN,2024,33.715,5.305,15.9125,7.99,1.0225,,,,0.3,1,0,0.52,8
PH,2024,25.835,5.97,24.9525,9.89,1.355,,,,0,1,0.8,0.56,7
ETN,2024,34.885,6.6125,19.225,9.49,1.04,,,,0,1,0.6,0.52,8
MRK,2024,50.2225,6.6275,26.9725,10.2475,1.5925,,,,0.1,0.6,0.6,0.39999999999999997,15
SYK,2024,40.6575,6.7375,17.55,8.3975,1.075,,,,0.2,1,0.8,0.6400000000000001,5
BAM,2024,38.0425,6.815,27.16,19.075,0.4025,,,,0.16666666666666669,0.6666666666666666,0.33333333333333337,0.4,14
PDD,2025,12.515,0,33.27,20.21,0.61,,,,0.8,0.7,0.8,0.7600000000000001,4
NTES,2025,16.785,0,22.83,16.71,0.36,,,,0.6000000000000001,1,0.8,0.8000000000000002,2
NVO,2025,17.485,0,80.91,24.22,2.53,,,,0.8,0.4,0,0.4800000000000001,12
ASML,2025,30.296666666666667,0,52.84,20.205,1.5750000000000002,,,,0.8,0.7,0.6,0.7200000000000001,5
AZN,2025,35.59,0,19.475,7.585,1.545,,,,0.55,1,0.8,0.7800000000000001,3
SAP,2025,50.083333333333336,0,13.985,8.475,0.645,,,,0.5,0.8,0.6,0.64,8
TRI,2025,36.93,0,18.06,11.71,0.5,,,,0.44999999999999996,0.6,0.8,0.5800000000000001,9
COP,2025,12.5,1.905,16.62,8.68,0.91,,,,0.5,0.4,0.8,0.52,11
NEM,2025,11.21,2.02,18.525,10.155,0.74,,,,0.2,1,0.8,0.6400000000000001,7
MU,2025,19.85333333333333,2.2333333333333334,11.565,7.595,0.525,,,,0.3,0.6,0,0.36,13
MRK,2025,12.506666666666666,4.253333333333333,36.47,14.56,1.39,,,,0.8,0.9,0.8,0.8400000000000002,1
ABT,2025,16.856666666666666,4.6066666666666665,30.18,17.41,0.655,,,,0.6000000000000001,1,0.8,0.8000000000000002,2
PGR,2025,20.176666666666662,4.973333333333334,34.845,8.915,2.6950000000000003,,,,0.3,1,0.8,0.68,6
NOC,2025,20.063333333333333,4.99,25.555,7.865,2.22,,,,0.19999999999999996,0.4,0.4,0.32000000000000006,14
CSCO,2025,26.026666666666667,5.403333333333333,20.845,7.74,1.64,,,,0,0.2,0,0.08,16
LIN,2025,33.49,5.52,16.735,8.11,1.125,,,,0.3,1,0,0.52,11
NVS,2025,17.3,5.53,31.565,13.04,1.54,,,,0.1,0.7,0,0.31999999999999995,15
GOOGL,2025,18.976666666666667,5.96,34.43,24.975,0.38,,,,0.6000000000000001,1,0.8,0.8000000000000002,2
ACN,2025,24.28,6.056666666666668,26.155,13.335,0.995,,,,0.8,0.30000000000000004,0.4,0.52,11
QCOM,2025,17.996666666666666,6.07,42.345,20.57,1.01,,,,0.5,0.5,0.8,0.56,10
