Ticker,Date,DebtToEquity
NVDA,2010-01-01,0.345
NVDA,2011-01-01,0.345
NVDA,2012-01-01,0.32
NVDA,2013-01-01,0.3225
NVDA,2014-01-01,0.6325000000000001
NVDA,2015-01-01,0.6275
NVDA,2016-01-01,0.7050000000000001
NVDA,2017-01-01,0.5925
NVDA,2018-01-01,0.4775
NVDA,2019-01-01,0.4275
NVDA,2020-01-01,0.6900000000000001
NVDA,2021-01-01,0.72
NVDA,2022-01-01,0.775
NVDA,2023-01-01,0.775
NVDA,2024-01-01,0.5075000000000001
NVDA,2025-01-01,0.44999999999999996
MSFT,2010-01-01,0.895
MSFT,2011-01-01,0.8325
MSFT,2012-01-01,0.7725
MSFT,2013-01-01,0.7725
MSFT,2014-01-01,0.8725
MSFT,2015-01-01,1.18
MSFT,2016-01-01,1.8499999999999999
MSFT,2017-01-01,2.0324999999999998
MSFT,2018-01-01,2.01
MSFT,2019-01-01,1.695
MSFT,2020-01-01,1.455
MSFT,2021-01-01,1.2475
MSFT,2022-01-01,1.0925
MSFT,2023-01-01,0.9875
MSFT,2024-01-01,0.85
MSFT,2025-01-01,0.775
AAPL,2010-01-01,0.5275
AAPL,2011-01-01,0.535
AAPL,2012-01-01,0.49
AAPL,2013-01-01,0.62
AAPL,2014-01-01,0.9375
AAPL,2015-01-01,1.23
AAPL,2016-01-01,1.4425
AAPL,2017-01-01,1.7025000000000001
AAPL,2018-01-01,2.13
AAPL,2019-01-01,2.5275
AAPL,2020-01-01,3.6975
AAPL,2021-01-01,4.215
AAPL,2022-01-01,5.015000000000001
AAPL,2023-01-01,4.335
AAPL,2024-01-01,4.2700000000000005
AAPL,2025-01-01,3.96
AMZN,2010-01-01,1.3025
AMZN,2011-01-01,1.58
AMZN,2012-01-01,2.1475
AMZN,2013-01-01,2.5975
AMZN,2014-01-01,3.02
AMZN,2015-01-01,3.6075
AMZN,2016-01-01,3.1
AMZN,2017-01-01,3.2350000000000003
AMZN,2018-01-01,2.815
AMZN,2019-01-01,2.61
AMZN,2020-01-01,2.435
AMZN,2021-01-01,2.12
AMZN,2022-01-01,2.1375
AMZN,2023-01-01,1.78
AMZN,2024-01-01,1.3125
AMZN,2025-01-01,1.1
GOOGL,2010-01-01,0.195
GOOGL,2011-01-01,0.2475
GOOGL,2012-01-01,0.3025
GOOGL,2013-01-01,0.275
GOOGL,2014-01-01,0.2625
GOOGL,2015-01-01,0.235
GOOGL,2016-01-01,0.205
GOOGL,2017-01-01,0.22499999999999998
GOOGL,2018-01-01,0.3025
GOOGL,2019-01-01,0.35
GOOGL,2020-01-01,0.3825
GOOGL,2021-01-01,0.42
GOOGL,2022-01-01,0.41
GOOGL,2023-01-01,0.43
GOOGL,2024-01-01,0.3825
GOOGL,2025-01-01,0.38
META,2010-01-01,0.095
META,2011-01-01,0.0725
META,2012-01-01,0.21
META,2013-01-01,0.21250000000000002
META,2014-01-01,0.13
META,2015-01-01,0.12
META,2016-01-01,0.10250000000000001
META,2017-01-01,0.11750000000000001
META,2018-01-01,0.15
META,2019-01-01,0.3075
META,2020-01-01,0.265
META,2021-01-01,0.2625
META,2022-01-01,0.4
META,2023-01-01,0.5075000000000001
META,2024-01-01,0.5075000000000001
META,2025-01-01,0.51
AVGO,2010-01-01,0.46499999999999997
AVGO,2011-01-01,0.215
AVGO,2012-01-01,0.195
AVGO,2013-01-01,0.16749999999999998
AVGO,2014-01-01,1.2175
AVGO,2015-01-01,1.525
AVGO,2016-01-01,1.2125
AVGO,2017-01-01,1.2575
AVGO,2018-01-01,0.8275
AVGO,2019-01-01,2.0675
AVGO,2020-01-01,2.3200000000000003
AVGO,2021-01-01,2.13
AVGO,2022-01-01,2.315
AVGO,2023-01-01,2.1675
AVGO,2024-01-01,1.51
AVGO,2025-01-01,1.37
TSLA,2010-01-01,0.007500000000000007
TSLA,2011-01-01,1.46
TSLA,2012-01-01,-1.6624999999999999
TSLA,2013-01-01,3.3125
TSLA,2014-01-01,4.58
TSLA,2015-01-01,6.41
TSLA,2016-01-01,4.7425
TSLA,2017-01-01,3.7125
TSLA,2018-01-01,4.43
TSLA,2019-01-01,3.8775
TSLA,2020-01-01,2.06
TSLA,2021-01-01,1.1099999999999999
TSLA,2022-01-01,0.8425
TSLA,2023-01-01,0.735
TSLA,2024-01-01,0.68
TSLA,2025-01-01,0.655
TSM,2010-01-01,0.26
TSM,2011-01-01,0.265
TSM,2012-01-01,0.31
TSM,2013-01-01,0.48
TSM,2014-01-01,0.4625
TSM,2015-01-01,0.4075
TSM,2016-01-01,0.39749999999999996
TSM,2017-01-01,0.3575
TSM,2018-01-01,0.2925
TSM,2019-01-01,0.36
TSM,2020-01-01,0.4475
TSM,2021-01-01,0.595
TSM,2022-01-01,0.71
TSM,2023-01-01,0.6174999999999999
TSM,2024-01-01,0.56
TSM,2025-01-01,0.535
BRK.B,2010-01-01,1.34
BRK.B,2011-01-01,1.315
BRK.B,2012-01-01,1.2525
BRK.B,2013-01-01,1.1749999999999998
BRK.B,2014-01-01,1.1475
BRK.B,2015-01-01,1.1624999999999999
BRK.B,2016-01-01,1.2175
BRK.B,2017-01-01,1.1475
BRK.B,2018-01-01,0.98
BRK.B,2019-01-01,0.955
BRK.B,2020-01-01,0.9824999999999999
BRK.B,2021-01-01,0.905
BRK.B,2022-01-01,0.9349999999999999
BRK.B,2023-01-01,0.9125
BRK.B,2024-01-01,0.815
BRK.B,2025-01-01,0.755
WMT,2010-01-01,1.575
WMT,2011-01-01,1.67
WMT,2012-01-01,1.615
WMT,2013-01-01,1.6125
WMT,2014-01-01,1.51
WMT,2015-01-01,1.445
WMT,2016-01-01,1.505
WMT,2017-01-01,1.5725
WMT,2018-01-01,1.6975
WMT,2019-01-01,1.9975
WMT,2020-01-01,1.9575
WMT,2021-01-01,1.7825
WMT,2022-01-01,1.8824999999999998
WMT,2023-01-01,2.0025
WMT,2024-01-01,1.82
WMT,2025-01-01,1.79
JPM,2010-01-01,11.2725
JPM,2011-01-01,11.34
JPM,2012-01-01,10.8475
JPM,2013-01-01,10.64
JPM,2014-01-01,10.1
JPM,2015-01-01,9.1075
JPM,2016-01-01,8.7925
JPM,2017-01-01,8.925
JPM,2018-01-01,9.1425
JPM,2019-01-01,9.407499999999999
JPM,2020-01-01,11.065
JPM,2021-01-01,11.925
JPM,2022-01-01,12.2225
JPM,2023-01-01,11.2075
JPM,2024-01-01,11.025
JPM,2025-01-01,11.58
ORCL,2010-01-01,0.9925
ORCL,2011-01-01,0.7949999999999999
ORCL,2012-01-01,0.7725
ORCL,2013-01-01,0.8775000000000001
ORCL,2014-01-01,0.9850000000000001
ORCL,2015-01-01,1.2275
ORCL,2016-01-01,1.4300000000000002
ORCL,2017-01-01,1.4475
ORCL,2018-01-01,2.235
ORCL,2019-01-01,4.2625
ORCL,2020-01-01,8.8875
ORCL,2021-01-01,-22.389999999999997
ORCL,2022-01-01,-23.5275
ORCL,2023-01-01,23.0775
ORCL,2024-01-01,14.165000000000001
ORCL,2025-01-01,7.6899999999999995
V,2010-01-01,0.335
V,2011-01-01,0.3175
V,2012-01-01,0.38
V,2013-01-01,0.3225
V,2014-01-01,0.3875
V,2015-01-01,0.4875
V,2016-01-01,0.9425
V,2017-01-01,1.0350000000000001
V,2018-01-01,1.0550000000000002
V,2019-01-01,1.065
V,2020-01-01,1.17
V,2021-01-01,1.1975
V,2022-01-01,1.3475
V,2023-01-01,1.295
V,2024-01-01,1.3475
V,2025-01-01,1.5150000000000001
LLY,2010-01-01,1.555
LLY,2011-01-01,1.315
LLY,2012-01-01,1.2175
LLY,2013-01-01,1.0875
LLY,2014-01-01,1.04
LLY,2015-01-01,1.415
LLY,2016-01-01,1.4925
LLY,2017-01-01,2.0749999999999997
LLY,2018-01-01,2.4675
LLY,2019-01-01,12.4625
LLY,2020-01-01,8.872499999999999
LLY,2021-01-01,5.2924999999999995
LLY,2022-01-01,3.915
LLY,2023-01-01,4.16
LLY,2024-01-01,4.2575
LLY,2025-01-01,4.64
MA,2010-01-01,0.7675000000000001
MA,2011-01-01,0.6799999999999999
MA,2012-01-01,0.7725
MA,2013-01-01,0.7875
MA,2014-01-01,1.255
MA,2015-01-01,1.42
MA,2016-01-01,1.93
MA,2017-01-01,2.445
MA,2018-01-01,3.2199999999999998
MA,2019-01-01,3.9
MA,2020-01-01,4.2925
MA,2021-01-01,4.2725
MA,2022-01-01,4.7475000000000005
MA,2023-01-01,5.645
MA,2024-01-01,5.3075
MA,2025-01-01,5.885
NFLX,2010-01-01,2.9375
NFLX,2011-01-01,3.62
NFLX,2012-01-01,4.234999999999999
NFLX,2013-01-01,3.3875
NFLX,2014-01-01,2.935
NFLX,2015-01-01,3.69
NFLX,2016-01-01,3.9025
NFLX,2017-01-01,4.137499999999999
NFLX,2018-01-01,3.9175
NFLX,2019-01-01,3.675
NFLX,2020-01-01,2.86
NFLX,2021-01-01,1.9175
NFLX,2022-01-01,1.4175
NFLX,2023-01-01,1.2775
NFLX,2024-01-01,1.245
NFLX,2025-01-01,1.15
XOM,2010-01-01,1.0075
XOM,2011-01-01,1.025
XOM,2012-01-01,0.99
XOM,2013-01-01,0.9625
XOM,2014-01-01,0.9125000000000001
XOM,2015-01-01,0.93
XOM,2016-01-01,0.92
XOM,2017-01-01,0.84
XOM,2018-01-01,0.7825
XOM,2019-01-01,0.815
XOM,2020-01-01,0.9475
XOM,2021-01-01,1.0025
XOM,2022-01-01,0.935
XOM,2023-01-01,0.7775000000000001
XOM,2024-01-01,0.6975
XOM,2025-01-01,0.67
COST,2010-01-01,1.1925
COST,2011-01-01,1.1625
COST,2012-01-01,1.18
COST,2013-01-01,1.8075
COST,2014-01-01,1.7025
COST,2015-01-01,2.1425
COST,2016-01-01,1.8599999999999999
COST,2017-01-01,2.2625
COST,2018-01-01,2.19
COST,2019-01-01,2.0125
COST,2020-01-01,2.1950000000000003
COST,2021-01-01,2.36
COST,2022-01-01,2.1125
COST,2023-01-01,1.8325
COST,2024-01-01,2.0700000000000003
COST,2025-01-01,1.82
PLTR,2018-01-01,0.0
PLTR,2019-01-01,-1.81
PLTR,2020-01-01,0.1925
PLTR,2021-01-01,0.5025
PLTR,2022-01-01,0.375
PLTR,2023-01-01,0.2925
PLTR,2024-01-01,0.255
PLTR,2025-01-01,0.22
JNJ,2010-01-01,0.765
JNJ,2011-01-01,0.855
JNJ,2012-01-01,0.8875
JNJ,2013-01-01,0.8049999999999999
JNJ,2014-01-01,0.7675
JNJ,2015-01-01,0.8725
JNJ,2016-01-01,0.9375
JNJ,2017-01-01,1.2275
JNJ,2018-01-01,1.48
JNJ,2019-01-01,1.605
JNJ,2020-01-01,1.615
JNJ,2021-01-01,1.5425
JNJ,2022-01-01,1.3775
JNJ,2023-01-01,1.5125
JNJ,2024-01-01,1.5125
JNJ,2025-01-01,1.47
HD,2010-01-01,1.1825
HD,2011-01-01,1.2825000000000002
HD,2012-01-01,1.35
HD,2013-01-01,1.705
HD,2014-01-01,2.665
HD,2015-01-01,3.9450000000000003
HD,2016-01-01,6.065
HD,2017-01-01,11.975
HD,2018-01-01,27.8825
HD,2019-01-01,-36.165
HD,2020-01-01,-36.67250000000001
HD,2021-01-01,40.917500000000004
HD,2022-01-01,71.995
HD,2023-01-01,91.505
HD,2024-01-01,37.89
HD,2025-01-01,12.475000000000001
PG,2010-01-01,1.07
PG,2011-01-01,1.0550000000000002
PG,2012-01-01,1.07
PG,2013-01-01,1.0425
PG,2014-01-01,1.0675000000000001
PG,2015-01-01,1.06
PG,2016-01-01,1.1724999999999999
PG,2017-01-01,1.2149999999999999
PG,2018-01-01,1.2575
PG,2019-01-01,1.3675
PG,2020-01-01,1.525
PG,2021-01-01,1.585
PG,2022-01-01,1.595
PG,2023-01-01,1.5575
PG,2024-01-01,1.4024999999999999
PG,2025-01-01,1.37
ABBV,2010-01-01,0.35
ABBV,2011-01-01,0.16
ABBV,2012-01-01,2.1475
ABBV,2013-01-01,6.8575
ABBV,2014-01-01,7.3975
ABBV,2015-01-01,12.4775
ABBV,2016-01-01,11.0125
ABBV,2017-01-01,11.120000000000001
ABBV,2018-01-01,-8.105
ABBV,2019-01-01,-9.015
ABBV,2020-01-01,3.7849999999999997
ABBV,2021-01-01,9.790000000000001
ABBV,2022-01-01,7.845000000000001
ABBV,2023-01-01,10.2
ABBV,2024-01-01,24.7775
ABBV,2025-01-01,-451.46500000000003
SAP,2010-01-01,0.9075
SAP,2011-01-01,0.9824999999999999
SAP,2012-01-01,0.9025
SAP,2013-01-01,0.8525
SAP,2014-01-01,0.7875
SAP,2015-01-01,0.9025
SAP,2016-01-01,0.78
SAP,2017-01-01,0.7225
SAP,2018-01-01,0.75
SAP,2019-01-01,1.0225
SAP,2020-01-01,1.0275
SAP,2021-01-01,0.81
SAP,2022-01-01,0.735
SAP,2023-01-01,0.625
SAP,2024-01-01,0.665
SAP,2025-01-01,0.645
BAC,2010-01-01,9.0975
BAC,2011-01-01,8.73
BAC,2012-01-01,8.2375
BAC,2013-01-01,8.14
BAC,2014-01-01,7.9875
BAC,2015-01-01,7.4725
BAC,2016-01-01,7.215
BAC,2017-01-01,7.405
BAC,2018-01-01,7.8025
BAC,2019-01-01,7.99
BAC,2020-01-01,9.182500000000001
BAC,2021-01-01,10.2075
BAC,2022-01-01,10.57
BAC,2023-01-01,10.075
BAC,2024-01-01,10.1225
BAC,2025-01-01,10.41
CVX,2010-01-01,0.735
CVX,2011-01-01,0.72
CVX,2012-01-01,0.6875
CVX,2013-01-01,0.69
CVX,2014-01-01,0.695
CVX,2015-01-01,0.7175
CVX,2016-01-01,0.7575000000000001
CVX,2017-01-01,0.7275
CVX,2018-01-01,0.665
CVX,2019-01-01,0.64
CVX,2020-01-01,0.6975
CVX,2021-01-01,0.775
CVX,2022-01-01,0.65
CVX,2023-01-01,0.5974999999999999
CVX,2024-01-01,0.645
CVX,2025-01-01,0.71
KO,2010-01-01,1.0025
KO,2011-01-01,1.385
KO,2012-01-01,1.58
KO,2013-01-01,1.72
KO,2014-01-01,1.855
KO,2015-01-01,2.3575
KO,2016-01-01,2.62
KO,2017-01-01,3.2
KO,2018-01-01,3.36
KO,2019-01-01,3.3025
KO,2020-01-01,3.64
KO,2021-01-01,2.825
KO,2022-01-01,2.6574999999999998
KO,2023-01-01,2.5675
KO,2024-01-01,2.7075
KO,2025-01-01,2.565
GE,2010-01-01,5.21
GE,2011-01-01,4.84
GE,2012-01-01,4.5525
GE,2013-01-01,4.0649999999999995
GE,2014-01-01,3.675
GE,2015-01-01,4.0525
GE,2016-01-01,3.74
GE,2017-01-01,3.5875
GE,2018-01-01,4.5575
GE,2019-01-01,6.279999999999999
GE,2020-01-01,6.1525
GE,2021-01-01,5.154999999999999
GE,2022-01-01,4.215
GE,2023-01-01,4.34
GE,2024-01-01,5.1825
GE,2025-01-01,5.43
AMD,2010-01-01,5.385
AMD,2011-01-01,2.16
AMD,2012-01-01,4.3375
AMD,2013-01-01,8.4825
AMD,2014-01-01,10.185
AMD,2015-01-01,39.1425
AMD,2016-01-01,-0.14749999999999952
AMD,2017-01-01,6.2525
AMD,2018-01-01,3.3475
AMD,2019-01-01,1.4949999999999999
AMD,2020-01-01,0.8200000000000001
AMD,2021-01-01,0.5700000000000001
AMD,2022-01-01,0.225
AMD,2023-01-01,0.23
AMD,2024-01-01,0.20750000000000002
AMD,2025-01-01,0.245
CSCO,2010-01-01,0.8175
CSCO,2011-01-01,0.8200000000000001
CSCO,2012-01-01,0.7825
CSCO,2013-01-01,0.7175
CSCO,2014-01-01,0.8175
CSCO,2015-01-01,0.8475
CSCO,2016-01-01,0.9125
CSCO,2017-01-01,0.965
CSCO,2018-01-01,1.4725
CSCO,2019-01-01,1.6875
CSCO,2020-01-01,1.525
CSCO,2021-01-01,1.3475000000000001
CSCO,2022-01-01,1.34
CSCO,2023-01-01,1.2775
CSCO,2024-01-01,1.585
CSCO,2025-01-01,1.6400000000000001
ASML,2010-01-01,1.2825
ASML,2011-01-01,1.125
ASML,2012-01-01,0.8049999999999999
ASML,2013-01-01,0.6825
ASML,2014-01-01,0.6425000000000001
ASML,2015-01-01,0.59
ASML,2016-01-01,0.675
ASML,2017-01-01,0.7
ASML,2018-01-01,0.7224999999999999
ASML,2019-01-01,0.74
ASML,2020-01-01,0.8975
ASML,2021-01-01,1.4125
ASML,2022-01-01,2.96
ASML,2023-01-01,2.2925
ASML,2024-01-01,1.705
ASML,2025-01-01,1.5750000000000002
TMUS,2010-01-01,2.1875
TMUS,2011-01-01,2.2800000000000002
TMUS,2012-01-01,2.7175000000000002
TMUS,2013-01-01,2.7125
TMUS,2014-01-01,2.625
TMUS,2015-01-01,2.635
TMUS,2016-01-01,2.645
TMUS,2017-01-01,2.3725
TMUS,2018-01-01,1.9849999999999999
TMUS,2019-01-01,2.1075
TMUS,2020-01-01,2.005
TMUS,2021-01-01,2.0075
TMUS,2022-01-01,2.0175
TMUS,2023-01-01,2.1925
TMUS,2024-01-01,2.325
TMUS,2025-01-01,2.495
BABA,2010-01-01,0.57
BABA,2011-01-01,0.33
BABA,2012-01-01,0.37
BABA,2013-01-01,2.3200000000000003
BABA,2014-01-01,1.0733333333333335
BABA,2015-01-01,0.5225
BABA,2016-01-01,0.5575
BABA,2017-01-01,0.6025
BABA,2018-01-01,0.66
BABA,2019-01-01,0.585
BABA,2020-01-01,0.4975
BABA,2021-01-01,0.57
BABA,2022-01-01,0.59
BABA,2023-01-01,0.5775
BABA,2024-01-01,0.6775
BABA,2025-01-01,0.67
PM,2010-01-01,6.6475
PM,2011-01-01,23.1925
PM,2012-01-01,3.8100000000000023
PM,2013-01-01,-7.885
PM,2014-01-01,-5.225
PM,2015-01-01,-3.7675
PM,2016-01-01,-4.3075
PM,2017-01-01,-4.9475
PM,2018-01-01,-4.9475
PM,2019-01-01,-5.2425
PM,2020-01-01,-4.825
PM,2021-01-01,-5.6075
PM,2022-01-01,-7.5
PM,2023-01-01,-8.9125
PM,2024-01-01,-8.71
PM,2025-01-01,-8.065
WFC,2010-01-01,9.0125
WFC,2011-01-01,8.2475
WFC,2012-01-01,7.945
WFC,2013-01-01,7.83
WFC,2014-01-01,7.91
WFC,2015-01-01,8.105
WFC,2016-01-01,8.4475
WFC,2017-01-01,8.4375
WFC,2018-01-01,8.355
WFC,2019-01-01,8.8425
WFC,2020-01-01,9.705
WFC,2021-01-01,9.24
WFC,2022-01-01,9.4975
WFC,2023-01-01,9.3475
WFC,2024-01-01,9.6675
WFC,2025-01-01,9.745000000000001
TM,2010-01-01,1.7475
TM,2011-01-01,1.7075
TM,2012-01-01,1.72
TM,2013-01-01,1.7425
TM,2014-01-01,1.7075
TM,2015-01-01,1.6724999999999999
TM,2016-01-01,1.5750000000000002
TM,2017-01-01,1.6025
TM,2018-01-01,1.5925
TM,2019-01-01,1.57
TM,2020-01-01,1.5725
TM,2021-01-01,1.475
TM,2022-01-01,1.53
TM,2023-01-01,1.54
TM,2024-01-01,1.5633333333333335
IBM,2010-01-01,3.83
IBM,2011-01-01,4.13
IBM,2012-01-01,4.6775
IBM,2013-01-01,4.984999999999999
IBM,2014-01-01,7.1125
IBM,2015-01-01,7.2524999999999995
IBM,2016-01-01,6.1125
IBM,2017-01-01,5.525
IBM,2018-01-01,5.6975
IBM,2019-01-01,7.025
IBM,2020-01-01,6.4575000000000005
IBM,2021-01-01,5.74
IBM,2022-01-01,5.3875
IBM,2023-01-01,4.92
IBM,2024-01-01,4.48
IBM,2025-01-01,4.395
CRM,2010-01-01,1.2275
CRM,2011-01-01,1.415
CRM,2012-01-01,1.375
CRM,2013-01-01,1.6625
CRM,2014-01-01,1.7449999999999999
CRM,2015-01-01,1.4525
CRM,2016-01-01,1.3275000000000001
CRM,2017-01-01,1.135
CRM,2018-01-01,0.9800000000000001
CRM,2019-01-01,0.8574999999999999
CRM,2020-01-01,0.5375
CRM,2021-01-01,0.5625
CRM,2022-01-01,0.585
CRM,2023-01-01,0.62
CRM,2024-01-01,0.61
CRM,2025-01-01,0.655
ABT,2010-01-01,1.635
ABT,2011-01-01,1.4275
ABT,2012-01-01,1.45
ABT,2013-01-01,0.8375
ABT,2014-01-01,0.8175
ABT,2015-01-01,0.9425
ABT,2016-01-01,1.0625
ABT,2017-01-01,1.295
ABT,2018-01-01,1.2425
ABT,2019-01-01,1.1575
ABT,2020-01-01,1.205
ABT,2021-01-01,1.13
ABT,2022-01-01,1.0375
ABT,2023-01-01,0.935
ABT,2024-01-01,0.8175
ABT,2025-01-01,0.655
AZN,2010-01-01,1.4925
AZN,2011-01-01,1.2725
AZN,2012-01-01,1.3125
AZN,2013-01-01,1.3375
AZN,2014-01-01,1.7875
AZN,2015-01-01,2.14
AZN,2016-01-01,3.0125
AZN,2017-01-01,3.0875
AZN,2018-01-01,3.375
AZN,2019-01-01,3.4275
AZN,2020-01-01,3.5125
AZN,2021-01-01,2.6375
AZN,2022-01-01,1.6825
AZN,2023-01-01,1.61
AZN,2024-01-01,1.6225
AZN,2025-01-01,1.545
MS,2010-01-01,12.43
MS,2011-01-01,10.7
MS,2012-01-01,10.2975
MS,2013-01-01,11.1325
MS,2014-01-01,10.3525
MS,2015-01-01,9.7775
MS,2016-01-01,9.4925
MS,2017-01-01,9.6425
MS,2018-01-01,9.745000000000001
MS,2019-01-01,9.775
MS,2020-01-01,9.8525
MS,2021-01-01,9.942499999999999
MS,2022-01-01,10.5475
MS,2023-01-01,10.7175
MS,2024-01-01,10.9375
MS,2025-01-01,11.225000000000001
NVS,2010-01-01,0.7825
NVS,2011-01-01,0.8625
NVS,2012-01-01,0.8300000000000001
NVS,2013-01-01,0.7424999999999999
NVS,2014-01-01,0.7725
NVS,2015-01-01,0.7324999999999999
NVS,2016-01-01,0.795
NVS,2017-01-01,0.88
NVS,2018-01-01,0.8574999999999999
NVS,2019-01-01,1.38
NVS,2020-01-01,1.3399999999999999
NVS,2021-01-01,1.1925
NVS,2022-01-01,0.9775
NVS,2023-01-01,1.345
NVS,2024-01-01,1.35
NVS,2025-01-01,1.54
UNH,2010-01-01,1.4449999999999998
UNH,2011-01-01,1.455
UNH,2012-01-01,1.495
UNH,2013-01-01,1.5725
UNH,2014-01-01,1.62
UNH,2015-01-01,2.0375
UNH,2016-01-01,2.2925
UNH,2017-01-01,1.9825
UNH,2018-01-01,1.9575
UNH,2019-01-01,1.96
UNH,2020-01-01,1.935
UNH,2021-01-01,1.905
UNH,2022-01-01,2.015
UNH,2023-01-01,2.1425
UNH,2024-01-01,2.035
UNH,2025-01-01,2.07
LIN,2010-01-01,1.48
LIN,2011-01-01,1.565
LIN,2012-01-01,1.7850000000000001
LIN,2013-01-01,2.0225
LIN,2014-01-01,2.0075
LIN,2015-01-01,2.7275
LIN,2016-01-01,2.5599999999999996
LIN,2017-01-01,2.165
LIN,2018-01-01,1.66
LIN,2019-01-01,0.65
LIN,2020-01-01,0.79
LIN,2021-01-01,0.805
LIN,2022-01-01,0.9025000000000001
LIN,2023-01-01,0.94
LIN,2024-01-01,1.0225
LIN,2025-01-01,1.125
MCD,2010-01-01,1.1925
MCD,2011-01-01,1.2825
MCD,2012-01-01,1.35
MCD,2013-01-01,1.2850000000000001
MCD,2014-01-01,1.4725
MCD,2015-01-01,2.8625
MCD,2016-01-01,5.6175
MCD,2017-01-01,-13.9775
MCD,2018-01-01,-6.7475000000000005
MCD,2019-01-01,-7.25
MCD,2020-01-01,-6.8575
MCD,2021-01-01,-10.25
MCD,2022-01-01,-9.002500000000001
MCD,2023-01-01,-11.44
MCD,2024-01-01,-12.9
MCD,2025-01-01,-8.655
HSBC,2010-01-01,7.68
HSBC,2011-01-01,15.0125
HSBC,2012-01-01,14.1275
HSBC,2013-01-01,13.41
HSBC,2014-01-01,12.715
HSBC,2015-01-01,8.655
HSBC,2016-01-01,12.0525
HSBC,2017-01-01,11.850000000000001
HSBC,2018-01-01,12.25
HSBC,2019-01-01,12.665
HSBC,2020-01-01,13.74
HSBC,2021-01-01,13.3
HSBC,2022-01-01,14.425
HSBC,2023-01-01,14.525
HSBC,2024-01-01,14.4825
HSBC,2025-01-01,14.75
NVO,2010-01-01,0.67
NVO,2011-01-01,0.71
NVO,2012-01-01,0.8325
NVO,2013-01-01,0.765
NVO,2014-01-01,0.8525
NVO,2015-01-01,1.105
NVO,2016-01-01,1.1375
NVO,2017-01-01,1.1275
NVO,2018-01-01,1.1275
NVO,2019-01-01,1.2725
NVO,2020-01-01,1.3075
NVO,2021-01-01,1.5525
NVO,2022-01-01,1.9899999999999998
NVO,2023-01-01,2.1025
NVO,2024-01-01,2.2125
NVO,2025-01-01,2.53
INTU,2010-01-01,0.9375
INTU,2011-01-01,1.0225
INTU,2012-01-01,0.8475
INTU,2013-01-01,0.7075
INTU,2014-01-01,0.8125
INTU,2015-01-01,1.5725
INTU,2016-01-01,3.6525
INTU,2017-01-01,2.7199999999999998
INTU,2018-01-01,1.5675
INTU,2019-01-01,0.7475
INTU,2020-01-01,0.8575
INTU,2021-01-01,0.5825
INTU,2022-01-01,0.6875
INTU,2023-01-01,0.6625
INTU,2024-01-01,0.7525
INTU,2025-01-01,0.7949999999999999
SHEL,2010-01-01,1.1424999999999998
SHEL,2011-01-01,1.09
SHEL,2012-01-01,0.9924999999999999
SHEL,2013-01-01,0.9624999999999999
SHEL,2014-01-01,1.005
SHEL,2015-01-01,1.0550000000000002
SHEL,2016-01-01,1.1675
SHEL,2017-01-01,1.09
SHEL,2018-01-01,1.0150000000000001
SHEL,2019-01-01,1.08
SHEL,2020-01-01,1.3125
SHEL,2021-01-01,1.3475000000000001
SHEL,2022-01-01,1.32
SHEL,2023-01-01,1.165
SHEL,2024-01-01,1.12
SHEL,2025-01-01,1.15
RTX,2010-01-01,1.7325
RTX,2011-01-01,1.6400000000000001
RTX,2012-01-01,2.1475
RTX,2013-01-01,2.0225
RTX,2014-01-01,1.6800000000000002
RTX,2015-01-01,1.9625
RTX,2016-01-01,1.9725
RTX,2017-01-01,2.09
RTX,2018-01-01,2.19
RTX,2019-01-01,2.23
RTX,2020-01-01,1.5475
RTX,2021-01-01,1.1775
RTX,2022-01-01,1.1775
RTX,2023-01-01,1.3199999999999998
RTX,2024-01-01,1.6225
RTX,2025-01-01,1.6
GS,2010-01-01,10.955
GS,2011-01-01,12.122499999999999
GS,2012-01-01,11.8925
GS,2013-01-01,10.9925
GS,2014-01-01,9.7525
GS,2015-01-01,8.9875
GS,2016-01-01,9.12
GS,2017-01-01,9.67
GS,2018-01-01,10.05
GS,2019-01-01,9.65
GS,2020-01-01,11.205
GS,2021-01-01,12.4625
GS,2022-01-01,12.18
GS,2023-01-01,12.5175
GS,2024-01-01,13.0425
GS,2025-01-01,13.305
BX,2010-01-01,1.3900000000000001
BX,2011-01-01,1.6524999999999999
BX,2012-01-01,1.92
BX,2013-01-01,1.685
BX,2014-01-01,1.2275
BX,2015-01-01,0.915
BX,2016-01-01,0.99
BX,2017-01-01,1.3625
BX,2018-01-01,1.1
BX,2019-01-01,1.1875
BX,2020-01-01,1.0825
BX,2021-01-01,0.8375
BX,2022-01-01,1.1475
BX,2023-01-01,1.39
BX,2024-01-01,1.29
BX,2025-01-01,1.385
AXP,2010-01-01,8.7
AXP,2011-01-01,7.1850000000000005
AXP,2012-01-01,6.82
AXP,2013-01-01,6.9475
AXP,2014-01-01,6.6075
AXP,2015-01-01,6.325
AXP,2016-01-01,6.605
AXP,2017-01-01,7.38
AXP,2018-01-01,7.824999999999999
AXP,2019-01-01,7.6175
AXP,2020-01-01,7.6775
AXP,2021-01-01,6.815
AXP,2022-01-01,7.952500000000001
AXP,2023-01-01,8.18
AXP,2024-01-01,8.1675
AXP,2025-01-01,8.100000000000001
DIS,2010-01-01,0.76
DIS,2011-01-01,0.7975
DIS,2012-01-01,0.8325
DIS,2013-01-01,0.7625
DIS,2014-01-01,0.755
DIS,2015-01-01,0.7825
DIS,2016-01-01,0.915
DIS,2017-01-01,1.04
DIS,2018-01-01,0.9225
DIS,2019-01-01,1.1025
DIS,2020-01-01,1.2575
DIS,2021-01-01,1.2
DIS,2022-01-01,1.085
DIS,2023-01-01,0.97
DIS,2024-01-01,0.8674999999999999
DIS,2025-01-01,0.765
MRK,2010-01-01,0.8525
MRK,2011-01-01,0.8474999999999999
MRK,2012-01-01,0.8525
MRK,2013-01-01,1.0474999999999999
MRK,2014-01-01,1.0825
MRK,2015-01-01,1.2375
MRK,2016-01-01,1.27
MRK,2017-01-01,1.4175
MRK,2018-01-01,1.705
MRK,2019-01-01,2.09
MRK,2020-01-01,2.295
MRK,2021-01-01,1.8625
MRK,2022-01-01,1.465
MRK,2023-01-01,1.6025
MRK,2024-01-01,1.5925
MRK,2025-01-01,1.39
T,2010-01-01,1.4925
T,2011-01-01,1.44
T,2012-01-01,1.6775
T,2013-01-01,2.1125
T,2014-01-01,2.1675
T,2015-01-01,2.4475
T,2016-01-01,2.24
T,2017-01-01,2.3225
T,2018-01-01,1.8925
T,2019-01-01,1.795
T,2020-01-01,1.8275000000000001
T,2021-01-01,2.01
T,2022-01-01,2.2675
T,2023-01-01,2.535
T,2024-01-01,2.36
T,2025-01-01,2.33
PEP,2010-01-01,2.17
PEP,2011-01-01,2.2075
PEP,2012-01-01,2.38
PEP,2013-01-01,2.3325
PEP,2014-01-01,2.5725000000000002
PEP,2015-01-01,3.9225000000000003
PEP,2016-01-01,5.12
PEP,2017-01-01,5.4125
PEP,2018-01-01,5.890000000000001
PEP,2019-01-01,4.34
PEP,2020-01-01,5.7524999999999995
PEP,2021-01-01,5.01
PEP,2022-01-01,4.085
PEP,2023-01-01,4.365
PEP,2024-01-01,4.2225
PEP,2025-01-01,4.585
SHOP,2012-01-01,0.0
SHOP,2013-01-01,0.12
SHOP,2014-01-01,0.1025
SHOP,2015-01-01,0.2825
SHOP,2016-01-01,0.2475
SHOP,2017-01-01,0.1375
SHOP,2018-01-01,0.0875
SHOP,2019-01-01,0.14
SHOP,2020-01-01,0.165
SHOP,2021-01-01,0.1875
SHOP,2022-01-01,0.26
SHOP,2023-01-01,0.27749999999999997
SHOP,2024-01-01,0.22999999999999998
SHOP,2025-01-01,0.21
CAT,2010-01-01,5.2475
CAT,2011-01-01,4.6175
CAT,2012-01-01,4.3149999999999995
CAT,2013-01-01,3.665
CAT,2014-01-01,3.46
CAT,2015-01-01,3.96
CAT,2016-01-01,4.15
CAT,2017-01-01,4.465
CAT,2018-01-01,4.225
CAT,2019-01-01,4.2425
CAT,2020-01-01,4.275
CAT,2021-01-01,3.8874999999999997
CAT,2022-01-01,4.075
CAT,2023-01-01,3.5
CAT,2024-01-01,3.64
CAT,2025-01-01,3.77
UBER,2016-01-01,0.0
UBER,2017-01-01,-2.8
UBER,2018-01-01,-1.0625
UBER,2019-01-01,-0.1875
UBER,2020-01-01,1.705
UBER,2021-01-01,1.5725
UBER,2022-01-01,3.015
UBER,2023-01-01,2.58
UBER,2024-01-01,1.9525000000000001
UBER,2025-01-01,1.355
RY,2010-01-01,15.9425
RY,2011-01-01,16.1675
RY,2012-01-01,17.4675
RY,2013-01-01,16.585
RY,2014-01-01,16.325
RY,2015-01-01,16.745
RY,2016-01-01,15.93
RY,2017-01-01,15.33
RY,2018-01-01,15.8675
RY,2019-01-01,15.985
RY,2020-01-01,17.869999999999997
RY,2021-01-01,16.695
RY,2022-01-01,16.58
RY,2023-01-01,16.45
RY,2024-01-01,15.85
RY,2025-01-01,15.68
NOW,2010-01-01,-0.78
NOW,2011-01-01,3.3875
NOW,2012-01-01,2.2175000000000002
NOW,2013-01-01,1.2375
NOW,2014-01-01,2.1624999999999996
NOW,2015-01-01,2.2675
NOW,2016-01-01,4.4375
NOW,2017-01-01,4.3175
NOW,2018-01-01,2.795
NOW,2019-01-01,2.3725
NOW,2020-01-01,1.8325
NOW,2021-01-01,1.83
NOW,2022-01-01,1.625
NOW,2023-01-01,1.2425
NOW,2024-01-01,1.09
NOW,2025-01-01,1.045
VZ,2010-01-01,1.6275
VZ,2011-01-01,1.5825
VZ,2012-01-01,1.5375
VZ,2013-01-01,1.77
VZ,2014-01-01,13.905000000000001
VZ,2015-01-01,16.740000000000002
VZ,2016-01-01,10.1025
VZ,2017-01-01,7.5024999999999995
VZ,2018-01-01,3.8875
VZ,2019-01-01,3.7975000000000003
VZ,2020-01-01,3.5949999999999998
VZ,2021-01-01,3.58
VZ,2022-01-01,3.2175000000000002
VZ,2023-01-01,2.9699999999999998
VZ,2024-01-01,2.8975
VZ,2025-01-01,2.7
BKNG,2010-01-01,0.68
BKNG,2011-01-01,0.6525
BKNG,2012-01-01,0.8125
BKNG,2013-01-01,0.6375
BKNG,2014-01-01,0.61
BKNG,2015-01-01,0.9675
BKNG,2016-01-01,1.0525
BKNG,2017-01-01,1.0775000000000001
BKNG,2018-01-01,1.45
BKNG,2019-01-01,2.6225
BKNG,2020-01-01,3.7175000000000002
BKNG,2021-01-01,3.4975
BKNG,2022-01-01,5.592499999999999
BKNG,2023-01-01,-17.59
BKNG,2024-01-01,-8.0175
BKNG,2025-01-01,-5.53
GEV,2021-01-01,0.0
GEV,2022-01-01,2.83
GEV,2023-01-01,1.125
GEV,2024-01-01,3.82
GEV,2025-01-01,4.335
HDB,2010-01-01,8.6825
HDB,2011-01-01,9.45
HDB,2012-01-01,9.6375
HDB,2013-01-01,9.195
HDB,2014-01-01,8.85
HDB,2019-01-01,7.05
HDB,2020-01-01,7.545
HDB,2021-01-01,7.34
HDB,2022-01-01,7.51
HDB,2023-01-01,7.6675
HDB,2024-01-01,6.5675
HDB,2025-01-01,5.75
ANET,2011-01-01,0.0
ANET,2012-01-01,10.64
ANET,2013-01-01,0.9225
ANET,2014-01-01,1.0350000000000001
ANET,2015-01-01,0.46749999999999997
ANET,2016-01-01,0.485
ANET,2017-01-01,0.54
ANET,2018-01-01,0.48250000000000004
ANET,2019-01-01,0.39
ANET,2020-01-01,0.4325
ANET,2021-01-01,0.42
ANET,2022-01-01,0.43
ANET,2023-01-01,0.3975
ANET,2024-01-01,0.38
ANET,2025-01-01,0.475
SCHW,2010-01-01,13.2875
SCHW,2011-01-01,13.1575
SCHW,2012-01-01,12.0025
SCHW,2013-01-01,12.8525
SCHW,2014-01-01,12.0275
SCHW,2015-01-01,12.24
SCHW,2016-01-01,12.375
SCHW,2017-01-01,11.9775
SCHW,2018-01-01,12.32
SCHW,2019-01-01,12.1575
SCHW,2020-01-01,11.5725
SCHW,2021-01-01,9.645
SCHW,2022-01-01,13.785
SCHW,2023-01-01,12.28
SCHW,2024-01-01,9.2675
SCHW,2025-01-01,4.175
BLK,2010-01-01,5.7
BLK,2011-01-01,6.0725
BLK,2012-01-01,6.5175
BLK,2013-01-01,6.9375
BLK,2014-01-01,7.4025
BLK,2015-01-01,7.27
BLK,2016-01-01,6.7425
BLK,2017-01-01,6.3725000000000005
BLK,2018-01-01,4.785
BLK,2019-01-01,4.109999999999999
BLK,2020-01-01,3.7975
BLK,2021-01-01,3.61
BLK,2022-01-01,2.3525
BLK,2023-01-01,2.1475
BLK,2024-01-01,2.085
BLK,2025-01-01,0.97
BA,2010-01-01,18.775
BA,2011-01-01,15.63
BA,2012-01-01,12.8275
BA,2013-01-01,9.1625
BA,2014-01-01,6.425
BA,2015-01-01,13.27
BA,2016-01-01,75.1975
BA,2017-01-01,168.52249999999998
BA,2018-01-01,48.125
BA,2019-01-01,109.4225
BA,2020-01-01,-13.995000000000001
BA,2021-01-01,-10.2675
BA,2022-01-01,-9.625
BA,2023-01-01,-9.372499999999999
BA,2024-01-01,-16.4075
BA,2025-01-01,-48.065
TMO,2010-01-01,0.395
TMO,2011-01-01,0.66
TMO,2012-01-01,0.77
TMO,2013-01-01,0.78
TMO,2014-01-01,1.145
TMO,2015-01-01,1.0
TMO,2016-01-01,1.0975
TMO,2017-01-01,1.175
TMO,2018-01-01,1.09
TMO,2019-01-01,0.9824999999999999
TMO,2020-01-01,1.0325
TMO,2021-01-01,0.9875
TMO,2022-01-01,1.1724999999999999
TMO,2023-01-01,1.16
TMO,2024-01-01,1.055
TMO,2025-01-01,1.01
SPGI,2010-01-01,2.17
SPGI,2011-01-01,2.3025
SPGI,2012-01-01,4.115
SPGI,2013-01-01,4.23
SPGI,2014-01-01,5.2125
SPGI,2015-01-01,14.4775
SPGI,2016-01-01,18.865000000000002
SPGI,2017-01-01,9.125
SPGI,2018-01-01,39.76
SPGI,2019-01-01,21.3575
SPGI,2020-01-01,7.1175
SPGI,2021-01-01,8.065
SPGI,2022-01-01,0.66
SPGI,2023-01-01,0.725
SPGI,2024-01-01,0.77
SPGI,2025-01-01,0.795
TXN,2010-01-01,0.265
TXN,2011-01-01,0.65
TXN,2012-01-01,0.7975
TXN,2013-01-01,0.76
TXN,2014-01-01,0.715
TXN,2015-01-01,0.67
TXN,2016-01-01,0.5825
TXN,2017-01-01,0.5725
TXN,2018-01-01,0.7675000000000001
TXN,2019-01-01,1.03
TXN,2020-01-01,1.205
TXN,2021-01-01,0.8875
TXN,2022-01-01,0.805
TXN,2023-01-01,0.9175
TXN,2024-01-01,1.06
TXN,2025-01-01,1.095
ISRG,2010-01-01,0.1625
ISRG,2011-01-01,0.1575
ISRG,2012-01-01,0.135
ISRG,2013-01-01,0.1275
ISRG,2014-01-01,0.1775
ISRG,2015-01-01,0.14500000000000002
ISRG,2016-01-01,0.1175
ISRG,2017-01-01,0.17
ISRG,2018-01-01,0.1675
ISRG,2019-01-01,0.17250000000000001
ISRG,2020-01-01,0.14750000000000002
ISRG,2021-01-01,0.13
ISRG,2022-01-01,0.14500000000000002
ISRG,2023-01-01,0.16
ISRG,2024-01-01,0.13
ISRG,2025-01-01,0.12
C,2010-01-01,11.2225
C,2011-01-01,9.855
C,2012-01-01,9.22
C,2013-01-01,8.41
C,2014-01-01,7.8675
C,2015-01-01,7.165
C,2016-01-01,6.8549999999999995
C,2017-01-01,7.355
C,2018-01-01,8.615
C,2019-01-01,9.065
C,2020-01-01,10.469999999999999
C,2021-01-01,10.4725
C,2022-01-01,10.9825
C,2023-01-01,10.57
C,2024-01-01,10.5125
C,2025-01-01,11.155000000000001
MUFG,2010-01-01,19.2075
MUFG,2011-01-01,17.7825
MUFG,2012-01-01,18.947499999999998
MUFG,2013-01-01,16.23
MUFG,2014-01-01,16.56
MUFG,2015-01-01,15.69
MUFG,2016-01-01,16.44
MUFG,2017-01-01,17.19
MUFG,2018-01-01,16.54
MUFG,2019-01-01,16.71
MUFG,2020-01-01,19.23
MUFG,2021-01-01,18.78
MUFG,2022-01-01,20.94
MUFG,2023-01-01,19.2
MUFG,2024-01-01,18.085
MUFG,2025-01-01,17.87
PDD,2017-01-01,-14.42
PDD,2018-01-01,-7.6425
PDD,2019-01-01,1.435
PDD,2020-01-01,2.1825
PDD,2021-01-01,1.435
PDD,2022-01-01,1.0675
PDD,2023-01-01,0.8975
PDD,2024-01-01,0.6799999999999999
PDD,2025-01-01,0.61
QCOM,2010-01-01,0.4275
QCOM,2011-01-01,0.33999999999999997
QCOM,2012-01-01,0.2875
QCOM,2013-01-01,0.2575
QCOM,2014-01-01,0.2475
QCOM,2015-01-01,0.5275
QCOM,2016-01-01,0.67
QCOM,2017-01-01,1.1675
QCOM,2018-01-01,12.8475
QCOM,2019-01-01,6.275
QCOM,2020-01-01,6.8025
QCOM,2021-01-01,3.42
QCOM,2022-01-01,1.9075
QCOM,2023-01-01,1.365
QCOM,2024-01-01,1.12
QCOM,2025-01-01,1.01
SONY,2010-01-01,2.9875
SONY,2011-01-01,3.545
SONY,2012-01-01,4.5
SONY,2013-01-01,4.3475
SONY,2014-01-01,4.43
SONY,2015-01-01,4.23
SONY,2016-01-01,4.535
SONY,2017-01-01,4.5075
SONY,2018-01-01,4.0175
SONY,2019-01-01,3.7175
SONY,2020-01-01,3.8049999999999997
SONY,2021-01-01,3.205
SONY,2022-01-01,3.435
SONY,2023-01-01,3.5324999999999998
SONY,2024-01-01,3.29
SONY,2025-01-01,3.15
AMGN,2010-01-01,0.8
AMGN,2011-01-01,1.0125
AMGN,2012-01-01,1.7425000000000002
AMGN,2013-01-01,1.7075
AMGN,2014-01-01,1.82
AMGN,2015-01-01,1.5750000000000002
AMGN,2016-01-01,1.5675000000000001
AMGN,2017-01-01,1.6775
AMGN,2018-01-01,3.775
AMGN,2019-01-01,4.7575
AMGN,2020-01-01,5.2975
AMGN,2021-01-01,6.7475000000000005
AMGN,2022-01-01,30.09
AMGN,2023-01-01,13.33
AMGN,2024-01-01,14.39
AMGN,2025-01-01,12.115
BSX,2010-01-01,1.0575
BSX,2011-01-01,0.89
BSX,2012-01-01,1.2875
BSX,2013-01-01,1.565
BSX,2014-01-01,1.54
BSX,2015-01-01,1.71
BSX,2016-01-01,1.7575
BSX,2017-01-01,1.565
BSX,2018-01-01,1.5325
BSX,2019-01-01,1.53
BSX,2020-01-01,1.035
BSX,2021-01-01,0.9524999999999999
BSX,2022-01-01,0.865
BSX,2023-01-01,0.8049999999999999
BSX,2024-01-01,0.8075
BSX,2025-01-01,0.395
ACN,2010-01-01,2.6775
ACN,2011-01-01,2.56
ACN,2012-01-01,2.3625
ACN,2013-01-01,1.9375
ACN,2014-01-01,1.845
ACN,2015-01-01,1.705
ACN,2016-01-01,1.505
ACN,2017-01-01,1.3425
ACN,2018-01-01,1.21
ACN,2019-01-01,1.0325
ACN,2020-01-01,1.1075
ACN,2021-01-01,1.12
ACN,2022-01-01,1.065
ACN,2023-01-01,0.9225
ACN,2024-01-01,0.91
ACN,2025-01-01,0.995
UL,2010-01-01,1.9649999999999999
UL,2011-01-01,1.98
UL,2012-01-01,2.125
UL,2013-01-01,2.38
UL,2014-01-01,2.37
UL,2015-01-01,2.3049999999999997
UL,2016-01-01,2.455
UL,2017-01-01,2.8200000000000003
UL,2018-01-01,3.9899999999999998
UL,2019-01-01,3.745
UL,2020-01-01,2.8449999999999998
UL,2021-01-01,2.715
UL,2022-01-01,2.65
UL,2023-01-01,2.605
UL,2024-01-01,2.505
NEE,2010-01-01,2.7525
NEE,2011-01-01,2.735
NEE,2012-01-01,2.91
NEE,2013-01-01,2.8925
NEE,2014-01-01,2.8075
NEE,2015-01-01,2.575
NEE,2016-01-01,2.56
NEE,2017-01-01,2.4425
NEE,2018-01-01,1.6675
NEE,2019-01-01,1.8625
NEE,2020-01-01,1.9324999999999999
NEE,2021-01-01,2.0275
NEE,2022-01-01,2.335
NEE,2023-01-01,2.1075
NEE,2024-01-01,2.1075
NEE,2025-01-01,2.245
APP,2019-01-01,-5.69
APP,2020-01-01,-3.6475
APP,2021-01-01,-4.19
APP,2022-01-01,2.085
APP,2023-01-01,2.8925
APP,2024-01-01,5.145
APP,2025-01-01,8.92
TJX,2010-01-01,1.5875
TJX,2011-01-01,1.605
TJX,2012-01-01,1.5825
TJX,2013-01-01,1.5975000000000001
TJX,2014-01-01,1.515
TJX,2015-01-01,1.635
TJX,2016-01-01,1.71
TJX,2017-01-01,1.875
TJX,2018-01-01,1.7375
TJX,2019-01-01,2.9775
TJX,2020-01-01,4.1975
TJX,2021-01-01,3.845
TJX,2022-01-01,3.9325
TJX,2023-01-01,3.4375
TJX,2024-01-01,2.9825
TJX,2025-01-01,2.7649999999999997
AMAT,2010-01-01,0.4375
AMAT,2011-01-01,0.5325
AMAT,2012-01-01,0.61
AMAT,2013-01-01,0.6825
AMAT,2014-01-01,0.6775
AMAT,2015-01-01,0.7275
AMAT,2016-01-01,0.97
AMAT,2017-01-01,1.1175
AMAT,2018-01-01,1.5350000000000001
AMAT,2019-01-01,1.31
AMAT,2020-01-01,1.255
AMAT,2021-01-01,1.045
AMAT,2022-01-01,1.1749999999999998
AMAT,2023-01-01,1.01
AMAT,2024-01-01,0.7925
AMAT,2025-01-01,0.78
SYK,2010-01-01,0.4975
SYK,2011-01-01,0.5449999999999999
SYK,2012-01-01,0.54
SYK,2013-01-01,0.6950000000000001
SYK,2014-01-01,0.9325
SYK,2015-01-01,0.94
SYK,2016-01-01,1.1975
SYK,2017-01-01,1.1275
SYK,2018-01-01,1.31
SYK,2019-01-01,1.24
SYK,2020-01-01,1.4575
SYK,2021-01-01,1.415
SYK,2022-01-01,1.2774999999999999
SYK,2023-01-01,1.1549999999999998
SYK,2024-01-01,1.075
SYK,2025-01-01,1.1949999999999998
PGR,2010-01-01,2.395
PGR,2011-01-01,2.605
PGR,2012-01-01,2.6375
PGR,2013-01-01,2.725
PGR,2014-01-01,2.7475
PGR,2015-01-01,2.9524999999999997
PGR,2016-01-01,3.1225
PGR,2017-01-01,3.13
PGR,2018-01-01,3.02
PGR,2019-01-01,2.9299999999999997
PGR,2020-01-01,2.6799999999999997
PGR,2021-01-01,2.805
PGR,2022-01-01,3.7175000000000002
PGR,2023-01-01,3.755
PGR,2024-01-01,3.1275
PGR,2025-01-01,2.6950000000000003
ARM,2022-01-01,0.21
ARM,2023-01-01,0.5349999999999999
ARM,2024-01-01,0.39
ARM,2025-01-01,0.325
ADBE,2010-01-01,0.555
ADBE,2011-01-01,0.5425
ADBE,2012-01-01,0.52
ADBE,2013-01-01,0.5025
ADBE,2014-01-01,0.5650000000000001
ADBE,2015-01-01,0.68
ADBE,2016-01-01,0.695
ADBE,2017-01-01,0.7124999999999999
ADBE,2018-01-01,0.8049999999999999
ADBE,2019-01-01,0.9724999999999999
ADBE,2020-01-01,0.94
ADBE,2021-01-01,0.835
ADBE,2022-01-01,0.89
ADBE,2023-01-01,0.85
ADBE,2024-01-01,1.0175
ADBE,2025-01-01,1.375
DHR,2010-01-01,0.6475
DHR,2011-01-01,0.77
DHR,2012-01-01,0.7
DHR,2013-01-01,0.5975
DHR,2014-01-01,0.5225
DHR,2015-01-01,0.81
DHR,2016-01-01,0.94
DHR,2017-01-01,0.835
DHR,2018-01-01,0.73
DHR,2019-01-01,0.8
DHR,2020-01-01,1.0075
DHR,2021-01-01,0.86
DHR,2022-01-01,0.74
DHR,2023-01-01,0.635
DHR,2024-01-01,0.5675
DHR,2025-01-01,0.56
SPOT,2017-01-01,12.06
SPOT,2018-01-01,5.9775
SPOT,2019-01-01,1.5
SPOT,2020-01-01,1.4275
SPOT,2021-01-01,1.9825
SPOT,2022-01-01,2.2725
SPOT,2023-01-01,2.41
SPOT,2024-01-01,1.3925
SPOT,2025-01-01,1.03
ETN,2010-01-01,1.3625
ETN,2011-01-01,1.275
ETN,2012-01-01,1.3075
ETN,2013-01-01,1.2225000000000001
ETN,2014-01-01,1.0775000000000001
ETN,2015-01-01,1.0825
ETN,2016-01-01,1.0275
ETN,2017-01-01,0.97
ETN,2018-01-01,0.9025000000000001
ETN,2019-01-01,0.99
ETN,2020-01-01,1.1375
ETN,2021-01-01,1.2125
ETN,2022-01-01,1.1075
ETN,2023-01-01,1.0275
ETN,2024-01-01,1.04
ETN,2025-01-01,1.1400000000000001
PFE,2010-01-01,1.1875
PFE,2011-01-01,1.2
PFE,2012-01-01,1.2525
PFE,2013-01-01,1.255
PFE,2014-01-01,1.2425
PFE,2015-01-01,1.4775
PFE,2016-01-01,1.74
PFE,2017-01-01,1.74
PFE,2018-01-01,1.3800000000000001
PFE,2019-01-01,1.6225
PFE,2020-01-01,1.6175
PFE,2021-01-01,1.3575
PFE,2022-01-01,1.1525
PFE,2023-01-01,1.225
PFE,2024-01-01,1.4075
PFE,2025-01-01,1.31
HON,2010-01-01,2.765
HON,2011-01-01,2.385
HON,2012-01-01,2.2625
HON,2013-01-01,1.9175
HON,2014-01-01,1.5
HON,2015-01-01,1.59
HON,2016-01-01,1.745
HON,2017-01-01,1.9075
HON,2018-01-01,2.3275
HON,2019-01-01,2.1775
HON,2020-01-01,2.4425
HON,2021-01-01,2.4699999999999998
HON,2022-01-01,2.41
HON,2023-01-01,2.5225
HON,2024-01-01,2.9575
HON,2025-01-01,3.44
DE,2010-01-01,6.28
DE,2011-01-01,5.525
DE,2012-01-01,6.375
DE,2013-01-01,5.75
DE,2014-01-01,4.95
DE,2015-01-01,6.6425
DE,2016-01-01,7.365
DE,2017-01-01,6.5125
DE,2018-01-01,5.7
DE,2019-01-01,5.165
DE,2020-01-01,5.0825
DE,2021-01-01,4.07
DE,2022-01-01,3.48
DE,2023-01-01,3.4875
DE,2024-01-01,3.6575
DE,2025-01-01,3.485
GILD,2010-01-01,0.71
GILD,2011-01-01,1.1725
GILD,2012-01-01,1.47
GILD,2013-01-01,1.015
GILD,2014-01-01,1.0550000000000002
GILD,2015-01-01,1.5175
GILD,2016-01-01,2.1775
GILD,2017-01-01,1.84
GILD,2018-01-01,1.9849999999999999
GILD,2019-01-01,1.7975
GILD,2020-01-01,2.2525
GILD,2021-01-01,2.3425000000000002
GILD,2022-01-01,2.0575
GILD,2023-01-01,1.8625
GILD,2024-01-01,2.0525
GILD,2025-01-01,1.96
SAN,2010-01-01,15.09
SAN,2011-01-01,14.42
SAN,2012-01-01,14.3825
SAN,2013-01-01,13.6875
SAN,2014-01-01,13.05
SAN,2015-01-01,12.377500000000001
SAN,2016-01-01,12.245000000000001
SAN,2017-01-01,12.23
SAN,2018-01-01,12.6575
SAN,2019-01-01,12.7
SAN,2020-01-01,14.55
SAN,2021-01-01,15.5475
SAN,2022-01-01,16.625
SAN,2023-01-01,16.482499999999998
SAN,2024-01-01,16.173333333333332
SAN,2025-01-01,15.68
TTE,2010-01-01,1.4075
TTE,2011-01-01,1.3725
TTE,2012-01-01,1.34
TTE,2013-01-01,1.3075
TTE,2014-01-01,1.3675
TTE,2015-01-01,1.33
TTE,2016-01-01,1.2575
TTE,2017-01-01,0.84
TTE,2018-01-01,1.135
TTE,2019-01-01,1.2525
TTE,2020-01-01,1.445
TTE,2021-01-01,1.51
TTE,2022-01-01,1.76
TTE,2023-01-01,1.4275
TTE,2024-01-01,1.3575
TTE,2025-01-01,1.44
LOW,2010-01-01,0.83
LOW,2011-01-01,0.9925
LOW,2012-01-01,1.3075
LOW,2013-01-01,1.5575
LOW,2014-01-01,1.9649999999999999
LOW,2015-01-01,2.6475
LOW,2016-01-01,3.9275
LOW,2017-01-01,5.295
LOW,2018-01-01,5.475
LOW,2019-01-01,12.6075
LOW,2020-01-01,16.775
LOW,2021-01-01,-42.52
LOW,2022-01-01,-7.4225
LOW,2023-01-01,-4.005
LOW,2024-01-01,-4.1225
LOW,2025-01-01,-4.225
COF,2010-01-01,6.7625
COF,2011-01-01,5.99
COF,2012-01-01,6.82
COF,2013-01-01,6.1425
COF,2014-01-01,5.8149999999999995
COF,2015-01-01,5.7525
COF,2016-01-01,6.16
COF,2017-01-01,6.2775
COF,2018-01-01,6.2625
COF,2019-01-01,5.73
COF,2020-01-01,6.18
COF,2021-01-01,5.82
COF,2022-01-01,7.335
COF,2023-01-01,7.555
COF,2024-01-01,7.1
COF,2025-01-01,5.855
APH,2010-01-01,0.7925
APH,2011-01-01,0.915
APH,2012-01-01,1.0875
APH,2013-01-01,1.1025
APH,2014-01-01,1.2475
APH,2015-01-01,1.33
APH,2016-01-01,1.2650000000000001
APH,2017-01-01,1.3675000000000002
APH,2018-01-01,1.4325
APH,2019-01-01,1.4675
APH,2020-01-01,1.4025
APH,2021-01-01,1.4224999999999999
APH,2022-01-01,1.26
APH,2023-01-01,1.0150000000000001
APH,2024-01-01,1.055
APH,2025-01-01,1.2149999999999999
UNP,2010-01-01,1.46
UNP,2011-01-01,1.4224999999999999
UNP,2012-01-01,1.4075
UNP,2013-01-01,1.375
UNP,2014-01-01,1.4275
UNP,2015-01-01,1.5875
UNP,2016-01-01,1.7575
UNP,2017-01-01,1.76
UNP,2018-01-01,1.7725
UNP,2019-01-01,2.425
UNP,2020-01-01,2.785
UNP,2021-01-01,3.2775
UNP,2022-01-01,4.3475
UNP,2023-01-01,3.9
UNP,2024-01-01,3.12
UNP,2025-01-01,3.245
BHP,2010-01-01,0.76
BHP,2011-01-01,0.8500000000000001
BHP,2012-01-01,0.9450000000000001
BHP,2013-01-01,0.845
BHP,2014-01-01,0.73
BHP,2015-01-01,0.8500000000000001
BHP,2016-01-01,0.95
BHP,2017-01-01,0.8400000000000001
BHP,2018-01-01,0.85
BHP,2019-01-01,0.95
BHP,2020-01-01,0.98
BHP,2021-01-01,0.9450000000000001
BHP,2022-01-01,0.9199999999999999
BHP,2023-01-01,1.1400000000000001
BHP,2024-01-01,1.0550000000000002
KKR,2010-01-01,0.05500000000000001
KKR,2011-01-01,0.07500000000000001
KKR,2012-01-01,0.09
KKR,2013-01-01,0.1125
KKR,2014-01-01,0.24750000000000003
KKR,2015-01-01,0.38
KKR,2016-01-01,1.3675000000000002
KKR,2017-01-01,1.305
KKR,2018-01-01,1.11
KKR,2019-01-01,1.0075
KKR,2020-01-01,1.06
KKR,2021-01-01,3.5675
KKR,2022-01-01,3.955
KKR,2023-01-01,3.9825
KKR,2024-01-01,5.02
KKR,2025-01-01,2.28
LRCX,2010-01-01,0.41
LRCX,2011-01-01,0.5625
LRCX,2012-01-01,0.5700000000000001
LRCX,2013-01-01,0.605
LRCX,2014-01-01,0.605
LRCX,2015-01-01,0.7475
LRCX,2016-01-01,0.8625
LRCX,2017-01-01,0.7975
LRCX,2018-01-01,0.9425
LRCX,2019-01-01,1.5325
LRCX,2020-01-01,1.8050000000000002
LRCX,2021-01-01,1.6825
LRCX,2022-01-01,1.5825
LRCX,2023-01-01,1.29
LRCX,2024-01-01,1.26
LRCX,2025-01-01,1.13
TD,2010-01-01,13.19
TD,2011-01-01,13.765
TD,2012-01-01,15.785
TD,2013-01-01,15.395
TD,2014-01-01,15.79
TD,2015-01-01,15.7825
TD,2016-01-01,15.355
TD,2017-01-01,15.4975
TD,2018-01-01,15.8275
TD,2019-01-01,15.145
TD,2020-01-01,16.6675
TD,2021-01-01,16.555
TD,2022-01-01,16.740000000000002
TD,2023-01-01,16.009999999999998
TD,2024-01-01,16.5225
TD,2025-01-01,15.98
MU,2010-01-01,0.5225
MU,2011-01-01,0.465
MU,2012-01-01,0.655
MU,2013-01-01,0.84
MU,2014-01-01,0.9275
MU,2015-01-01,0.835
MU,2016-01-01,1.0475
MU,2017-01-01,0.8775
MU,2018-01-01,0.39
MU,2019-01-01,0.3275
MU,2020-01-01,0.3625
MU,2021-01-01,0.33
MU,2022-01-01,0.3425
MU,2023-01-01,0.4525
MU,2024-01-01,0.5175000000000001
MU,2025-01-01,0.525
UBS,2014-01-01,6.18
UBS,2015-01-01,16.6575
UBS,2016-01-01,16.509999999999998
UBS,2017-01-01,16.1125
UBS,2018-01-01,17.195
UBS,2019-01-01,16.745
UBS,2020-01-01,17.54
UBS,2021-01-01,17.419999999999998
UBS,2022-01-01,18.46
UBS,2023-01-01,18.1975
UBS,2024-01-01,17.5275
UBS,2025-01-01,17.12
ADP,2010-01-01,4.452500000000001
ADP,2011-01-01,4.5825
ADP,2012-01-01,4.285
ADP,2013-01-01,4.5525
ADP,2014-01-01,4.859999999999999
ADP,2015-01-01,6.745
ADP,2016-01-01,8.9125
ADP,2017-01-01,9.0975
ADP,2018-01-01,7.8225
ADP,2019-01-01,7.285
ADP,2020-01-01,6.5925
ADP,2021-01-01,9.275
ADP,2022-01-01,17.2425
ADP,2023-01-01,13.5375
ADP,2024-01-01,10.924999999999999
ADP,2025-01-01,8.135
BTI,2010-01-01,1.9949999999999999
BTI,2011-01-01,2.14
BTI,2012-01-01,2.545
BTI,2013-01-01,2.86
BTI,2014-01-01,3.4850000000000003
BTI,2015-01-01,4.425
BTI,2016-01-01,3.73
BTI,2017-01-01,2.635
BTI,2018-01-01,1.255
BTI,2019-01-01,1.23
BTI,2020-01-01,1.1949999999999998
BTI,2021-01-01,1.105
BTI,2022-01-01,1.04
BTI,2023-01-01,1.125
BTI,2024-01-01,1.285
KLAC,2010-01-01,0.7124999999999999
KLAC,2011-01-01,0.61
KLAC,2012-01-01,0.53
KLAC,2013-01-01,0.5175000000000001
KLAC,2014-01-01,2.2
KLAC,2015-01-01,11.355
KLAC,2016-01-01,6.225
KLAC,2017-01-01,3.2775
KLAC,2018-01-01,2.67
KLAC,2019-01-01,2.355
KLAC,2020-01-01,2.49
KLAC,2021-01-01,2.0025
KLAC,2022-01-01,4.865
KLAC,2023-01-01,3.835
KLAC,2024-01-01,3.5025
KLAC,2025-01-01,2.79
BUD,2010-01-01,1.0325000000000002
BUD,2011-01-01,0.435
BUD,2012-01-01,0.84
BUD,2013-01-01,1.67
BUD,2014-01-01,0.81
BUD,2015-01-01,0.9099999999999999
BUD,2016-01-01,1.5550000000000002
BUD,2017-01-01,1.0225
BUD,2018-01-01,1.0975000000000001
BUD,2019-01-01,0.96
BUD,2020-01-01,1.0474999999999999
BUD,2021-01-01,0.8674999999999999
BUD,2022-01-01,0.775
BUD,2023-01-01,0.7025
BUD,2024-01-01,0.6725000000000001
BUD,2025-01-01,0.0
MELI,2010-01-01,0.5575
MELI,2011-01-01,0.58
MELI,2012-01-01,0.6125
MELI,2013-01-01,0.72
MELI,2014-01-01,1.46
MELI,2015-01-01,1.9525
MELI,2016-01-01,2.1425
MELI,2017-01-01,2.8725
MELI,2018-01-01,6.295
MELI,2019-01-01,1.185
MELI,2020-01-01,2.1625
MELI,2021-01-01,-9.3125
MELI,2022-01-01,6.26
MELI,2023-01-01,5.3375
MELI,2024-01-01,4.635
MELI,2025-01-01,4.65
IBN,2010-01-01,5.215
IBN,2011-01-01,5.38
IBN,2012-01-01,1.71
IBN,2013-01-01,2.145
IBN,2014-01-01,2.8433333333333333
IBN,2015-01-01,2.1175
IBN,2016-01-01,2.1075
IBN,2017-01-01,2.0025
IBN,2018-01-01,2.16
IBN,2019-01-01,9.253333333333334
IBN,2020-01-01,8.91
IBN,2021-01-01,8.265
IBN,2022-01-01,8.0675
IBN,2023-01-01,7.8225
IBN,2024-01-01,7.467499999999999
IBN,2025-01-01,6.885
CMCSA,2010-01-01,1.665
CMCSA,2011-01-01,2.315
CMCSA,2012-01-01,2.2925
CMCSA,2013-01-01,2.1525
CMCSA,2014-01-01,2.01
CMCSA,2015-01-01,2.05
CMCSA,2016-01-01,2.16
CMCSA,2017-01-01,2.11
CMCSA,2018-01-01,1.9025
CMCSA,2019-01-01,2.265
CMCSA,2020-01-01,2.0925000000000002
CMCSA,2021-01-01,1.8775
CMCSA,2022-01-01,2.01
CMCSA,2023-01-01,2.1350000000000002
CMCSA,2024-01-01,2.1325
CMCSA,2025-01-01,1.9500000000000002
MDT,2010-01-01,0.905
MDT,2011-01-01,0.9275
MDT,2012-01-01,0.9225
MDT,2013-01-01,0.9175
MDT,2014-01-01,0.955
MDT,2015-01-01,1.1825
MDT,2016-01-01,0.9575
MDT,2017-01-01,0.9375
MDT,2018-01-01,0.8125
MDT,2019-01-01,0.795
MDT,2020-01-01,0.835
MDT,2021-01-01,0.8125
MDT,2022-01-01,0.74
MDT,2023-01-01,0.7725
MDT,2024-01-01,0.8125
MDT,2025-01-01,0.855
COP,2010-01-01,1.305
COP,2011-01-01,1.2975
COP,2012-01-01,1.43
COP,2013-01-01,1.3375
COP,2014-01-01,1.2
COP,2015-01-01,1.3375
COP,2016-01-01,1.5525
COP,2017-01-01,1.4625
COP,2018-01-01,1.2225
COP,2019-01-01,1.085
COP,2020-01-01,1.0550000000000002
COP,2021-01-01,0.9625
COP,2022-01-01,0.915
COP,2023-01-01,0.9275
COP,2024-01-01,0.925
COP,2025-01-01,0.91
DASH,2018-01-01,0.0
DASH,2019-01-01,-2.6
DASH,2020-01-01,0.0875
DASH,2021-01-01,0.365
DASH,2022-01-01,0.41500000000000004
DASH,2023-01-01,0.525
DASH,2024-01-01,0.64
DASH,2025-01-01,0.62
SNPS,2010-01-01,0.5075
SNPS,2011-01-01,0.5449999999999999
SNPS,2012-01-01,0.6025
SNPS,2013-01-01,0.55
SNPS,2014-01-01,0.5325
SNPS,2015-01-01,0.5825
SNPS,2016-01-01,0.6125
SNPS,2017-01-01,0.6275
SNPS,2018-01-01,0.79
SNPS,2019-01-01,0.5975
SNPS,2020-01-01,0.6875
SNPS,2021-01-01,0.645
SNPS,2022-01-01,0.6675
SNPS,2023-01-01,0.68
SNPS,2024-01-01,0.52
SNPS,2025-01-01,0.8999999999999999
SNY,2010-01-01,0.31
SNY,2011-01-01,0.4175
SNY,2012-01-01,0.405
SNY,2013-01-01,0.73
SNY,2014-01-01,0.75
SNY,2015-01-01,0.365
SNY,2016-01-01,0.4075
SNY,2017-01-01,0.3675
SNY,2018-01-01,0.0
SNY,2019-01-01,0.0
SNY,2020-01-01,0.0
SNY,2021-01-01,0.25666666666666665
SNY,2022-01-01,0.35
SNY,2023-01-01,0.355
SNY,2024-01-01,0.3725
SNY,2025-01-01,0.77
MSTR,2010-01-01,1.1425
MSTR,2011-01-01,1.59
MSTR,2012-01-01,1.4575
MSTR,2013-01-01,0.9325
MSTR,2014-01-01,0.84
MSTR,2015-01-01,0.565
MSTR,2016-01-01,0.435
MSTR,2017-01-01,0.4
MSTR,2018-01-01,0.5275000000000001
MSTR,2019-01-01,0.7925
MSTR,2020-01-01,1.075
MSTR,2021-01-01,11.6725
MSTR,2022-01-01,-8.1275
MSTR,2023-01-01,3.29
MSTR,2024-01-01,1.1925
MSTR,2025-01-01,0.36
WELL,2010-01-01,0.89
WELL,2011-01-01,1.02
WELL,2012-01-01,0.86
WELL,2013-01-01,0.9349999999999999
WELL,2014-01-01,0.8875
WELL,2015-01-01,0.8325
WELL,2016-01-01,0.9349999999999999
WELL,2017-01-01,0.8474999999999999
WELL,2018-01-01,0.9099999999999999
WELL,2019-01-01,0.9925
WELL,2020-01-01,0.9325
WELL,2021-01-01,0.9125
WELL,2022-01-01,0.86
WELL,2023-01-01,0.78
WELL,2024-01-01,0.575
WELL,2025-01-01,0.545
PANW,2010-01-01,0.0
PANW,2011-01-01,-1.14
PANW,2012-01-01,0.41500000000000004
PANW,2013-01-01,1.1025
PANW,2014-01-01,1.985
PANW,2015-01-01,2.7625
PANW,2016-01-01,2.6025
PANW,2017-01-01,3.355
PANW,2018-01-01,4.225
PANW,2019-01-01,3.575
PANW,2020-01-01,7.2775
PANW,2021-01-01,12.7425
PANW,2022-01-01,50.0525
PANW,2023-01-01,10.1675
PANW,2024-01-01,2.8825000000000003
PANW,2025-01-01,2.165
ADI,2010-01-01,0.35
ADI,2011-01-01,0.40249999999999997
ADI,2012-01-01,0.3625
ADI,2013-01-01,0.325
ADI,2014-01-01,0.475
ADI,2015-01-01,0.41
ADI,2016-01-01,0.5375000000000001
ADI,2017-01-01,1.2
ADI,2018-01-01,0.92
ADI,2019-01-01,0.85
ADI,2020-01-01,0.8225
ADI,2021-01-01,0.6725
ADI,2022-01-01,0.3725
ADI,2023-01-01,0.375
ADI,2024-01-01,0.375
ADI,2025-01-01,0.36
NKE,2010-01-01,0.4575
NKE,2011-01-01,0.49
NKE,2012-01-01,0.49
NKE,2013-01-01,0.5449999999999999
NKE,2014-01-01,0.6575
NKE,2015-01-01,0.665
NKE,2016-01-01,0.7575
NKE,2017-01-01,0.9299999999999999
NKE,2018-01-01,1.4275
NKE,2019-01-01,1.7200000000000002
NKE,2020-01-01,2.4175
NKE,2021-01-01,1.81
NKE,2022-01-01,1.6125
NKE,2023-01-01,1.645
NKE,2024-01-01,1.6724999999999999
NKE,2025-01-01,1.7349999999999999
ICE,2010-01-01,8.865
ICE,2011-01-01,9.99
ICE,2012-01-01,9.68
ICE,2013-01-01,8.5125
ICE,2014-01-01,4.27
ICE,2015-01-01,4.26
ICE,2016-01-01,4.07
ICE,2017-01-01,3.9050000000000002
ICE,2018-01-01,4.08
ICE,2019-01-01,4.45
ICE,2020-01-01,6.1675
ICE,2021-01-01,6.0625
ICE,2022-01-01,8.1375
ICE,2023-01-01,4.7225
ICE,2024-01-01,4.035
ICE,2025-01-01,4.08
CB,2010-01-01,2.705
CB,2011-01-01,2.68
CB,2012-01-01,2.4699999999999998
CB,2013-01-01,2.3525
CB,2014-01-01,2.255
CB,2015-01-01,2.3899999999999997
CB,2016-01-01,2.365
CB,2017-01-01,2.2725
CB,2018-01-01,2.3025
CB,2019-01-01,2.23
CB,2020-01-01,2.2925
CB,2021-01-01,2.31
CB,2022-01-01,2.845
CB,2023-01-01,2.795
CB,2024-01-01,2.63
CB,2025-01-01,2.535
MO,2010-01-01,6.775
MO,2011-01-01,7.355
MO,2012-01-01,8.625
MO,2013-01-01,8.3125
MO,2014-01-01,7.895
MO,2015-01-01,10.77
MO,2016-01-01,8.2875
MO,2017-01-01,2.4325
MO,2018-01-01,2.0425
MO,2019-01-01,4.24
MO,2020-01-01,10.8125
MO,2021-01-01,-7.495000000000001
MO,2022-01-01,-14.897499999999999
MO,2023-01-01,-11.345
MO,2024-01-01,-12.2175
MO,2025-01-01,-11.215
CRWD,2018-01-01,0.0
CRWD,2019-01-01,2.9574999999999996
CRWD,2020-01-01,1.025
CRWD,2021-01-01,2.3475
CRWD,2022-01-01,2.4
CRWD,2023-01-01,2.075
CRWD,2024-01-01,1.625
CRWD,2025-01-01,1.56
CEG,2019-01-01,0.0
CEG,2020-01-01,2.28
CEG,2021-01-01,0.785
CEG,2022-01-01,3.0875
CEG,2023-01-01,3.1875
CEG,2024-01-01,3.195
CEG,2025-01-01,2.92
SO,2010-01-01,2.255
SO,2011-01-01,2.17
SO,2012-01-01,2.19
SO,2013-01-01,2.2775
SO,2014-01-01,2.24
SO,2015-01-01,2.4475000000000002
SO,2016-01-01,2.8825
SO,2017-01-01,3.205
SO,2018-01-01,3.0825
SO,2019-01-01,2.6775
SO,2020-01-01,2.735
SO,2021-01-01,2.8274999999999997
SO,2022-01-01,2.875
SO,2023-01-01,2.935
SO,2024-01-01,2.93
SO,2025-01-01,2.9850000000000003
BBVA,2010-01-01,15.795
BBVA,2011-01-01,13.8825
BBVA,2012-01-01,13.5725
BBVA,2013-01-01,12.1125
BBVA,2014-01-01,11.955
BBVA,2015-01-01,12.355
BBVA,2016-01-01,12.2725
BBVA,2017-01-01,11.77
BBVA,2018-01-01,12.24
BBVA,2019-01-01,11.705
BBVA,2020-01-01,13.9425
BBVA,2021-01-01,12.415
BBVA,2022-01-01,13.39
BBVA,2023-01-01,13.27
BBVA,2024-01-01,12.5225
BBVA,2025-01-01,12.04
SBUX,2010-01-01,0.7324999999999999
SBUX,2011-01-01,0.645
SBUX,2012-01-01,0.5875
SBUX,2013-01-01,0.9625
SBUX,2014-01-01,1.0350000000000001
SBUX,2015-01-01,1.13
SBUX,2016-01-01,1.4324999999999999
SBUX,2017-01-01,1.7175
SBUX,2018-01-01,4.4075
SBUX,2019-01-01,-4.8825
SBUX,2020-01-01,-4.6475
SBUX,2021-01-01,-5.3425
SBUX,2022-01-01,-4.26
SBUX,2023-01-01,-4.475
SBUX,2024-01-01,-4.9375
SBUX,2025-01-01,-5.265000000000001
RIO,2010-01-01,0.815
RIO,2011-01-01,0.895
RIO,2012-01-01,0.94
RIO,2013-01-01,1.0750000000000002
RIO,2014-01-01,0.965
RIO,2015-01-01,1.04
RIO,2016-01-01,0.95
RIO,2017-01-01,0.865
RIO,2018-01-01,0.835
RIO,2019-01-01,0.95
RIO,2020-01-01,0.9099999999999999
RIO,2021-01-01,0.8
RIO,2022-01-01,0.815
RIO,2023-01-01,0.835
RIO,2024-01-01,0.775
RIO,2025-01-01,0.95
ENB,2010-01-01,2.5475
ENB,2011-01-01,2.5275
ENB,2012-01-01,2.25
ENB,2013-01-01,2.0375
ENB,2014-01-01,2.3
ENB,2015-01-01,2.8175
ENB,2016-01-01,2.9625
ENB,2017-01-01,1.4725
ENB,2018-01-01,1.38
ENB,2019-01-01,1.2875
ENB,2020-01-01,1.395
ENB,2021-01-01,1.5325
ENB,2022-01-01,1.7125
ENB,2023-01-01,1.7125
ENB,2024-01-01,1.9675
ENB,2025-01-01,2.09
CME,2010-01-01,0.76
CME,2011-01-01,0.78
CME,2012-01-01,0.8075
CME,2013-01-01,1.23
CME,2014-01-01,1.83
CME,2015-01-01,2.55
CME,2016-01-01,2.2225
CME,2017-01-01,2.645
CME,2018-01-01,2.0149999999999997
CME,2019-01-01,1.81
CME,2020-01-01,3.7375000000000003
CME,2021-01-01,5.6875
CME,2022-01-01,5.6325
CME,2023-01-01,4.2025
CME,2024-01-01,3.8475
CME,2025-01-01,5.165
LMT,2010-01-01,8.4575
LMT,2011-01-01,16.6775
LMT,2012-01-01,261.27500000000003
LMT,2013-01-01,55.037499999999994
LMT,2014-01-01,7.825
LMT,2015-01-01,12.6625
LMT,2016-01-01,19.61
LMT,2017-01-01,6.335
LMT,2018-01-01,-63.3875
LMT,2019-01-01,14.735
LMT,2020-01-01,10.45
LMT,2021-01-01,5.53
LMT,2022-01-01,3.935
LMT,2023-01-01,5.405
LMT,2024-01-01,7.42
LMT,2025-01-01,8.76
PLD,2010-01-01,0.985
PLD,2011-01-01,0.9550000000000001
PLD,2012-01-01,0.9975
PLD,2013-01-01,0.7424999999999999
PLD,2014-01-01,0.6975
PLD,2015-01-01,0.69
PLD,2016-01-01,0.6799999999999999
PLD,2017-01-01,0.6399999999999999
PLD,2018-01-01,0.5375
PLD,2019-01-01,0.5125
PLD,2020-01-01,0.5175000000000001
PLD,2021-01-01,0.545
PLD,2022-01-01,0.5375000000000001
PLD,2023-01-01,0.58
PLD,2024-01-01,0.63
PLD,2025-01-01,0.6799999999999999
SMFG,2010-01-01,18.9475
SMFG,2011-01-01,18.372500000000002
SMFG,2012-01-01,17.8575
SMFG,2013-01-01,15.805
SMFG,2014-01-01,16.075
SMFG,2015-01-01,15.704999999999998
SMFG,2016-01-01,16.61
SMFG,2017-01-01,16.7
SMFG,2018-01-01,16.08
SMFG,2019-01-01,17.23
SMFG,2020-01-01,19.64
SMFG,2021-01-01,18.98
SMFG,2022-01-01,20.67
SMFG,2023-01-01,20.2
SMFG,2024-01-01,19.175
MMC,2010-01-01,1.4475
MMC,2011-01-01,1.3675000000000002
MMC,2012-01-01,1.415
MMC,2013-01-01,1.2825
MMC,2014-01-01,1.24
MMC,2015-01-01,1.6325
MMC,2016-01-01,1.75
MMC,2017-01-01,1.7825
MMC,2018-01-01,1.7575
MMC,2019-01-01,2.89
MMC,2020-01-01,2.835
MMC,2021-01-01,2.2424999999999997
MMC,2022-01-01,2.3625
MMC,2023-01-01,2.7325
MMC,2024-01-01,2.7775
MMC,2025-01-01,2.835
BN,2010-01-01,1.7
BN,2011-01-01,1.565
BN,2012-01-01,1.4475
BN,2013-01-01,1.4125
BN,2014-01-01,1.43
BN,2015-01-01,1.4575
BN,2016-01-01,1.3975
BN,2017-01-01,1.3925
BN,2018-01-01,1.555
BN,2019-01-01,1.7349999999999999
BN,2020-01-01,1.83
BN,2021-01-01,1.8425
BN,2022-01-01,2.065
BN,2023-01-01,1.98
BN,2024-01-01,1.96
BN,2025-01-01,2.09
HOOD,2019-01-01,-41.64
HOOD,2020-01-01,-49.9075
HOOD,2021-01-01,-4.4875
HOOD,2022-01-01,2.2625
HOOD,2023-01-01,2.64
HOOD,2024-01-01,4.4475
HOOD,2025-01-01,2.46
AMT,2010-01-01,1.6775
AMT,2011-01-01,2.2424999999999997
AMT,2012-01-01,2.6275
AMT,2013-01-01,3.6175
AMT,2014-01-01,4.105
AMT,2015-01-01,2.78
AMT,2016-01-01,3.33
AMT,2017-01-01,3.5774999999999997
AMT,2018-01-01,4.3875
AMT,2019-01-01,5.9125
AMT,2020-01-01,9.1275
AMT,2021-01-01,7.39
AMT,2022-01-01,5.1775
AMT,2023-01-01,4.735
AMT,2024-01-01,5.265000000000001
AMT,2025-01-01,5.165
BAM,2022-01-01,0.0
BAM,2023-01-01,0.46
BAM,2024-01-01,0.4025
BAM,2025-01-01,0.67
DUK,2010-01-01,1.62
DUK,2011-01-01,1.65
DUK,2012-01-01,1.7525
DUK,2013-01-01,1.79
DUK,2014-01-01,1.8625
DUK,2015-01-01,2.0125
DUK,2016-01-01,2.14
DUK,2017-01-01,2.275
DUK,2018-01-01,2.3175
DUK,2019-01-01,2.3375
DUK,2020-01-01,2.3675
DUK,2021-01-01,2.3024999999999998
DUK,2022-01-01,2.3725
DUK,2023-01-01,2.5
DUK,2024-01-01,2.5975
DUK,2025-01-01,2.635
CDNS,2010-01-01,7.5825
CDNS,2011-01-01,4.245
CDNS,2012-01-01,2.355
CDNS,2013-01-01,1.2925
CDNS,2014-01-01,1.2025000000000001
CDNS,2015-01-01,0.8325
CDNS,2016-01-01,1.3675000000000002
CDNS,2017-01-01,1.43
CDNS,2018-01-01,1.01
CDNS,2019-01-01,0.7725
CDNS,2020-01-01,0.71
CDNS,2021-01-01,0.6025
CDNS,2022-01-01,0.74
CDNS,2023-01-01,0.735
CDNS,2024-01-01,0.8075
CDNS,2025-01-01,0.895
VRTX,2010-01-01,1.53
VRTX,2011-01-01,2.395
VRTX,2012-01-01,1.2225
VRTX,2013-01-01,0.94
VRTX,2014-01-01,0.9525
VRTX,2015-01-01,1.2475
VRTX,2016-01-01,1.185
VRTX,2017-01-01,0.755
VRTX,2018-01-01,0.5549999999999999
VRTX,2019-01-01,0.395
VRTX,2020-01-01,0.37
VRTX,2021-01-01,0.3325
VRTX,2022-01-01,0.3025
VRTX,2023-01-01,0.3125
VRTX,2024-01-01,0.36
VRTX,2025-01-01,0.395
TT,2010-01-01,1.685
TT,2011-01-01,1.535
TT,2012-01-01,1.5425
TT,2013-01-01,1.62
TT,2014-01-01,1.705
TT,2015-01-01,1.9925
TT,2016-01-01,1.6925
TT,2017-01-01,1.58
TT,2018-01-01,1.5725
TT,2019-01-01,1.8325
TT,2020-01-01,1.895
TT,2021-01-01,1.8375
TT,2022-01-01,1.9975
TT,2023-01-01,1.8875
TT,2024-01-01,1.785
TT,2025-01-01,1.6749999999999998
WM,2010-01-01,2.295
WM,2011-01-01,2.3899999999999997
WM,2012-01-01,2.4825
WM,2013-01-01,2.4925
WM,2014-01-01,2.7175000000000002
WM,2015-01-01,2.8
WM,2016-01-01,2.915
WM,2017-01-01,2.7675
WM,2018-01-01,2.63
WM,2019-01-01,2.8925
WM,2020-01-01,2.8225
WM,2021-01-01,2.99
WM,2022-01-01,3.2775
WM,2023-01-01,3.625
WM,2024-01-01,3.7350000000000003
WM,2025-01-01,4.055
PH,2010-01-01,1.1275
PH,2011-01-01,1.0025
PH,2012-01-01,1.135
PH,2013-01-01,1.165
PH,2014-01-01,1.035
PH,2015-01-01,1.4275
PH,2016-01-01,1.5474999999999999
PH,2017-01-01,1.975
PH,2018-01-01,1.6325
PH,2019-01-01,2.0125
PH,2020-01-01,2.055
PH,2021-01-01,1.5074999999999998
PH,2022-01-01,2.0300000000000002
PH,2023-01-01,1.8625
PH,2024-01-01,1.355
PH,2025-01-01,1.16
BMY,2010-01-01,1.0025
BMY,2011-01-01,0.985
BMY,2012-01-01,1.305
BMY,2013-01-01,1.545
BMY,2014-01-01,1.1949999999999998
BMY,2015-01-01,1.1275
BMY,2016-01-01,1.1425
BMY,2017-01-01,1.4075
BMY,2018-01-01,1.53
BMY,2019-01-01,1.8599999999999999
BMY,2020-01-01,1.7075
BMY,2021-01-01,2.0
BMY,2022-01-01,2.11
BMY,2023-01-01,2.0625
BMY,2024-01-01,4.657500000000001
BMY,2025-01-01,2.15
MCO,2010-01-01,-7.032500000000001
MCO,2011-01-01,-53.32
MCO,2012-01-01,19.39
MCO,2013-01-01,9.895
MCO,2014-01-01,33.35
MCO,2015-01-01,-30.395000000000003
MCO,2016-01-01,-12.852500000000001
MCO,2017-01-01,-38.315
MCO,2018-01-01,16.23
MCO,2019-01-01,16.98
MCO,2020-01-01,8.32
MCO,2021-01-01,4.355
MCO,2022-01-01,4.6425
MCO,2023-01-01,3.4225
MCO,2024-01-01,2.9675000000000002
MCO,2025-01-01,2.84
DELL,2014-01-01,0.0
DELL,2015-01-01,3.9
DELL,2016-01-01,23.1425
DELL,2017-01-01,5.9025
DELL,2018-01-01,6.72
DELL,2019-01-01,-30.3525
DELL,2020-01-01,29.355
DELL,2021-01-01,12.105
DELL,2022-01-01,-39.435
DELL,2023-01-01,-31.695
DELL,2024-01-01,-34.7375
DELL,2025-01-01,-44.115
CTAS,2010-01-01,0.5974999999999999
CTAS,2011-01-01,0.865
CTAS,2012-01-01,0.9625
CTAS,2013-01-01,0.985
CTAS,2014-01-01,1.035
CTAS,2015-01-01,1.1975
CTAS,2016-01-01,1.1425
CTAS,2017-01-01,1.5825
CTAS,2018-01-01,1.3325
CTAS,2019-01-01,1.4675
CTAS,2020-01-01,1.3325
CTAS,2021-01-01,1.2625
CTAS,2022-01-01,1.49
CTAS,2023-01-01,1.2225
CTAS,2024-01-01,1.17
CTAS,2025-01-01,1.0950000000000002
RELX,2010-01-01,0.01
RELX,2011-01-01,0.01
RELX,2012-01-01,0.005
RELX,2013-01-01,1.665
RELX,2014-01-01,4.15
RELX,2015-01-01,4.4350000000000005
RELX,2016-01-01,4.65
RELX,2017-01-01,4.805
RELX,2018-01-01,5.0
RELX,2019-01-01,5.305
RELX,2020-01-01,5.9350000000000005
RELX,2021-01-01,3.9099999999999997
RELX,2022-01-01,3.21
RELX,2023-01-01,3.425
RELX,2024-01-01,3.4699999999999998
RELX,2025-01-01,5.53
RBLX,2018-01-01,0.0
RBLX,2019-01-01,-7.73
RBLX,2020-01-01,-2.2375
RBLX,2021-01-01,4.88
RBLX,2022-01-01,10.68
RBLX,2023-01-01,47.5775
RBLX,2024-01-01,56.685
RBLX,2025-01-01,24.13
BP,2010-01-01,1.715
BP,2011-01-01,1.675
BP,2012-01-01,1.5475
BP,2013-01-01,1.36
BP,2014-01-01,1.4275
BP,2015-01-01,1.6275
BP,2016-01-01,1.7525
BP,2017-01-01,1.7
BP,2018-01-01,1.7325
BP,2019-01-01,1.865
BP,2020-01-01,2.1275
BP,2021-01-01,2.105
BP,2022-01-01,2.6925
BP,2023-01-01,2.2275
BP,2024-01-01,2.3850000000000002
BP,2025-01-01,2.59
SE,2015-01-01,4.83
SE,2016-01-01,0.0
SE,2017-01-01,-1.33
SE,2018-01-01,20.9175
SE,2019-01-01,1.815
SE,2020-01-01,5.220000000000001
SE,2021-01-01,1.8225000000000002
SE,2022-01-01,2.135
SE,2023-01-01,1.755
SE,2024-01-01,1.75
SE,2025-01-01,1.63
ORLY,2010-01-01,0.6525
ORLY,2011-01-01,0.7975
ORLY,2012-01-01,1.3775
ORLY,2013-01-01,1.9899999999999998
ORLY,2014-01-01,2.14
ORLY,2015-01-01,2.335
ORLY,2016-01-01,3.1225
ORLY,2017-01-01,8.3225
ORLY,2018-01-01,18.1675
ORLY,2019-01-01,45.725
ORLY,2020-01-01,54.57
ORLY,2021-01-01,-476.95
ORLY,2022-01-01,-18.197499999999998
ORLY,2023-01-01,-8.955
ORLY,2024-01-01,-11.075
ORLY,2025-01-01,-13.055
HCA,2010-01-01,-3.445
HCA,2011-01-01,-4.172499999999999
HCA,2012-01-01,-4.7875
HCA,2013-01-01,-4.8500000000000005
HCA,2014-01-01,-5.7175
HCA,2015-01-01,-6.3175
HCA,2016-01-01,-6.485
HCA,2017-01-01,-7.875
HCA,2018-01-01,-11.3
HCA,2019-01-01,-39.755
HCA,2020-01-01,18.21
HCA,2021-01-01,25.8
HCA,2022-01-01,-176.8925
HCA,2023-01-01,136.35
HCA,2024-01-01,66.64500000000001
HCA,2025-01-01,-93.31
SHW,2010-01-01,2.12
SHW,2011-01-01,2.35
SHW,2012-01-01,2.48
SHW,2013-01-01,2.5325
SHW,2014-01-01,3.5725
SHW,2015-01-01,7.3675
SHW,2016-01-01,3.8274999999999997
SHW,2017-01-01,5.27
SHW,2018-01-01,4.3
SHW,2019-01-01,4.4675
SHW,2020-01-01,4.5375
SHW,2021-01-01,6.5125
SHW,2022-01-01,7.87
SHW,2023-01-01,5.4875
SHW,2024-01-01,5.155
SHW,2025-01-01,4.865
INTC,2010-01-01,0.2775
INTC,2011-01-01,0.455
INTC,2012-01-01,0.545
INTC,2013-01-01,0.6074999999999999
INTC,2014-01-01,0.6
INTC,2015-01-01,0.6475
INTC,2016-01-01,0.75
INTC,2017-01-01,0.7725
INTC,2018-01-01,0.785
INTC,2019-01-01,0.7675000000000001
INTC,2020-01-01,0.9099999999999999
INTC,2021-01-01,0.8325
INTC,2022-01-01,0.725
INTC,2023-01-01,0.79
INTC,2024-01-01,0.7925
INTC,2025-01-01,0.815
RCL,2010-01-01,1.4525000000000001
RCL,2011-01-01,1.3824999999999998
RCL,2012-01-01,1.3399999999999999
RCL,2013-01-01,1.335
RCL,2014-01-01,1.305
RCL,2015-01-01,1.5775000000000001
RCL,2016-01-01,1.605
RCL,2017-01-01,1.215
RCL,2018-01-01,1.3399999999999999
RCL,2019-01-01,1.5275
RCL,2020-01-01,2.63
RCL,2021-01-01,3.8525
RCL,2022-01-01,9.115
RCL,2023-01-01,7.6175
RCL,2024-01-01,4.6275
RCL,2025-01-01,3.3600000000000003
NOC,2010-01-01,1.3225
NOC,2011-01-01,1.19
NOC,2012-01-01,1.4575
NOC,2013-01-01,1.7574999999999998
NOC,2014-01-01,1.7725
NOC,2015-01-01,3.0875
NOC,2016-01-01,3.3875
NOC,2017-01-01,3.485
NOC,2018-01-01,3.46
NOC,2019-01-01,3.42
NOC,2020-01-01,3.4325
NOC,2021-01-01,2.6775
NOC,2022-01-01,2.0375
NOC,2023-01-01,1.96
NOC,2024-01-01,2.2975
NOC,2025-01-01,2.22
GD,2010-01-01,1.4
GD,2011-01-01,1.47
GD,2012-01-01,1.6575
GD,2013-01-01,1.8
GD,2014-01-01,1.7075
GD,2015-01-01,2.0075
GD,2016-01-01,2.0
GD,2017-01-01,2.08
GD,2018-01-01,2.66
GD,2019-01-01,2.6875
GD,2020-01-01,2.5975
GD,2021-01-01,2.1774999999999998
GD,2022-01-01,1.85
GD,2023-01-01,1.67
GD,2024-01-01,1.5325
GD,2025-01-01,1.48
NTES,2010-01-01,0.18
NTES,2011-01-01,0.1825
NTES,2012-01-01,0.19
NTES,2013-01-01,0.175
NTES,2014-01-01,0.28250000000000003
NTES,2015-01-01,0.34750000000000003
NTES,2016-01-01,0.425
NTES,2017-01-01,0.49
NTES,2018-01-01,0.7625
NTES,2019-01-01,0.78
NTES,2020-01-01,0.7275
NTES,2021-01-01,0.6975
NTES,2022-01-01,0.5874999999999999
NTES,2023-01-01,0.45999999999999996
NTES,2024-01-01,0.40249999999999997
NTES,2025-01-01,0.36
MCK,2010-01-01,2.9850000000000003
MCK,2011-01-01,3.4225
MCK,2012-01-01,3.475
MCK,2013-01-01,3.69
MCK,2014-01-01,4.2299999999999995
MCK,2015-01-01,5.34
MCK,2016-01-01,5.4525
MCK,2017-01-01,4.44
MCK,2018-01-01,5.3225
MCK,2019-01-01,7.3
MCK,2020-01-01,-48.855000000000004
MCK,2021-01-01,-460.5325
MCK,2022-01-01,-40.54
MCK,2023-01-01,-45.55
MCK,2024-01-01,-37.945
MCK,2025-01-01,-45.36
TRI,2010-01-01,0.805
TRI,2011-01-01,0.8200000000000001
TRI,2012-01-01,0.8674999999999999
TRI,2013-01-01,0.8975
TRI,2014-01-01,1.0125
TRI,2015-01-01,1.17
TRI,2016-01-01,1.27
TRI,2017-01-01,1.0
TRI,2018-01-01,1.0525
TRI,2019-01-01,0.8275
TRI,2020-01-01,0.8049999999999999
TRI,2021-01-01,0.6
TRI,2022-01-01,0.685
TRI,2023-01-01,0.745
TRI,2024-01-01,0.595
TRI,2025-01-01,0.5
BMO,2010-01-01,17.9725
BMO,2011-01-01,16.975
BMO,2012-01-01,17.3225
BMO,2013-01-01,16.747500000000002
BMO,2014-01-01,16.3975
BMO,2015-01-01,16.162499999999998
BMO,2016-01-01,15.875
BMO,2017-01-01,15.205
BMO,2018-01-01,16.0075
BMO,2019-01-01,15.7775
BMO,2020-01-01,16.3325
BMO,2021-01-01,16.115
BMO,2022-01-01,15.245
BMO,2023-01-01,15.337499999999999
BMO,2024-01-01,16.005000000000003
BMO,2025-01-01,15.77
MMM,2010-01-01,0.95
MMM,2011-01-01,0.8724999999999999
MMM,2012-01-01,0.9225
MMM,2013-01-01,0.8525
MMM,2014-01-01,1.0425
MMM,2015-01-01,1.545
MMM,2016-01-01,1.8975
MMM,2017-01-01,2.025
MMM,2018-01-01,2.5875
MMM,2019-01-01,3.0525
MMM,2020-01-01,3.03
MMM,2021-01-01,2.2925
MMM,2022-01-01,2.1925
MMM,2023-01-01,6.5375
MMM,2024-01-01,9.2575
MMM,2025-01-01,7.78
PBR,2010-01-01,0.8999999999999999
PBR,2011-01-01,0.7525
PBR,2012-01-01,0.8925
PBR,2013-01-01,1.1575
PBR,2014-01-01,1.34
PBR,2015-01-01,2.0475000000000003
PBR,2016-01-01,2.115
PBR,2017-01-01,2.06
PBR,2018-01-01,1.975
PBR,2019-01-01,2.12
PBR,2020-01-01,3.0
PBR,2021-01-01,1.7025000000000001
PBR,2022-01-01,1.4825
PBR,2023-01-01,1.6225
PBR,2024-01-01,1.8025
PBR,2025-01-01,1.89
PBR.A,2010-01-01,0.8999999999999999
PBR.A,2011-01-01,0.7525
PBR.A,2012-01-01,0.8925
PBR.A,2013-01-01,1.1575
PBR.A,2014-01-01,1.34
PBR.A,2015-01-01,2.0475000000000003
PBR.A,2016-01-01,2.115
PBR.A,2017-01-01,2.06
PBR.A,2018-01-01,1.975
PBR.A,2019-01-01,2.12
PBR.A,2020-01-01,3.0
PBR.A,2021-01-01,1.7366666666666666
PBR.A,2022-01-01,1.4825
PBR.A,2023-01-01,1.6225
PBR.A,2024-01-01,1.8025
PBR.A,2025-01-01,1.89
MDLZ,2010-01-01,1.7149999999999999
MDLZ,2011-01-01,1.605
MDLZ,2012-01-01,1.5725
MDLZ,2013-01-01,1.275
MDLZ,2014-01-01,1.3
MDLZ,2015-01-01,1.425
MDLZ,2016-01-01,1.33
MDLZ,2017-01-01,1.4224999999999999
MDLZ,2018-01-01,1.4649999999999999
MDLZ,2019-01-01,1.4125
MDLZ,2020-01-01,1.4575
MDLZ,2021-01-01,1.4125
MDLZ,2022-01-01,1.5
MDLZ,2023-01-01,1.52
MDLZ,2024-01-01,1.6225
MDLZ,2025-01-01,1.69
CVS,2010-01-01,0.6925
CVS,2011-01-01,0.7025
CVS,2012-01-01,0.7475
CVS,2013-01-01,0.77
CVS,2014-01-01,0.9225
CVS,2015-01-01,1.245
CVS,2016-01-01,1.6075
CVS,2017-01-01,1.6575
CVS,2018-01-01,2.545
CVS,2019-01-01,2.545
CVS,2020-01-01,2.4125
CVS,2021-01-01,2.1525
CVS,2022-01-01,2.1574999999999998
CVS,2023-01-01,2.35
CVS,2024-01-01,2.3575
CVS,2025-01-01,2.325
TDG,2010-01-01,4.4275
TDG,2011-01-01,4.8075
TDG,2012-01-01,4.945
TDG,2013-01-01,-8.3975
TDG,2014-01-01,-17.055
TDG,2015-01-01,-8.307500000000001
TDG,2016-01-01,-11.895
TDG,2017-01-01,-5.4275
TDG,2018-01-01,-7.0775
TDG,2019-01-01,-9.844999999999999
TDG,2020-01-01,-5.484999999999999
TDG,2021-01-01,-7.3475
TDG,2022-01-01,-6.805
TDG,2023-01-01,-8.7775
TDG,2024-01-01,-6.8375
TDG,2025-01-01,-5.205
COIN,2019-01-01,1.25
COIN,2020-01-01,0.71
COIN,2021-01-01,2.44
COIN,2022-01-01,13.3925
COIN,2023-01-01,17.080000000000002
COIN,2024-01-01,27.22
COIN,2025-01-01,1.08
APO,2010-01-01,0.2825
APO,2011-01-01,1.375
APO,2012-01-01,2.625
APO,2013-01-01,2.3975
APO,2014-01-01,2.64
APO,2015-01-01,2.4
APO,2016-01-01,2.375
APO,2017-01-01,1.5924999999999998
APO,2018-01-01,1.3775
APO,2019-01-01,1.8225
APO,2020-01-01,3.41
APO,2021-01-01,2.335
APO,2022-01-01,49.285
APO,2023-01-01,14.3
APO,2024-01-01,11.1175
APO,2025-01-01,11.3
RACE,2014-01-01,0.87
RACE,2015-01-01,-49.489999999999995
RACE,2016-01-01,27.12
RACE,2017-01-01,5.89
RACE,2018-01-01,3.2275
RACE,2019-01-01,2.7275
RACE,2020-01-01,2.8575
RACE,2021-01-01,2.1575
RACE,2022-01-01,2.1225
RACE,2023-01-01,1.7925
RACE,2024-01-01,1.7175
RACE,2025-01-01,1.77
AON,2010-01-01,3.0175
AON,2011-01-01,2.555
AON,2012-01-01,2.6975
AON,2013-01-01,2.8575
AON,2014-01-01,3.0775
AON,2015-01-01,3.4875
AON,2016-01-01,3.8075
AON,2017-01-01,4.02
AON,2018-01-01,4.81
AON,2019-01-01,6.5125
AON,2020-01-01,7.8925
AON,2021-01-01,13.0875
AON,2022-01-01,-14.2075
AON,2023-01-01,173.8
AON,2024-01-01,-358.97
AON,2025-01-01,5.87
SCCO,2010-01-01,0.875
SCCO,2011-01-01,0.9824999999999999
SCCO,2012-01-01,0.8825
SCCO,2013-01-01,1.04
SCCO,2014-01-01,0.9525
SCCO,2015-01-01,1.2425
SCCO,2016-01-01,1.2975
SCCO,2017-01-01,1.1724999999999999
SCCO,2018-01-01,1.165
SCCO,2019-01-01,1.3425
SCCO,2020-01-01,1.3325
SCCO,2021-01-01,1.2349999999999999
SCCO,2022-01-01,1.1925
SCCO,2023-01-01,1.165
SCCO,2024-01-01,1.0925
SCCO,2025-01-01,1.05
CVNA,2014-01-01,0.0
CVNA,2015-01-01,-49.23
CVNA,2016-01-01,-0.975
CVNA,2017-01-01,0.03499999999999992
CVNA,2018-01-01,2.4875
CVNA,2019-01-01,6.157500000000001
CVNA,2020-01-01,43.6175
CVNA,2021-01-01,7.045
CVNA,2022-01-01,42.875
CVNA,2023-01-01,-17.3275
CVNA,2024-01-01,16.957500000000003
CVNA,2025-01-01,3.715
MFG,2010-01-01,23.98
MFG,2011-01-01,23.5625
MFG,2012-01-01,26.4725
MFG,2013-01-01,23.6125
MFG,2014-01-01,22.915
MFG,2015-01-01,18.915
MFG,2016-01-01,21.38
MFG,2017-01-01,20.45
MFG,2018-01-01,20.57
MFG,2019-01-01,21.83
MFG,2020-01-01,24.28
MFG,2021-01-01,22.97
MFG,2022-01-01,26.91
MFG,2023-01-01,26.83
MFG,2024-01-01,26.535
ECL,2010-01-01,1.4525000000000001
ECL,2011-01-01,1.5225
ECL,2012-01-01,1.8575
ECL,2013-01-01,1.805
ECL,2014-01-01,1.6225
ECL,2015-01-01,1.75
ECL,2016-01-01,1.6925
ECL,2017-01-01,1.73
ECL,2018-01-01,1.535
ECL,2019-01-01,1.4649999999999999
ECL,2020-01-01,1.875
ECL,2021-01-01,1.7825
ECL,2022-01-01,1.9675
ECL,2023-01-01,1.805
ECL,2024-01-01,1.5750000000000002
ECL,2025-01-01,1.525
EQIX,2010-01-01,1.5825
EQIX,2011-01-01,1.635
EQIX,2012-01-01,1.74
EQIX,2013-01-01,2.0925
EQIX,2014-01-01,2.055
EQIX,2015-01-01,3.0199999999999996
EQIX,2016-01-01,1.835
EQIX,2017-01-01,1.7125
EQIX,2018-01-01,1.83
EQIX,2019-01-01,1.6525
EQIX,2020-01-01,1.6099999999999999
EQIX,2021-01-01,1.6
EQIX,2022-01-01,1.6375
EQIX,2023-01-01,1.6275
EQIX,2024-01-01,1.62
EQIX,2025-01-01,1.6800000000000002
NEM,2010-01-01,0.67
NEM,2011-01-01,0.6775
NEM,2012-01-01,0.7825
NEM,2013-01-01,0.8325
NEM,2014-01-01,0.915
NEM,2015-01-01,0.8125
NEM,2016-01-01,0.73
NEM,2017-01-01,0.7525
NEM,2018-01-01,0.7775000000000001
NEM,2019-01-01,0.8125
NEM,2020-01-01,0.7375
NEM,2021-01-01,0.745
NEM,2022-01-01,0.8724999999999999
NEM,2023-01-01,0.95
NEM,2024-01-01,0.8825000000000001
NEM,2025-01-01,0.74
ITW,2010-01-01,0.7925
ITW,2011-01-01,0.7825
ITW,2012-01-01,0.855
ITW,2013-01-01,0.925
ITW,2014-01-01,1.4275
ITW,2015-01-01,2.1125
ITW,2016-01-01,2.2225
ITW,2017-01-01,2.425
ITW,2018-01-01,3.215
ITW,2019-01-01,3.9275
ITW,2020-01-01,4.675
ITW,2021-01-01,3.52
ITW,2022-01-01,3.8075
ITW,2023-01-01,4.1175
ITW,2024-01-01,3.9124999999999996
ITW,2025-01-01,3.885
GSK,2010-01-01,3.1875
GSK,2011-01-01,3.6125000000000003
GSK,2012-01-01,4.405
GSK,2013-01-01,4.7125
GSK,2014-01-01,5.5675
GSK,2015-01-01,4.48
GSK,2016-01-01,11.1425
GSK,2017-01-01,12.02
GSK,2018-01-01,15.565000000000001
GSK,2019-01-01,11.225
GSK,2020-01-01,3.0475000000000003
GSK,2021-01-01,2.6550000000000002
GSK,2022-01-01,4.1925
GSK,2023-01-01,3.875
GSK,2024-01-01,3.375
GSK,2025-01-01,3.29
EMR,2010-01-01,1.3599999999999999
EMR,2011-01-01,1.225
EMR,2012-01-01,1.2675
EMR,2013-01-01,1.26
EMR,2014-01-01,1.37
EMR,2015-01-01,1.7075
EMR,2016-01-01,1.6725
EMR,2017-01-01,1.29
EMR,2018-01-01,1.37
EMR,2019-01-01,1.4649999999999999
EMR,2020-01-01,1.7475
EMR,2021-01-01,1.58
EMR,2022-01-01,1.3525
EMR,2023-01-01,0.7775000000000001
EMR,2024-01-01,0.6675
EMR,2025-01-01,1.16
AJG,2010-01-01,2.4699999999999998
AJG,2011-01-01,2.5300000000000002
AJG,2012-01-01,2.2925
AJG,2013-01-01,2.1975
AJG,2014-01-01,2.1425
AJG,2015-01-01,1.9275
AJG,2016-01-01,2.0425
AJG,2017-01-01,2.23
AJG,2018-01-01,2.545
AJG,2019-01-01,2.8274999999999997
AJG,2020-01-01,2.8225
AJG,2021-01-01,2.5025
AJG,2022-01-01,3.4825
AJG,2023-01-01,3.9025
AJG,2024-01-01,3.67
AJG,2025-01-01,2.32
MSI,2010-01-01,1.435
MSI,2011-01-01,1.48
MSI,2012-01-01,2.2775
MSI,2013-01-01,3.005
MSI,2014-01-01,2.37
MSI,2015-01-01,-27.134999999999998
MSI,2016-01-01,-26.182499999999997
MSI,2017-01-01,-8.91
MSI,2018-01-01,-7.4075
MSI,2019-01-01,-12.195
MSI,2020-01-01,-15.5875
MSI,2021-01-01,-158.5475
MSI,2022-01-01,-0.480000000000004
MSI,2023-01-01,32.91
MSI,2024-01-01,14.0
MSI,2025-01-01,7.7
PNC,2010-01-01,7.3675
PNC,2011-01-01,6.44
PNC,2012-01-01,6.425
PNC,2013-01-01,6.2225
PNC,2014-01-01,6.275
PNC,2015-01-01,6.725
PNC,2016-01-01,6.8075
PNC,2017-01-01,7.055
PNC,2018-01-01,7.0600000000000005
PNC,2019-01-01,7.225
PNC,2020-01-01,7.7524999999999995
PNC,2021-01-01,8.695
PNC,2022-01-01,10.6175
PNC,2023-01-01,10.25
PNC,2024-01-01,9.5
PNC,2025-01-01,8.765
RSG,2010-01-01,1.525
RSG,2011-01-01,1.5425
RSG,2012-01-01,1.5375
RSG,2013-01-01,1.545
RSG,2014-01-01,1.545
RSG,2015-01-01,1.6549999999999998
RSG,2016-01-01,1.6724999999999999
RSG,2017-01-01,1.6949999999999998
RSG,2018-01-01,1.7
RSG,2019-01-01,1.7775
RSG,2020-01-01,1.7775
RSG,2021-01-01,1.7349999999999999
RSG,2022-01-01,1.955
RSG,2023-01-01,1.935
RSG,2024-01-01,1.8675
RSG,2025-01-01,1.8050000000000002
ABNB,2017-01-01,0.0
ABNB,2018-01-01,-13.78
ABNB,2019-01-01,-11.29
ABNB,2020-01-01,0.655
ABNB,2021-01-01,2.5975
ABNB,2022-01-01,2.255
ABNB,2023-01-01,2.2125
ABNB,2024-01-01,1.875
ABNB,2025-01-01,2.16
NET,2016-01-01,0.0
NET,2017-01-01,0.34
NET,2018-01-01,0.0
NET,2019-01-01,0.07
NET,2020-01-01,0.55
NET,2021-01-01,1.2974999999999999
NET,2022-01-01,3.29
NET,2023-01-01,2.84
NET,2024-01-01,2.2824999999999998
NET,2025-01-01,1.61
UPS,2010-01-01,3.1275
UPS,2011-01-01,3.4450000000000003
UPS,2012-01-01,4.7375
UPS,2013-01-01,7.835
UPS,2014-01-01,7.735
UPS,2015-01-01,17.635
UPS,2016-01-01,33.56
UPS,2017-01-01,41.775000000000006
UPS,2018-01-01,19.7375
UPS,2019-01-01,12.515
UPS,2020-01-01,33.245000000000005
UPS,2021-01-01,5.285
UPS,2022-01-01,3.13
UPS,2023-01-01,2.715
UPS,2024-01-01,3.0725
UPS,2025-01-01,3.435
HWM,2010-01-01,1.3375
HWM,2011-01-01,1.2075
HWM,2012-01-01,1.3675
HWM,2013-01-01,1.4674999999999998
HWM,2014-01-01,1.4825
HWM,2015-01-01,1.5375
HWM,2016-01-01,1.9
HWM,2017-01-01,2.505
HWM,2018-01-01,2.4250000000000003
HWM,2019-01-01,2.6875
HWM,2020-01-01,2.3975
HWM,2021-01-01,1.9224999999999999
HWM,2022-01-01,1.9375
HWM,2023-01-01,1.6575
HWM,2024-01-01,1.4275
HWM,2025-01-01,1.22
