Ticker,Year,DividendYield
NVDA,2010,0.0
NVDA,2011,0.0
NVDA,2012,2.8292333371594842e-05
NVDA,2013,9.167789361036371e-05
NVDA,2014,7.421204661002546e-05
NVDA,2015,6.718760528495645e-05
NVDA,2016,3.8479428160935365e-05
NVDA,2017,1.554149176174686e-05
NVDA,2018,1.1181945790651233e-05
NVDA,2019,1.5617904010151056e-05
NVDA,2020,6.653206334683814e-06
NVDA,2021,3.4034914060464895e-06
NVDA,2022,3.6207850487163075e-06
NVDA,2023,1.7986738378692907e-06
MSFT,2010,0.00010755092974777338
MSFT,2011,0.0001338585800082573
MSFT,2012,0.00014183328276053372
MSFT,2013,0.00014369742654000918
MSFT,2014,0.00012627913218964183
MSFT,2015,0.00012309276039678196
MSFT,2016,0.00012018489047325934
MSFT,2017,9.595531682437187e-05
MSFT,2018,7.358450765575698e-05
MSFT,2019,6.191504852457124e-05
MSFT,2020,4.349760343017037e-05
MSFT,2021,3.423573780992879e-05
MSFT,2022,3.855564217266168e-05
MSFT,2023,3.58867385740143e-05
AAPL,2010,0.0
AAPL,2011,0.0
AAPL,2012,4.2581320159121014e-05
AAPL,2013,0.00011416456029157073
AAPL,2014,9.381153598419217e-05
AAPL,2015,7.461678612286603e-05
AAPL,2016,9.557860202395393e-05
AAPL,2017,6.856453526835682e-05
AAPL,2018,6.272302492609128e-05
AAPL,2019,6.184034541906949e-05
AAPL,2020,3.5047518227123674e-05
AAPL,2021,2.4914521290313306e-05
AAPL,2022,2.342366816270601e-05
AAPL,2023,2.2414747283969414e-05
AMZN,2010,0.0
AMZN,2011,0.0
AMZN,2012,0.0
AMZN,2013,0.0
AMZN,2014,0.0
AMZN,2015,0.0
AMZN,2016,0.0
AMZN,2017,0.0
AMZN,2018,0.0
AMZN,2019,0.0
AMZN,2020,0.0
AMZN,2021,0.0
AMZN,2022,0.0
AMZN,2023,0.0
GOOGL,2010,0.0
GOOGL,2011,0.0
GOOGL,2012,0.0
GOOGL,2013,0.0
GOOGL,2014,0.0
GOOGL,2015,0.0
GOOGL,2016,0.0
GOOGL,2017,0.0
GOOGL,2018,0.0
GOOGL,2019,0.0
GOOGL,2020,0.0
GOOGL,2021,0.0
GOOGL,2022,0.0
GOOGL,2023,0.0
META,2012,0.0
META,2013,0.0
META,2014,0.0
META,2015,0.0
META,2016,0.0
META,2017,0.0
META,2018,0.0
META,2019,0.0
META,2020,0.0
META,2021,0.0
META,2022,0.0
META,2023,0.0
AVGO,2010,1.474264925875086e-05
AVGO,2011,6.98347153023069e-05
AVGO,2012,9.669471501855621e-05
AVGO,2013,0.00011491743105723397
AVGO,2014,8.14569022599542e-05
AVGO,2015,6.238989498103705e-05
AVGO,2016,7.759959594768188e-05
AVGO,2017,9.890227883284811e-05
AVGO,2018,0.0002219654060502646
AVGO,2019,0.00017848719496766876
AVGO,2020,0.00020098477433846482
AVGO,2021,0.00012519561229072142
AVGO,2022,0.00013373179335440132
AVGO,2023,9.369230501910825e-05
TSLA,2010,0.0
TSLA,2011,0.0
TSLA,2012,0.0
TSLA,2013,0.0
TSLA,2014,0.0
TSLA,2015,0.0
TSLA,2016,0.0
TSLA,2017,0.0
TSLA,2018,0.0
TSLA,2019,0.0
TSLA,2020,0.0
TSLA,2021,0.0
TSLA,2022,0.0
TSLA,2023,0.0
TSM,2010,0.0002858514947635998
TSM,2011,0.00024183294573650854
TSM,2012,0.00020591123602351264
TSM,2013,0.00014970850823173325
TSM,2014,0.0001170793082249034
TSM,2015,0.00016661620445739778
TSM,2016,0.0001841874550753752
TSM,2017,0.00015397888755409615
TSM,2018,0.0001705909228089591
TSM,2019,0.00020553301215776905
TSM,2020,0.00011410329864323833
TSM,2021,6.765970212131238e-05
TSM,2022,9.084852624740105e-05
TSM,2023,7.84952895966259e-05
BRK-B,2010,0.0
BRK-B,2011,0.0
BRK-B,2012,0.0
BRK-B,2013,0.0
BRK-B,2014,0.0
BRK-B,2015,0.0
BRK-B,2016,0.0
BRK-B,2017,0.0
BRK-B,2018,0.0
BRK-B,2019,0.0
BRK-B,2020,0.0
BRK-B,2021,0.0
BRK-B,2022,0.0
BRK-B,2023,0.0
WMT,2010,0.00012453650921928855
WMT,2011,0.00014471443132354974
WMT,2012,0.00012654658804776115
WMT,2013,0.00012285158699787267
WMT,2014,0.00012152920604834883
WMT,2015,0.00013145136806333866
WMT,2016,0.00013400614168303113
WMT,2017,0.00011595239564630876
WMT,2018,0.00010454611140854592
WMT,2019,8.694572792120968e-05
WMT,2020,7.086205817523785e-05
WMT,2021,6.612252411867264e-05
WMT,2022,6.458705211885793e-05
WMT,2023,6.222202458786897e-05
JPM,2010,2.9239107711100326e-05
JPM,2011,0.00012111890970812715
JPM,2012,0.00016850118127347005
JPM,2013,0.00015230249799011176
JPM,2014,0.0001425848126808743
JPM,2015,0.00013996462652227952
JPM,2016,0.000149398600135841
JPM,2017,0.00011152679389774906
JPM,2018,0.00010937236963882759
JPM,2019,0.00014580158209543702
JPM,2020,0.00016347749180892993
JPM,2021,0.00010943640490301521
JPM,2022,0.00013623232893229218
JPM,2023,0.00012408378796561697
ORCL,2010,3.845314982546143e-05
ORCL,2011,3.484439106796641e-05
ORCL,2012,6.729446801797774e-05
ORCL,2013,3.532926974639283e-05
ORCL,2014,5.7250179675426876e-05
ORCL,2015,6.459710790229354e-05
ORCL,2016,7.052844598154092e-05
ORCL,2017,7.179793145505515e-05
ORCL,2018,7.081635005093422e-05
ORCL,2019,7.337287413644232e-05
ORCL,2020,7.321536227588721e-05
ORCL,2021,6.382106546051902e-05
ORCL,2022,7.15744239308821e-05
ORCL,2023,6.198610669446918e-05
V,2010,2.9297133268152354e-05
V,2011,3.534078151095127e-05
V,2012,3.439208273739202e-05
V,2013,3.36584635560824e-05
V,2014,3.206292713274871e-05
V,2015,2.953052354769466e-05
V,2016,3.1851343961394927e-05
V,2017,2.959929872732531e-05
V,2018,2.7530443067356915e-05
V,2019,2.62542145804958e-05
V,2020,2.5355493777692905e-05
V,2021,2.4786071118604982e-05
V,2022,3.1319067131858804e-05
V,2023,3.210678156633545e-05
LLY,2010,0.00032503909769379587
LLY,2011,0.00029828229621534617
LLY,2012,0.00024541711463883087
LLY,2013,0.0001845271497772405
LLY,2014,0.00015957548082198522
LLY,2015,0.00012437063063774624
LLY,2016,0.00012237484011382797
LLY,2017,0.00011688299759080434
LLY,2018,0.00010949878865749302
LLY,2019,9.644471503868001e-05
LLY,2020,8.385049618373705e-05
LLY,2021,6.213898678946524e-05
LLY,2022,5.503163844334493e-05
LLY,2023,3.9760223768649625e-05
MA,2010,1.1156221005098992e-05
MA,2011,9.324287939198578e-06
MA,2012,1.0484154007065837e-05
MA,2013,1.543361340592997e-05
MA,2014,2.4672836615890955e-05
MA,2015,2.9981071869952423e-05
MA,2016,3.385285931483319e-05
MA,2017,3.067857157481251e-05
MA,2018,2.2673125434887284e-05
MA,2019,2.285790686873508e-05
MA,2020,2.147909535249882e-05
MA,2021,1.9729773918798222e-05
MA,2022,2.3844949190299677e-05
MA,2023,2.4352783686761942e-05
NFLX,2010,0.0
NFLX,2011,0.0
NFLX,2012,0.0
NFLX,2013,0.0
NFLX,2014,0.0
NFLX,2015,0.0
NFLX,2016,0.0
NFLX,2017,0.0
NFLX,2018,0.0
NFLX,2019,0.0
NFLX,2020,0.0
NFLX,2021,0.0
NFLX,2022,0.0
NFLX,2023,0.0
XOM,2010,0.00018800544892760593
XOM,2011,0.00016314578936111208
XOM,2012,0.00016999191476657966
XOM,2013,0.00017635562594021194
XOM,2014,0.0001762364507221634
XOM,2015,0.00020968573070560505
XOM,2016,0.00020706210924415397
XOM,2017,0.00021538150703098803
XOM,2018,0.00022397182830142417
XOM,2019,0.00024754160543305666
XOM,2020,0.0003792875297994896
XOM,2021,0.00027820506464725956
XOM,2022,0.00017083923965085767
XOM,2023,0.0001446320604004675
COST,2010,7.345596125216972e-05
COST,2011,6.355856511783155e-05
COST,2012,0.00042515021083889946
COST,2013,5.275340118052762e-05
COST,2014,5.6224997015229276e-05
COST,2015,0.00020907103006562595
COST,2016,5.338542860445074e-05
COST,2017,0.00023409753135400103
COST,2018,4.581160771033287e-05
COST,2019,4.252640449612977e-05
COST,2020,0.00014403644062850992
COST,2021,3.1470356686251006e-05
COST,2022,2.7453931150989176e-05
COST,2023,0.0001221350171497492
PLTR,2020,0.0
PLTR,2021,0.0
PLTR,2022,0.0
PLTR,2023,0.0
JNJ,2010,0.00021375199597906716
JNJ,2011,0.00021258590055060888
JNJ,2012,0.000208861141613473
JNJ,2013,0.0001655714841542996
JNJ,2014,0.00014731219484200763
JNJ,2015,0.00015385790552104237
JNJ,2016,0.00014161916005731574
JNJ,2017,0.00012684752504505949
JNJ,2018,0.0001295403871834637
JNJ,2019,0.00013023419761461755
JNJ,2020,0.00012332400688658653
JNJ,2021,0.00011132294950205537
JNJ,2022,0.00011282366921829528
JNJ,2023,0.00012612315826920353
HD,2010,0.00017342807310389058
HD,2011,0.0001576894083513705
HD,2012,0.00011685193857481566
HD,2013,0.00010885401774597102
HD,2014,0.0001102561361825679
HD,2015,0.00010092657052516498
HD,2016,0.00010377384747233527
HD,2017,0.0001101222921029075
HD,2018,0.0001045939104609265
HD,2019,0.00012290615456491582
HD,2020,0.00010581012583610142
HD,2021,9.041408763823597e-05
HD,2022,0.00010649734847930229
HD,2023,0.00011565159315417123
PG,2010,0.00018705120048370246
PG,2011,0.00018997699892313403
PG,2012,0.0001926167605345084
PG,2013,0.00017396867049718486
PG,2014,0.00016921445641471274
PG,2015,0.00017066482781694705
PG,2016,0.00016573900043967462
PG,2017,0.00015302513770096854
PG,2018,0.00016873985350197878
PG,2019,0.00012862405705193897
PG,2020,0.00010978177524315703
PG,2021,0.00011018051016707312
PG,2022,0.000106208445206062
PG,2023,0.00010649809697262056
ABBV,2013,0.0002517900004090363
ABBV,2014,0.00020190670432485296
ABBV,2015,0.00019869496171905584
ABBV,2016,0.00022689740262540791
ABBV,2017,0.00020515121588740804
ABBV,2018,0.0002077020370630983
ABBV,2019,0.00028699955360834837
ABBV,2020,0.00025980882712724857
ABBV,2021,0.00021826696849110402
ABBV,2022,0.00017323019994684607
ABBV,2023,0.0001724626043054887
SAP,2010,8.075599387179776e-05
SAP,2011,6.928756140681446e-05
SAP,2012,0.0001233945996506755
SAP,2013,7.27826572056226e-05
SAP,2014,8.67236269335501e-05
SAP,2015,7.286242993559791e-05
SAP,2016,7.700525289081748e-05
SAP,2017,5.8897114011929884e-05
SAP,2018,6.7896815338792e-05
SAP,2019,5.7467012519786434e-05
SAP,2020,6.329112242806777e-05
SAP,2021,6.867949999610735e-05
SAP,2022,0.00011544423703184223
SAP,2023,6.789617638294583e-05
BAC,2010,1.4565677765269633e-05
BAC,2011,2.352220119819843e-05
BAC,2012,2.4519235120652633e-05
BAC,2013,1.4902481101274855e-05
BAC,2014,3.582656109332352e-05
BAC,2015,5.942418939247779e-05
BAC,2016,7.402031443442742e-05
BAC,2017,7.451262888297125e-05
BAC,2018,8.70620263794312e-05
BAC,2019,0.00010266231716914239
BAC,2020,0.00011892672585845604
BAC,2021,8.269549605154239e-05
BAC,2022,0.00010002533001500616
BAC,2023,0.00012907931417410886
CVX,2010,0.00026504329766875083
CVX,2011,0.00021719360522665194
CVX,2012,0.00022748954684441067
CVX,2013,0.0002126956660683364
CVX,2014,0.00022231770923757108
CVX,2015,0.00026705326176939973
CVX,2016,0.00025302646611548264
CVX,2017,0.00022032094657501626
CVX,2018,0.00020266257970126436
CVX,2019,0.00020627063221499763
CVX,2020,0.00026940005436739594
CVX,2021,0.00024146464363178062
CVX,2022,0.0001597774500539174
CVX,2023,0.00016827593828385866
KO,2010,0.00019607278197479773
KO,2011,0.00017285876907192191
KO,2012,0.00016521786794200147
KO,2013,0.00016380983410434752
KO,2014,0.00016578140975669466
KO,2015,0.00017707566504670277
KO,2016,0.0001694535197473121
KO,2017,0.00016897892420986277
KO,2018,0.00016930905434417947
KO,2019,0.0001495299439013956
KO,2020,0.0001534859115792901
KO,2021,0.00014019785956522287
KO,2022,0.00012708631117477228
KO,2023,0.00013066779401665752
GE,2010,0.00014894555626983018
GE,2011,0.0001753632619016522
GE,2012,0.00018675136294636497
GE,2013,0.00015619129386067881
GE,2014,0.00016188146319865514
GE,2015,0.0001551869526533948
GE,2016,0.00013468966434802837
GE,2017,0.00014183451880269451
GE,2018,0.00011631927943724191
GE,2019,1.6197868995817776e-05
GE,2020,2.0889481558641575e-05
GE,2021,1.2751867520113846e-05
GE,2022,1.762997927871918e-05
GE,2023,1.206336533575205e-05
AMD,2010,0.0
AMD,2011,0.0
AMD,2012,0.0
AMD,2013,0.0
AMD,2014,0.0
AMD,2015,0.0
AMD,2016,0.0
AMD,2017,0.0
AMD,2018,0.0
AMD,2019,0.0
AMD,2020,0.0
AMD,2021,0.0
AMD,2022,0.0
AMD,2023,0.0
CSCO,2010,0.0
CSCO,2011,6.692704507796822e-05
CSCO,2012,0.00015788196120979426
CSCO,2013,0.00012873615364980597
CSCO,2014,0.00017409824467421844
CSCO,2015,0.0001648062366328445
CSCO,2016,0.00018198604189560705
CSCO,2017,0.00017997318580637625
CSCO,2018,0.00014820322362988096
CSCO,2019,0.0001338878334752632
CSCO,2020,0.00015418856229042254
CSCO,2021,0.00013011808598750849
CSCO,2022,0.00013603487039235437
CSCO,2023,0.0001293054149401336
ASML,2010,4.2960412591290704e-05
ASML,2011,6.847146911024222e-05
ASML,2012,0.0009083391678805459
ASML,2013,4.1946860115998615e-05
ASML,2014,4.433235881886596e-05
ASML,2015,3.257509251130967e-05
ASML,2016,5.158298735021692e-05
ASML,2017,4.1917626170059826e-05
ASML,2018,3.755425716674297e-05
ASML,2019,6.511666278142067e-05
ASML,2020,3.5847083552333066e-05
ASML,2021,1.0474066653549757e-05
ASML,2022,1.2383901099934448e-05
ASML,2023,1.937289149457551e-05
TMUS,2010,0.0
TMUS,2011,0.0
TMUS,2012,0.0
TMUS,2013,0.0010009592896950729
TMUS,2014,0.0
TMUS,2015,0.0
TMUS,2016,0.0
TMUS,2017,0.0
TMUS,2018,0.0
TMUS,2019,0.0
TMUS,2020,0.0
TMUS,2021,0.0
TMUS,2022,0.0
TMUS,2023,1.765998850813924e-05
BABA,2014,0.0
BABA,2015,0.0
BABA,2016,0.0
BABA,2017,0.0
BABA,2018,0.0
BABA,2019,0.0
BABA,2020,0.0
BABA,2021,0.0
BABA,2022,0.0
BABA,2023,5.665999872476962e-05
PM,2010,0.0003721216479152264
PM,2011,0.0003189909581581164
PM,2012,0.00021559223760237226
PM,2013,0.0002922359427690278
PM,2014,0.00031643462339689247
PM,2015,0.00032542494867676415
PM,2016,0.00026573644839173453
PM,2017,0.00022637865936827727
PM,2018,0.0003178524052719851
PM,2019,0.0003117871037595528
PM,2020,0.0003334902507017707
PM,2021,0.00024856988982536213
PM,2022,0.00024544948077927193
PM,2023,0.00024153874436871916
WFC,2010,4.138161908278313e-05
WFC,2011,9.966495585375967e-05
WFC,2012,0.00015408815952634174
WFC,2013,0.0001608039719526535
WFC,2014,0.00014798103622810628
WFC,2015,0.00014091046415417249
WFC,2016,0.00016345666028009162
WFC,2017,0.00013882281622395605
WFC,2018,0.00014006045828436956
WFC,2019,0.00018254912093828486
WFC,2020,0.00017523331417100004
WFC,2021,5.855802720097117e-05
WFC,2022,0.00010195107707470628
WFC,2023,0.00012975791934247325
TM,2010,9.875258278014872e-05
TM,2011,9.59706928048686e-05
TM,2012,9.453134466563431e-05
TM,2013,0.00011763188672490604
TM,2014,0.00015292795551836665
TM,2015,0.000147945889477695
TM,2016,0.0001706162429148193
TM,2017,0.0001618532157079631
TM,2018,0.0001480243743504517
TM,2019,6.247688741995255e-05
TM,2020,0.00014823323106580004
TM,2021,0.00012014799840686276
TM,2022,0.00010954625526761134
TM,2023,0.00012159242353837006
IBM,2010,0.00012916565133762296
IBM,2011,0.00011157715858216192
IBM,2012,0.00011028086696229611
IBM,2013,0.0001226485165883907
IBM,2014,0.00014974972540992036
IBM,2015,0.00019645138885648455
IBM,2016,0.00021903005426698993
IBM,2017,0.0002167167442281437
IBM,2018,0.00024290222362753275
IBM,2019,0.00024321139486616373
IBM,2020,0.0002504935913494101
IBM,2021,0.00023287141739954876
IBM,2022,0.0002205174842255145
IBM,2023,0.00020962264073934718
CRM,2010,0.0
CRM,2011,0.0
CRM,2012,0.0
CRM,2013,0.0
CRM,2014,0.0
CRM,2015,0.0
CRM,2016,0.0
CRM,2017,0.0
CRM,2018,0.0
CRM,2019,0.0
CRM,2020,0.0
CRM,2021,0.0
CRM,2022,0.0
CRM,2023,0.0
ABT,2010,0.00018204789165059154
ABT,2011,0.0001962493466442979
ABT,2012,0.0001672007716963465
ABT,2013,8.052560875907102e-05
ABT,2014,0.00010899136741700806
ABT,2015,0.00010206048737136055
ABT,2016,0.00011737046804178078
ABT,2017,0.00010520123540878338
ABT,2018,8.129430027162377e-05
ABT,2019,7.345640581954749e-05
ABT,2020,6.660841833818816e-05
ABT,2021,6.622088667978511e-05
ABT,2022,7.020454688546181e-05
ABT,2023,8.293240200426232e-05
AZN,2010,0.00036188216564211824
AZN,2011,0.0003852934818737815
AZN,2012,0.0003919981913282866
AZN,2013,0.0003497157372722211
AZN,2014,0.00023679711647978303
AZN,2015,0.00022502514228388396
AZN,2016,0.00023281435397244944
AZN,2017,0.00023888787611473988
AZN,2018,0.00018670861325685123
AZN,2019,0.0001511790761397554
AZN,2020,0.00012894956662311193
AZN,2021,0.00011782633867224192
AZN,2022,0.00010226041373897705
AZN,2023,8.837095928733519e-05
MS,2010,4.07283149392825e-05
MS,2011,4.6410340440708066e-05
MS,2012,6.685301646291937e-05
MS,2013,4.3114306610190946e-05
MS,2014,5.859010289188909e-05
MS,2015,8.064903325698336e-05
MS,2016,0.00012462902976678668
MS,2017,9.854145586322006e-05
MS,2018,0.00010858601791292561
MS,2019,0.00013777636562382973
MS,2020,0.00013749364497025557
MS,2021,0.00010636140043328239
MS,2022,0.00015112655513560617
MS,2023,0.0001633369496531859
NVS,2010,0.00025398861878264374
NVS,2011,0.00028531048475084736
NVS,2012,0.0002867640263010648
NVS,2013,0.00023246425474692884
NVS,2014,0.0001954276398516314
NVS,2015,0.00016242847600726873
NVS,2016,0.0002139060338854653
NVS,2017,0.0001950778400342972
NVS,2018,0.00018950504372790936
NVS,2019,0.00016071969385931888
NVS,2020,0.0001750852668922155
NVS,2021,0.00018793482421896677
NVS,2022,0.00018759158482332074
NVS,2023,0.00018670600223091876
UNH,2010,5.949582779816658e-05
UNH,2011,6.430272022883795e-05
UNH,2012,7.125492728061525e-05
UNH,2013,7.540644050122774e-05
UNH,2014,7.685461402275859e-05
UNH,2015,7.453105568966637e-05
UNH,2016,7.850687447303852e-05
UNH,2017,6.720757374411065e-05
UNH,2018,5.9348182579798484e-05
UNH,2019,7.2469172202121e-05
UNH,2020,6.805033685661862e-05
UNH,2021,5.919678143148289e-05
UNH,2022,5.3616401366449424e-05
UNH,2023,6.183936762441165e-05
LIN,2010,0.00011461313544943062
LIN,2011,0.00010380898590547684
LIN,2012,0.00010658171044767786
LIN,2013,0.00010127920701972273
LIN,2014,9.635731586291475e-05
LIN,2015,0.00011816785736665479
LIN,2016,0.00012150285818364587
LIN,2017,0.00010776552750536369
LIN,2018,9.176957877920651e-05
LIN,2019,8.245815285583398e-05
LIN,2020,7.241237446923525e-05
LIN,2021,6.061549547307207e-05
LIN,2022,6.332351298735712e-05
LIN,2023,5.6406253302911823e-05
MCD,2010,0.0001909283453246328
MCD,2011,0.0001724360047756806
MCD,2012,0.00017849303397976792
MCD,2013,0.00017580721383536328
MCD,2014,0.0001779835334487832
MCD,2015,0.00017217037729399067
MCD,2016,0.00014951353159947426
MCD,2017,0.00012152776974942555
MCD,2018,0.00011753603928622504
MCD,2019,0.00010871176113242606
MCD,2020,0.00011021567189822757
MCD,2021,9.90452997464454e-05
MCD,2022,9.464775886140343e-05
MCD,2023,9.33344267813559e-05
HSBC,2010,0.0002998575290298185
HSBC,2011,0.0003696616214855356
HSBC,2012,0.0003779857756928457
HSBC,2013,0.0003452597098644939
HSBC,2014,0.000360360624338433
HSBC,2015,0.0004102658146473106
HSBC,2016,0.0004967580824972087
HSBC,2017,0.00035854969343618326
HSBC,2018,0.0003189880800094929
HSBC,2019,0.0003628678845950781
HSBC,2020,0.0001632658235447506
HSBC,2021,0.00019667724957212244
HSBC,2022,0.00021088546151585034
HSBC,2023,0.00033079554141055256
NVO,2010,9.492636411551543e-05
NVO,2011,7.680756200688558e-05
NVO,2012,9.090643009116009e-05
NVO,2013,9.912136421762182e-05
NVO,2014,9.313848428351347e-05
NVO,2015,7.647604036270198e-05
NVO,2016,0.00012954780638809693
NVO,2017,0.00014102154382975116
NVO,2018,0.0001068913019518664
NVO,2019,0.00010651825440731538
NVO,2020,9.304782704970683e-05
NVO,2021,8.160641260907298e-05
NVO,2022,6.305862597693601e-05
NVO,2023,5.197425870695088e-05
INTU,2010,0.0
INTU,2011,1.4204299651214393e-05
INTU,2012,4.7950903772532595e-05
INTU,2013,4.846950159899993e-05
INTU,2014,4.505577165448089e-05
INTU,2015,4.7701816317401224e-05
INTU,2016,5.024172530926604e-05
INTU,2017,4.6834705861809e-05
INTU,2018,3.627369162202075e-05
INTU,2019,3.2542140436457325e-05
INTU,2020,3.06718591368448e-05
INTU,2021,2.209214448884107e-05
INTU,2022,2.510242546182346e-05
INTU,2023,2.9198848610322882e-05
SHEL,2010,0.00048685167295872955
SHEL,2011,0.0003891792932929656
SHEL,2012,0.0003871055947834703
SHEL,2013,0.0003947067465666351
SHEL,2014,0.00034957815330489316
SHEL,2015,0.0004197786674173234
SHEL,2016,0.0004706279174111482
SHEL,2017,0.0003796091150185203
SHEL,2018,0.0003081001547865214
SHEL,2019,0.00031623795546142474
SHEL,2020,0.00023789960164866266
SHEL,2021,0.00018253753027911118
SHEL,2022,0.00012107865993098785
SHEL,2023,0.00017156623915017926
RTX,2010,0.0001355268779564947
RTX,2011,0.00012903044173831891
RTX,2012,0.00014262212130773056
RTX,2013,0.00011652766539539782
RTX,2014,0.0001097188890701271
RTX,2015,0.00011986794849918236
RTX,2016,0.00012826396702826556
RTX,2017,0.00011196104093220846
RTX,2018,0.00010301604103259794
RTX,2019,0.00010190057671149519
RTX,2020,0.00012681770633787796
RTX,2021,0.00010631862622235341
RTX,2022,9.863246837002357e-05
RTX,2023,0.00010832653112271983
GS,2010,4.891268685988024e-05
GS,2011,5.9565943663310284e-05
GS,2012,8.265151226571565e-05
GS,2013,6.476881911576588e-05
GS,2014,6.412621382667794e-05
GS,2015,6.355322759685516e-05
GS,2016,7.316762963746543e-05
GS,2017,5.9430405872155565e-05
GS,2018,6.420653796188183e-05
GS,2019,9.287975802175687e-05
GS,2020,0.00010702420677801847
GS,2021,7.56718750878295e-05
GS,2022,0.00011251295810365041
GS,2023,0.00013142826961962809
BX,2010,0.0003700250342592446
BX,2011,0.00035751218793782664
BX,2012,0.00028200635148504236
BX,2013,0.0004082878826935278
BX,2014,0.00041131363636689094
BX,2015,0.0004901330949737598
BX,2016,0.0003812997192154085
BX,2017,0.00040615601683557115
BX,2018,0.00038448916018930844
BX,2019,0.0002224059513583869
BX,2020,0.0001607351191675776
BX,2021,0.00016789623315751996
BX,2022,0.00020260213836115714
BX,2023,0.00014863983094103763
AXP,2010,8.813940783359654e-05
AXP,2011,7.53235302563193e-05
AXP,2012,6.732136020756552e-05
AXP,2013,5.924077906264986e-05
AXP,2014,5.066593130683521e-05
AXP,2015,6.291344820789753e-05
AXP,2016,8.661208326567458e-05
AXP,2017,7.094012494465367e-05
AXP,2018,6.302380467004027e-05
AXP,2019,6.306513479556599e-05
AXP,2020,7.452144428819011e-05
AXP,2021,4.8562142862571315e-05
AXP,2022,5.290238630336163e-05
AXP,2023,6.100439152347022e-05
DIS,2010,4.9881920474374814e-05
DIS,2011,7.68939829197058e-05
DIS,2012,6.838577783265731e-05
DIS,2013,5.4143296957429194e-05
DIS,2014,5.4256196871254965e-05
DIS,2015,5.208335779622691e-05
DIS,2016,6.24161258853228e-05
DIS,2017,6.525294333334394e-05
DIS,2018,6.534358337944767e-05
DIS,2019,4.932615486255201e-05
DIS,2020,0.0
DIS,2021,0.0
DIS,2022,0.0
DIS,2023,1.3101074156075854e-05
MRK,2010,0.00027446658452436046
MRK,2011,0.00028803413878998704
MRK,2012,0.0002466266031259731
MRK,2013,0.00021036696803165201
MRK,2014,0.00016827474843841687
MRK,2015,0.00017787931139597285
MRK,2016,0.00016592962754497786
MRK,2017,0.00015415266584099119
MRK,2018,0.00015040342018604334
MRK,2019,0.00012797714635613783
MRK,2020,0.00014394418427384525
MRK,2021,0.00015944439123803322
MRK,2022,0.00013670283776107145
MRK,2023,0.00011656545232333324
T,2010,0.00099203913809897
T,2011,0.0008345030345065203
T,2012,0.0007182837665227452
T,2013,0.0006432974405611844
T,2014,0.0006147665536050608
T,2015,0.0006128920577696358
T,2016,0.0005074249142988501
T,2017,0.0004763640950625018
T,2018,0.0005165133531684403
T,2019,0.0005076842395184453
T,2020,0.0004987232581408481
T,2021,0.0004999544570570773
T,2022,0.0003449368430349985
T,2023,0.0002960344167579678
PEP,2010,0.00018062344578179828
PEP,2011,0.0001852645696743206
PEP,2012,0.00018277269611514807
PEP,2013,0.00015826800317390608
PEP,2014,0.0001543960882850954
PEP,2015,0.00015338063221049129
PEP,2016,0.00015053832112549978
PEP,2017,0.00013944552923628368
PEP,2018,0.00016051382706743395
PEP,2019,0.00013836788492314596
PEP,2020,0.00013337860476556732
PEP,2021,0.00012827368449011664
PEP,2022,0.00011468971055775609
PEP,2023,0.00012001923216443129
SHOP,2015,0.0
SHOP,2016,0.0
SHOP,2017,0.0
SHOP,2018,0.0
SHOP,2019,0.0
SHOP,2020,0.0
SHOP,2021,0.0
SHOP,2022,0.0
SHOP,2023,0.0
CAT,2010,0.00014897961000278443
CAT,2011,0.00010435895739047105
CAT,2012,0.00015009450091995176
CAT,2013,0.00011086699173670626
CAT,2014,0.00013917232857713839
CAT,2015,0.00018791949862005913
CAT,2016,0.00020301634252596076
CAT,2017,0.00014164940463772625
CAT,2018,0.00010444665755391016
CAT,2019,0.00012562853012742598
CAT,2020,0.00012910373003318566
CAT,2021,8.926898045737654e-05
CAT,2022,9.759564043118996e-05
CAT,2023,8.495788226509294e-05
UBER,2019,0.0
UBER,2020,0.0
UBER,2021,0.0
UBER,2022,0.0
UBER,2023,0.0
RY,2010,0.0002561728886204436
RY,2011,0.0002658749701702458
RY,2012,0.00027782405480234807
RY,2013,0.0002498383375087338
RY,2014,0.00022861859719616487
RY,2015,0.00023689650025690418
RY,2016,0.00023533452792135663
RY,2017,0.00014857462092795888
RY,2018,0.000199041457368472
RY,2019,0.00019798873072961087
RY,2020,0.0002200084348334564
RY,2021,0.0001680576275126974
RY,2022,0.00017182201706328337
RY,2023,0.00018458358156074177
NOW,2012,0.0
NOW,2013,0.0
NOW,2014,0.0
NOW,2015,0.0
NOW,2016,0.0
NOW,2017,0.0
NOW,2018,0.0
NOW,2019,0.0
NOW,2020,0.0
NOW,2021,0.0
NOW,2022,0.0
NOW,2023,0.0
VZ,2010,0.0005378385348652501
VZ,2011,0.00042951126866093686
VZ,2012,0.00037464601620210543
VZ,2013,0.00032170314615863305
VZ,2014,0.00030713379802523266
VZ,2015,0.0003198849504363895
VZ,2016,0.0002846506799345788
VZ,2017,0.0002952431202034029
VZ,2018,0.0002726607802859188
VZ,2019,0.0002342240902417736
VZ,2020,0.00023001565343310984
VZ,2021,0.00022932288818313252
VZ,2022,0.00026314879838041104
VZ,2023,0.00033180582663943086
BKNG,2010,0.0
BKNG,2011,0.0
BKNG,2012,0.0
BKNG,2013,0.0
BKNG,2014,0.0
BKNG,2015,0.0
BKNG,2016,0.0
BKNG,2017,0.0
BKNG,2018,0.0
BKNG,2019,0.0
BKNG,2020,0.0
BKNG,2021,0.0
BKNG,2022,0.0
BKNG,2023,0.0
HDB,2010,2.6547924824314225e-05
HDB,2011,3.052892645155223e-05
HDB,2012,3.538770825916445e-05
HDB,2013,3.646816634397984e-05
HDB,2014,3.3023315470529384e-05
HDB,2015,2.6784081222571047e-05
HDB,2016,2.8609512145991777e-05
HDB,2017,2.537807719055994e-05
HDB,2018,2.317030549108524e-05
HDB,2019,2.9630334733654124e-05
HDB,2020,0.0
HDB,2021,3.0769773867912314e-05
HDB,2022,8.932688900505358e-05
HDB,2023,8.464591271176312e-05
ANET,2014,0.0
ANET,2015,0.0
ANET,2016,0.0
ANET,2017,0.0
ANET,2018,0.0
ANET,2019,0.0
ANET,2020,0.0
ANET,2021,0.0
ANET,2022,0.0
ANET,2023,0.0
SCHW,2010,6.950674124452455e-05
SCHW,2011,7.642278585324413e-05
SCHW,2012,8.645937901692035e-05
SCHW,2013,5.609769613136007e-05
SCHW,2014,4.101912689180919e-05
SCHW,2015,3.4494138694385e-05
SCHW,2016,4.2727476894925235e-05
SCHW,2017,3.428496337700028e-05
SCHW,2018,3.9410510298653116e-05
SCHW,2019,6.895033997933552e-05
SCHW,2020,7.76316621419377e-05
SCHW,2021,4.347403716431159e-05
SCHW,2022,4.602612096326202e-05
SCHW,2023,6.935223623197453e-05
BLK,2010,0.0001385588298950227
BLK,2011,0.000171916848871654
BLK,2012,0.0001822569387863035
BLK,2013,0.0001342234504850078
BLK,2014,0.00012422737159910235
BLK,2015,0.00012863864969510458
BLK,2016,0.00012624364802406716
BLK,2017,0.00011368341583693062
BLK,2018,0.00011824676705150504
BLK,2019,0.0001371142475489647
BLK,2020,0.00011278657247049766
BLK,2021,8.643504282580182e-05
BLK,2022,0.0001222728988692051
BLK,2023,0.000119663924112014
BA,2010,0.00012489563943063713
BA,2011,0.00012092687594248237
BA,2012,0.00011592208265220678
BA,2013,9.281620441220361e-05
BA,2014,0.00010683093888828742
BA,2015,0.0001117707616525435
BA,2016,0.00014505547159629936
BA,2017,0.00011777825830566312
BA,2018,8.155325579789283e-05
BA,2019,9.154454051556448e-05
BA,2020,2.3693277728061453e-05
BA,2021,0.0
BA,2022,0.0
BA,2023,0.0
TMO,2010,0.0
TMO,2011,0.0
TMO,2012,3.9249349609465736e-05
TMO,2013,2.8197605975371184e-05
TMO,2014,1.9978990952057554e-05
TMO,2015,1.900656586751358e-05
TMO,2016,1.6785098187021786e-05
TMO,2017,1.3747238513625995e-05
TMO,2018,1.2204840188500596e-05
TMO,2019,1.0572529966385965e-05
TMO,2020,9.437304116456801e-06
TMO,2021,8.021704049043525e-06
TMO,2022,8.845817669913271e-06
TMO,2023,1.0668937739660117e-05
SPGI,2010,0.00015352896493953195
SPGI,2011,0.00012165494335390199
SPGI,2012,0.0003161691409138762
SPGI,2013,8.89423427045548e-05
SPGI,2014,6.458924538107143e-05
SPGI,2015,5.804341976921302e-05
SPGI,2016,5.743699625991534e-05
SPGI,2017,4.821229814454883e-05
SPGI,2018,4.389574091610192e-05
SPGI,2019,4.1043251849078444e-05
SPGI,2020,3.4546476371692456e-05
SPGI,2021,3.207913654811163e-05
SPGI,2022,3.639987162978934e-05
SPGI,2023,3.897313893075091e-05
TXN,2010,0.00011184754115722466
TXN,2011,9.893878537582806e-05
TXN,2012,0.00013851772655314897
TXN,2013,0.00015849137041753237
TXN,2014,0.000145706059720635
TXN,2015,0.00013478996175445007
TXN,2016,0.000135990406775976
TXN,2017,0.0001258375942588363
TXN,2018,0.00012370788138036791
TXN,2019,0.00013072761637760114
TXN,2020,0.000134216599531623
TXN,2021,0.0001045631728973224
TXN,2022,0.00012004947071770054
TXN,2023,0.00013136122091631503
ISRG,2010,0.0
ISRG,2011,0.0
ISRG,2012,0.0
ISRG,2013,0.0
ISRG,2014,0.0
ISRG,2015,0.0
ISRG,2016,0.0
ISRG,2017,0.0
ISRG,2018,0.0
ISRG,2019,0.0
ISRG,2020,0.0
ISRG,2021,0.0
ISRG,2022,0.0
ISRG,2023,0.0
C,2010,0.0
C,2011,4.435360569476202e-06
C,2012,6.772987839568934e-06
C,2013,4.487039610190769e-06
C,2014,4.286181734141636e-06
C,2015,1.548303015365401e-05
C,2016,4.859527297594351e-05
C,2017,7.584868787672209e-05
C,2018,0.00011189166099552779
C,2019,0.00013827350821464128
C,2020,0.00019342665556022385
C,2021,0.00014287872006795086
C,2022,0.00017673243562292632
C,2023,0.0001939636372573138
MUFG,2010,0.0
MUFG,2011,0.0
MUFG,2012,0.0
MUFG,2013,0.0
MUFG,2014,0.0
MUFG,2015,0.0
MUFG,2016,0.0
MUFG,2017,0.0
MUFG,2018,0.0
MUFG,2019,0.0
MUFG,2020,0.00012305526358079744
MUFG,2021,0.0
MUFG,2022,0.0
MUFG,2023,0.0
PDD,2018,0.0
PDD,2019,0.0
PDD,2020,0.0
PDD,2021,0.0
PDD,2022,0.0
PDD,2023,0.0
QCOM,2010,0.00010955001068251335
QCOM,2011,8.880972210358364e-05
QCOM,2012,8.986483252619638e-05
QCOM,2013,0.00010669902904028846
QCOM,2014,0.00011525091487289704
QCOM,2015,0.00016351379890595203
QCOM,2016,0.00017996575755757144
QCOM,2017,0.00019001480039387378
QCOM,2018,0.00018453586178694608
QCOM,2019,0.0001630747315661667
QCOM,2020,0.00010951887965634647
QCOM,2021,8.011246016893844e-05
QCOM,2022,8.920659000582653e-05
QCOM,2023,0.00011015007761543935
SONY,2010,4.2958056299465935e-05
SONY,2011,6.1022936842236186e-05
SONY,2012,9.661656908848024e-05
SONY,2013,6.395769298224849e-05
SONY,2014,2.853854771731752e-05
SONY,2015,1.345300558476304e-05
SONY,2016,2.57698684411841e-05
SONY,2017,2.436001366903248e-05
SONY,2018,2.1158415048954593e-05
SONY,2019,3.0637066351736935e-05
SONY,2020,2.8226318494319392e-05
SONY,2021,1.993083594351305e-05
SONY,2022,2.631076413315227e-05
SONY,2023,2.624483104237946e-05
AMGN,2010,0.0
AMGN,2011,5.927229375863694e-05
AMGN,2012,0.00010699595684854776
AMGN,2013,0.00010172685179090919
AMGN,2014,0.00010327834401304221
AMGN,2015,0.00010647739176839263
AMGN,2016,0.00013558057667845984
AMGN,2017,0.00013934690817720604
AMGN,2018,0.00014025457043595447
AMGN,2019,0.00014371398190250569
AMGN,2020,0.0001254577667560985
AMGN,2021,0.0001373170430907639
AMGN,2022,0.0001362649930482737
AMGN,2023,0.0001455716446229046
BSX,2010,0.0
BSX,2011,0.0
BSX,2012,0.0
BSX,2013,0.0
BSX,2014,0.0
BSX,2015,0.0
BSX,2016,0.0
BSX,2017,0.0
BSX,2018,0.0
BSX,2019,0.0
BSX,2020,0.0
BSX,2021,0.0
BSX,2022,0.0
BSX,2023,0.0
ACN,2010,9.753162264851333e-05
ACN,2011,0.00010102814346596586
ACN,2012,0.00011251610649200825
ACN,2013,0.00011634908200722849
ACN,2014,0.00012087334185299164
ACN,2015,0.00010028522070196631
ACN,2016,9.122962306997753e-05
ACN,2017,9.057775508021345e-05
ACN,2018,8.029302381747772e-05
ACN,2019,5.4458694140501134e-05
ACN,2020,6.864986762660081e-05
ACN,2021,5.1842710065102686e-05
ACN,2022,5.6984564773508825e-05
ACN,2023,6.48018177989166e-05
UL,2010,0.0002582502819020924
UL,2011,0.00024959994276029846
UL,2012,0.00021868611817008271
UL,2013,0.00020226751446063979
UL,2014,0.0002086464883099029
UL,2015,0.00016283164768845802
UL,2016,0.00016984828449798483
UL,2017,0.0001590528560496913
UL,2018,0.00016940760345746922
UL,2019,0.0001515871974995453
UL,2020,0.000152428287178766
UL,2021,0.00016501714195672117
UL,2022,0.00016838931921837476
UL,2023,0.00015565318726537376
NEE,2010,0.0002424373137168195
NEE,2011,0.00023394842563206179
NEE,2012,0.0002100412704513053
NEE,2013,0.00018360925441708814
NEE,2014,0.00015829924505187995
NEE,2015,0.00015523196006164786
NEE,2016,0.000146599362873998
NEE,2017,0.00013261324892244536
NEE,2018,0.00012647024761950503
NEE,2019,0.00010990953282927775
NEE,2020,9.180379976995125e-05
NEE,2021,8.5821717184913e-05
NEE,2022,8.986501814177893e-05
NEE,2023,0.00011804084687851759
APP,2021,0.0
APP,2022,0.0
APP,2023,0.0
TJX,2010,6.386141445343815e-05
TJX,2011,6.31557897794696e-05
TJX,2012,5.151039297056575e-05
TJX,2013,4.8801646853278056e-05
TJX,2014,5.231481444937428e-05
TJX,2015,5.3243846065668065e-05
TJX,2016,5.9286390371475794e-05
TJX,2017,7.299147986411445e-05
TJX,2018,7.140785232888846e-05
TJX,2019,7.168743078727553e-05
TJX,2020,1.5375520566981707e-05
TJX,2021,6.265497915831358e-05
TJX,2022,7.434903263956076e-05
TJX,2023,6.357364633504366e-05
AMAT,2010,0.00011303090383253196
AMAT,2011,0.00012124355726414041
AMAT,2012,0.0001505473073867053
AMAT,2013,0.00011999263148703511
AMAT,2014,8.782260398979416e-05
AMAT,2015,9.303568041993834e-05
AMAT,2016,7.09396813972442e-05
AMAT,2017,3.9267994050431814e-05
AMAT,2018,6.907589841572192e-05
AMAT,2019,7.70854714164132e-05
AMAT,2020,5.505683207869818e-05
AMAT,2021,2.8582648116969725e-05
AMAT,2022,3.766530278750296e-05
AMAT,2023,3.775997209491926e-05
SYK,2010,5.70198848806549e-05
SYK,2011,6.61666844967616e-05
SYK,2012,7.70519256339175e-05
SYK,2013,7.381054286442016e-05
SYK,2014,6.665074450272819e-05
SYK,2015,6.669839140886944e-05
SYK,2016,5.964337775223303e-05
SYK,2017,5.345968044786769e-05
SYK,2018,5.062474478330083e-05
SYK,2019,4.3988463766762894e-05
SYK,2020,5.0675616104354605e-05
SYK,2021,4.103653551740227e-05
SYK,2022,5.128679465683396e-05
SYK,2023,4.30518152920744e-05
PGR,2010,0.00037001344437814337
PGR,2011,0.00012019971441099864
PGR,2012,0.00038132079994687885
PGR,2013,6.9709000929316e-05
PGR,2014,0.0003349019330679176
PGR,2015,0.0001343382312138189
PGR,2016,0.00014328951568754773
PGR,2017,8.937607984600179e-05
PGR,2018,9.967693976874734e-05
PGR,2019,0.00019149909707066304
PGR,2020,0.00015716135351772452
PGR,2021,0.000276680897516278
PGR,2022,1.4206571831120039e-05
PGR,2023,1.1945812177488838e-05
ARM,2023,0.0
ADBE,2010,0.0
ADBE,2011,0.0
ADBE,2012,0.0
ADBE,2013,0.0
ADBE,2014,0.0
ADBE,2015,0.0
ADBE,2016,0.0
ADBE,2017,0.0
ADBE,2018,0.0
ADBE,2019,0.0
ADBE,2020,0.0
ADBE,2021,0.0
ADBE,2022,0.0
ADBE,2023,0.0
DHR,2010,1.2805450514376755e-05
DHR,2011,1.23863641210326e-05
DHR,2012,1.2306316710453428e-05
DHR,2013,9.711153361824932e-06
DHR,2014,3.298063079237431e-05
DHR,2015,4.0430551202538464e-05
DHR,2016,0.0014630946260922476
DHR,2017,2.6571318081805385e-05
DHR,2018,2.60133768362639e-05
DHR,2019,1.956498461440131e-05
DHR,2020,1.623667411169589e-05
DHR,2021,1.2404704240346848e-05
DHR,2022,1.5111646358080075e-05
DHR,2023,1.8137913600914504e-05
SPOT,2018,0.0
SPOT,2019,0.0
SPOT,2020,0.0
SPOT,2021,0.0
SPOT,2022,0.0
SPOT,2023,0.0
ETN,2010,0.00016605597075599306
ETN,2011,0.00015971107557837777
ETN,2012,0.0001812434882313192
ETN,2013,0.00013732169285840252
ETN,2014,0.00014333277930172854
ETN,2015,0.00017350982817258454
ETN,2016,0.00018211131241481778
ETN,2017,0.00014959021993051763
ETN,2018,7.77834786738541e-05
ETN,2019,0.00015409317813291822
ETN,2020,0.00010113109967360607
ETN,2021,8.324339079234955e-05
ETN,2022,9.082824543492681e-05
ETN,2023,7.332389005338114e-05
PFE,2010,0.00030246775673492494
PFE,2011,0.0002892325326487807
PFE,2012,0.0002606332936027342
PFE,2013,0.00021475532273938674
PFE,2014,0.00021983095724322342
PFE,2015,0.00020122438274553322
PFE,2016,0.0002208496820788037
PFE,2017,0.00021881175679112474
PFE,2018,0.0001927189715257032
PFE,2019,0.00019167709435691862
PFE,2020,0.00020523572847985764
PFE,2021,0.0001886886312504102
PFE,2022,0.00015038660742047172
PFE,2023,0.00020606860780810837
HON,2010,0.0001526214708933934
HON,2011,0.00013655620291398618
HON,2012,0.00013662937364955762
HON,2013,0.00010750198618442679
HON,2014,9.872797604471293e-05
HON,2015,0.00010006286907559898
HON,2016,0.0001050190466323949
HON,2017,9.521709996340597e-05
HON,2018,9.321936352441524e-05
HON,2019,9.124001623037777e-05
HON,2020,0.0001008565484499436
HON,2021,7.333974836230726e-05
HON,2022,8.608559752477198e-05
HON,2023,9.127243461023277e-05
DE,2010,9.569835664488412e-05
DE,2011,0.0001045388584067725
DE,2012,0.00011582670045366824
DE,2013,0.00011818567837526409
DE,2014,0.00012745571812604228
DE,2015,0.00013618302849795707
DE,2016,0.000126977332251041
DE,2017,8.558287833688935e-05
DE,2018,8.240827745853386e-05
DE,2019,7.907401861713063e-05
DE,2020,7.012125182546287e-05
DE,2021,4.6155396822413566e-05
DE,2022,5.1390771229728735e-05
DE,2023,5.5043096622723665e-05
GILD,2010,0.0
GILD,2011,0.0
GILD,2012,0.0
GILD,2013,0.0
GILD,2014,0.0
GILD,2015,6.63413996958373e-05
GILD,2016,0.00012468827708786445
GILD,2017,0.00015557455251504976
GILD,2018,0.00016316702070131317
GILD,2019,0.00018994930505033552
GILD,2020,0.00019604828470719336
GILD,2021,0.0001945698474654057
GILD,2022,0.00019828061710122188
GILD,2023,0.0001622755112674617
SAN,2010,0.0005871888986646669
SAN,2011,0.0007001377444572359
SAN,2012,0.0011909985001567205
SAN,2013,0.0007235727148121179
SAN,2014,0.0005380515062526496
SAN,2015,0.000383268267947266
SAN,2016,0.000274794069339284
SAN,2017,0.00019781654545315591
SAN,2018,0.00021504250217538489
SAN,2019,0.0002709740032748555
SAN,2020,0.0
SAN,2021,0.00010776418613602339
SAN,2022,0.00018280025386204843
SAN,2023,0.000175386286110051
TTE,2010,0.0005968839392722964
TTE,2011,0.0005630363426291857
TTE,2012,0.0005078387460921099
TTE,2013,0.00047457886266059223
TTE,2014,0.0003911969701047117
TTE,2015,0.0004086454194497281
TTE,2016,0.00038027787621524396
TTE,2017,0.00034254963215515384
TTE,2018,0.0003057483044369272
TTE,2019,0.00023305362967394224
TTE,2020,0.0005200200493227106
TTE,2021,0.00033257526679322363
TTE,2022,0.0003312317439756419
TTE,2023,0.0002256355095063625
LOW,2010,9.433643414259164e-05
LOW,2011,0.00011010291581389946
LOW,2012,0.00010582339864336735
LOW,2013,8.058578220145716e-05
LOW,2014,8.130571115365309e-05
LOW,2015,6.950330127951838e-05
LOW,2016,7.96315023550085e-05
LOW,2017,9.049579827883196e-05
LOW,2018,8.387604798703593e-05
LOW,2019,8.75410874418306e-05
LOW,2020,7.668900550266856e-05
LOW,2021,6.0861268698010164e-05
LOW,2022,7.748569619342636e-05
LOW,2023,8.670826944658941e-05
COF,2010,2.5530579294857327e-05
COF,2011,2.1451463300812606e-05
COF,2012,1.879520387483679e-05
COF,2013,7.165748232464314e-05
COF,2014,7.614979498285824e-05
COF,2015,8.940001502748982e-05
COF,2016,0.0001103377800372443
COF,2017,8.617946166415056e-05
COF,2018,7.736853617413989e-05
COF,2019,7.977238779947616e-05
COF,2020,5.680830553322226e-05
COF,2021,7.219114345022193e-05
COF,2022,8.37590771633444e-05
COF,2023,9.457323597248513e-05
APH,2010,5.875698642324431e-06
APH,2011,5.6301698887631216e-06
APH,2012,3.246995021491129e-05
APH,2013,3.428007912218964e-05
APH,2014,3.9526012229993826e-05
APH,2015,4.267594690503775e-05
APH,2016,4.0898734495950444e-05
APH,2017,3.7730563994943656e-05
APH,2018,4.140430367955425e-05
APH,2019,4.1182494099353256e-05
APH,2020,4.480286987168433e-05
APH,2021,3.6342090855306614e-05
APH,2022,4.6281982250078034e-05
APH,2023,4.0370315808665075e-05
UNP,2010,9.540041694319294e-05
UNP,2011,0.00010717773440830073
UNP,2012,0.00011206153400116522
UNP,2013,0.00010080392721332285
UNP,2014,9.441462044768662e-05
UNP,2015,0.00011242613899471461
UNP,2016,0.00012237804822701903
UNP,2017,0.00010538394794002371
UNP,2018,9.78208267533946e-05
UNP,2019,9.876222546393915e-05
UNP,2020,9.445531515954148e-05
UNP,2021,8.308208384426099e-05
UNP,2022,9.619608348193535e-05
UNP,2023,0.00010129572862698017
BHP,2010,0.0002063146532268145
BHP,2011,0.0001963347071987354
BHP,2012,0.0002663383326725255
BHP,2013,0.00026607341820665596
BHP,2014,0.00027472156955887615
BHP,2015,0.0004600838383891661
BHP,2016,0.00014854184818308055
BHP,2017,0.0002813142698399775
BHP,2018,0.00033977534708869985
BHP,2019,0.0005711040114713552
BHP,2020,0.00028245231440504327
BHP,2021,0.0004688672192049279
BHP,2022,0.0005469787944281473
BHP,2023,0.0002553382729848845
KKR,2010,0.0002809026835563363
KKR,2011,0.00030571183720772547
KKR,2012,0.00036075665789524306
KKR,2013,0.00047873093531778353
KKR,2014,0.00047533941430718
KKR,2015,0.0003509724702997349
KKR,2016,0.00021794132053024761
KKR,2017,0.00015885409144789943
KKR,2018,0.0001169762265616435
KKR,2019,8.406001923518384e-05
KKR,2020,6.835956940672396e-05
KKR,2021,3.907009363854164e-05
KKR,2022,4.471743466347296e-05
KKR,2023,4.5722713949064385e-05
LRCX,2010,0.0
LRCX,2011,0.0
LRCX,2012,0.0
LRCX,2013,0.0
LRCX,2014,3.450205804100058e-05
LRCX,2015,6.420720621614707e-05
LRCX,2016,6.855788245111376e-05
LRCX,2017,5.362127264140663e-05
LRCX,2018,9.773130986580636e-05
LRCX,2019,9.060220431576653e-05
LRCX,2020,6.33325298065039e-05
LRCX,2021,3.7521452937781894e-05
LRCX,2022,5.829270269822005e-05
LRCX,2023,4.9173935096064225e-05
TD,2010,0.0002497553789916973
TD,2011,0.0002342741517606843
TD,2012,0.00024276544590863986
TD,2013,0.0002451915451493561
TD,2014,0.00021968378834441902
TD,2015,0.00022692499030786147
TD,2016,0.00022897648422062221
TD,2017,0.00019737183681570135
TD,2018,0.0001913059288930611
TD,2019,0.0002071044514611288
TD,2020,0.0002456928633391548
TD,2021,0.00018585141992836634
TD,2022,0.00018301345019792575
TD,2023,0.00020939992340383005
MU,2010,0.0
MU,2011,0.0
MU,2012,0.0
MU,2013,0.0
MU,2014,0.0
MU,2015,0.0
MU,2016,0.0
MU,2017,0.0
MU,2018,0.0
MU,2019,0.0
MU,2020,0.0
MU,2021,1.006698981397978e-05
MU,2022,3.1606018155791434e-05
MU,2023,2.7654479303086647e-05
UBS,2010,0.0
UBS,2011,0.0
UBS,2012,0.0
UBS,2013,0.0
UBS,2014,0.0
UBS,2015,0.00014150815274386445
UBS,2016,0.0003075069620981997
UBS,2017,0.00018206234740857183
UBS,2018,0.0
UBS,2019,0.0002649780121415465
UBS,2020,0.0002873883169733995
UBS,2021,0.00010494130038703832
UBS,2022,0.00012156422886497225
UBS,2023,0.00010960186623716607
ADP,2010,0.00018193024479542995
ADP,2011,0.00015719157310981782
ADP,2012,0.00015564320998159
ADP,2013,0.00013147044629839813
ADP,2014,0.0001199339922227538
ADP,2015,0.00011851943261023382
ADP,2016,0.0001149594176611497
ADP,2017,0.0001025687663183752
ADP,2018,9.631975999405563e-05
ADP,2019,9.173760874516127e-05
ADP,2020,0.00011223368555802233
ADP,2021,8.092159601659953e-05
ADP,2022,8.005112590095593e-05
ADP,2023,9.414039600000796e-05
BTI,2010,0.0004520521104995068
BTI,2011,0.00042149847896719975
BTI,2012,0.00036751762294134763
BTI,2013,0.00034749847421062033
BTI,2014,0.0003572516360565596
BTI,2015,0.00032124183674045974
BTI,2016,0.00026651568189848515
BTI,2017,0.0003161232323286547
BTI,2018,0.00042433832200163647
BTI,2019,0.0004479925074034951
BTI,2020,0.00043915683719851473
BTI,2021,0.0004349424771565015
BTI,2022,0.00037527584446199897
BTI,2023,0.00041063387750164224
KLAC,2010,0.00017222179330539652
KLAC,2011,0.0001875931219940379
KLAC,2012,0.00020017341352946932
KLAC,2013,0.00018529732397035527
KLAC,2014,0.0013648347503339602
KLAC,2015,0.0001637279080552063
KLAC,2016,0.00014258015521007768
KLAC,2017,0.00010819033224084671
KLAC,2018,0.00011734290064194111
KLAC,2019,0.00010433717373521948
KLAC,2020,7.624679018567187e-05
KLAC,2021,4.744385566783142e-05
KLAC,2022,5.263483394254696e-05
KLAC,2023,4.867905445994524e-05
BUD,2010,5.9196254240777425e-05
BUD,2011,0.00010268951968260352
BUD,2012,0.00011833803093199219
BUD,2013,0.00015988507227784464
BUD,2014,0.00015389010833529238
BUD,2015,0.00016186267660912192
BUD,2016,0.00016681458549293895
BUD,2017,0.00016153306626380548
BUD,2018,0.00016544918505787435
BUD,2019,0.00010509846022972528
BUD,2020,4.2084787773299514e-05
BUD,2021,3.5383300942667924e-05
BUD,2022,3.9800838343200204e-05
BUD,2023,5.3426329217241826e-05
MELI,2010,0.0
MELI,2011,1.8326969981538253e-05
MELI,2012,2.1739742032334262e-05
MELI,2013,2.1243713737268228e-05
MELI,2014,2.553174895734245e-05
MELI,2015,1.4295425004423557e-05
MELI,2016,1.6583109570799957e-05
MELI,2017,9.223941888198334e-06
MELI,2018,0.0
MELI,2019,0.0
MELI,2020,0.0
MELI,2021,0.0
MELI,2022,0.0
MELI,2023,0.0
IBN,2010,6.930668828139462e-05
IBN,2011,6.0873708982249236e-05
IBN,2012,9.761938995428226e-05
IBN,2013,6.943234261800987e-05
IBN,2014,6.504583984250839e-05
IBN,2015,6.840697486196395e-05
IBN,2016,8.707131144696032e-05
IBN,2017,3.2193698156411746e-05
IBN,2018,0.0
IBN,2019,1.0040319574097867e-05
IBN,2020,0.0
IBN,2021,1.1791758403059039e-05
IBN,2022,2.39550926345105e-05
IBN,2023,3.324962940751384e-05
CMCSA,2010,0.00011782254524684453
CMCSA,2011,0.00012577274621957887
CMCSA,2012,0.00010374061327507647
CMCSA,2013,9.073506141803379e-05
CMCSA,2014,6.52479483669528e-05
CMCSA,2015,8.410119691397083e-05
CMCSA,2016,0.00010472507186843484
CMCSA,2017,6.009393661785733e-05
CMCSA,2018,0.00012431820765996472
CMCSA,2019,6.893893167890569e-05
CMCSA,2020,0.00010171399099565855
CMCSA,2021,7.991712917655873e-05
CMCSA,2022,0.00011438320749159509
CMCSA,2023,0.00012354627539665824
MDT,2010,0.0001247359134263529
MDT,2011,0.00014359460635595281
MDT,2012,0.0001710635613726771
MDT,2013,0.00011103456396907552
MDT,2014,9.497932134362292e-05
MDT,2015,9.856902995697021e-05
MDT,2016,0.00010424905212170966
MDT,2017,0.00010780711025191745
MDT,2018,8.282799875613384e-05
MDT,2019,9.72318751028002e-05
MDT,2020,0.00010580650072879595
MDT,2021,9.42336444393922e-05
MDT,2022,0.0001339561289470525
MDT,2023,0.00014322437013371283
COP,2010,0.000267332905594536
COP,2011,0.00023250876195134664
COP,2012,0.0002801242915636165
COP,2013,0.0002477707901395867
COP,2014,0.0002161052072917967
COP,2015,0.00026499098738707656
COP,2016,0.00013372283247422437
COP,2017,0.0001144491022779215
COP,2018,8.924861789952232e-05
COP,2019,0.00010906159322673617
COP,2020,0.0001893537746514426
COP,2021,0.00015513067373722707
COP,2022,0.0002107222870149714
COP,2023,0.00015283269943362673
DASH,2020,0.0
DASH,2021,0.0
DASH,2022,0.0
DASH,2023,0.0
SNPS,2010,0.0
SNPS,2011,0.0
SNPS,2012,0.0
SNPS,2013,0.0
SNPS,2014,0.0
SNPS,2015,0.0
SNPS,2016,0.0
SNPS,2017,0.0
SNPS,2018,0.0
SNPS,2019,0.0
SNPS,2020,0.0
SNPS,2021,0.0
SNPS,2022,0.0
SNPS,2023,0.0
SNY,2010,0.00039043077579176594
SNY,2011,0.0003279102512175217
SNY,2012,0.00031872405374603436
SNY,2013,0.00022202837411543428
SNY,2014,0.00021950131535679803
SNY,2015,0.0001932269432503342
SNY,2016,0.00023643137805255104
SNY,2017,0.00017972168913284756
SNY,2018,0.0002593353789635338
SNY,2019,0.0002120378365635943
SNY,2020,0.00018025313026314734
SNY,2021,0.00017447556227731038
SNY,2022,0.00017465421655106885
SNY,2023,0.00016424607046668275
MSTR,2010,0.0
MSTR,2011,0.0
MSTR,2012,0.0
MSTR,2013,0.0
MSTR,2014,0.0
MSTR,2015,0.0
MSTR,2016,0.0
MSTR,2017,0.0
MSTR,2018,0.0
MSTR,2019,0.0
MSTR,2020,0.0
MSTR,2021,0.0
MSTR,2022,0.0
MSTR,2023,0.0
WELL,2010,0.0004715458951221964
WELL,2011,0.000415893928965993
WELL,2012,0.0003471688646106795
WELL,2013,0.0003036562839526913
WELL,2014,0.00031026055624692463
WELL,2015,0.0002801368742595391
WELL,2016,0.0002781282306700456
WELL,2017,0.000270347923891278
WELL,2018,0.00029320987727860583
WELL,2019,0.0002084359531853768
WELL,2020,0.0001986512875461551
WELL,2021,0.0001394892383470644
WELL,2022,0.00013357879218472217
WELL,2023,0.00012620983001775584
PANW,2012,0.0
PANW,2013,0.0
PANW,2014,0.0
PANW,2015,0.0
PANW,2016,0.0
PANW,2017,0.0
PANW,2018,0.0
PANW,2019,0.0
PANW,2020,0.0
PANW,2021,0.0
PANW,2022,0.0
PANW,2023,0.0
ADI,2010,0.00015762942693070659
ADI,2011,0.0001453514719065161
ADI,2012,0.00016593040655841766
ADI,2013,0.00015020756147633875
ADI,2014,0.00014079483266724087
ADI,2015,0.0001289903838575814
ADI,2016,0.0001305193166010562
ADI,2017,0.00010091871886388419
ADI,2018,9.078487134951875e-05
ADI,2019,8.959720429645569e-05
ADI,2020,9.055466474990992e-05
ADI,2021,7.087967413264235e-05
ADI,2022,7.842572364901258e-05
ADI,2023,7.810536690819954e-05
NKE,2010,7.125763510590759e-05
NKE,2011,6.899607097246089e-05
NKE,2012,6.836542886036854e-05
NKE,2013,6.267399827890201e-05
NKE,2014,5.4982317147952685e-05
NKE,2015,4.734584418648603e-05
NKE,2016,5.230772858447038e-05
NKE,2017,5.8342093583580357e-05
NKE,2018,4.8294522405852784e-05
NKE,2019,4.525539957998037e-05
NKE,2020,3.963345537524433e-05
NKE,2021,3.139584162170412e-05
NKE,2022,4.4872851492800694e-05
NKE,2023,5.190200705124523e-05
ICE,2010,0.0
ICE,2011,0.0
ICE,2012,0.0
ICE,2013,1.3711049733512521e-05
ICE,2014,5.8690372384855376e-05
ICE,2015,5.513150175636298e-05
ICE,2016,5.685708129908033e-05
ICE,2017,5.4104699690513484e-05
ICE,2018,5.517189010189552e-05
ICE,2019,5.5624095248196755e-05
ICE,2020,5.445843461568299e-05
ICE,2021,4.5862068248169725e-05
ICE,2022,5.980789810492286e-05
ICE,2023,6.174066923646674e-05
CB,2010,0.00012592347247160105
CB,2011,8.677121016865249e-05
CB,2012,0.0001686812505731312
CB,2013,8.23904430201856e-05
CB,2014,0.0001537297732588021
CB,2015,0.00011785237404654592
CB,2016,0.00010227348769660004
CB,2017,9.113906526618026e-05
CB,2018,9.953932816608251e-05
CB,2019,8.786814945099018e-05
CB,2020,0.000108664568120457
CB,2021,7.636759682527496e-05
CB,2022,6.817835482607688e-05
CB,2023,6.888852198191175e-05
MO,2010,0.0006503945357876699
MO,2011,0.0005433300606994989
MO,2012,0.00046800051866853444
MO,2013,0.000431224352298013
MO,2014,0.00037513489406885525
MO,2015,0.00031348811470527935
MO,2016,0.0002667089958009234
MO,2017,0.0002541182912707797
MO,2018,0.00035943335949250953
MO,2019,0.0004225182017857579
MO,2020,0.0005129934638318654
MO,2021,0.0003955999070382788
MO,2022,0.0004015021921456754
MO,2023,0.0004163825290046531
CRWD,2019,0.0
CRWD,2020,0.0
CRWD,2021,0.0
CRWD,2022,0.0
CRWD,2023,0.0
CEG,2022,3.868326076287192e-05
CEG,2023,4.9056685797167765e-05
SO,2010,0.00039383294583328
SO,2011,0.0003417198193253687
SO,2012,0.00029803294647837364
SO,2013,0.0003032305399961309
SO,2014,0.0003008871059711501
SO,2015,0.00029027854224383364
SO,2016,0.0002598216097811232
SO,2017,0.0002590664265936408
SO,2018,0.0002784148289336746
SO,2019,0.00022343757971689346
SO,2020,0.00020595288660088662
SO,2021,0.0001909300297937249
SO,2022,0.00017153858411627854
SO,2023,0.00017170868602037144
BBVA,2010,0.0006304069868572137
BBVA,2011,0.00048653935061108094
BBVA,2012,0.00058991089250477
BBVA,2013,0.0004404920779656668
BBVA,2014,0.0003331573616803747
BBVA,2015,0.0002225100209960882
BBVA,2016,0.00042519990288975934
BBVA,2017,0.00026300754798749186
BBVA,2018,0.00014154778453342602
BBVA,2019,0.0002877082112228646
BBVA,2020,0.0002916490607585865
BBVA,2021,0.00013654270294936695
BBVA,2022,0.0003647907117524461
BBVA,2023,0.0003154419757262638
SBUX,2010,7.107974658067344e-05
SBUX,2011,7.834525241385456e-05
SBUX,2012,7.46175200943428e-05
SBUX,2013,6.582361009470275e-05
SBUX,2014,7.3234010733903e-05
SBUX,2015,6.216137835704662e-05
SBUX,2016,7.138859628660205e-05
SBUX,2017,8.716706847817211e-05
SBUX,2018,0.00010664599287327938
SBUX,2019,8.348190561752323e-05
SBUX,2020,8.919292932588743e-05
SBUX,2021,7.196280463776194e-05
SBUX,2022,0.00010040160349646578
SBUX,2023,8.71309223052206e-05
RIO,2010,0.00017333144628847524
RIO,2011,0.00018266370163790826
RIO,2012,0.00029703151830389753
RIO,2013,0.0003206787550999067
RIO,2014,0.00032342604773886985
RIO,2015,0.0004465739449356352
RIO,2016,0.0004397560115225562
RIO,2017,0.00039641530247899715
RIO,2018,0.0004258478053636875
RIO,2019,0.0007680902516158247
RIO,2020,0.00044226036499732683
RIO,2021,0.0006432571572097048
RIO,2022,0.0005235395441748457
RIO,2023,0.0002789087661495972
ENB,2010,0.00027594804461569784
ENB,2011,0.0002477473232060782
ENB,2012,0.00022135385135887726
ENB,2013,0.0002086524653394766
ENB,2014,0.0001983864808547464
ENB,2015,0.00023594091140422856
ENB,2016,0.0002806722658481343
ENB,2017,0.0003060054862929089
ENB,2018,0.00020406447726144762
ENB,2019,0.0003681188529226535
ENB,2020,0.0004021469870989149
ENB,2021,0.0003604352638961394
ENB,2022,0.0003069759021758998
ENB,2023,0.00032578382236765955
CME,2010,0.00011357669836622963
CME,2011,0.00014948175269143137
CME,2012,0.0004731701131428119
CME,2013,0.0003715362055158414
CME,2014,0.0002826926635189508
CME,2015,0.0003048253230963313
CME,2016,0.00028099464299491
CME,2017,0.00023432134463692542
CME,2018,0.00013036881966725018
CME,2019,0.0001368441850248275
CME,2020,0.0001548127958571799
CME,2021,0.00014563660754078324
CME,2022,0.00020974491325448656
CME,2023,0.00020461024942468637
LMT,2010,0.0002259143773651625
LMT,2011,0.00025505574916639566
LMT,2012,0.00027171789499544287
LMT,2013,0.00023409899495567362
LMT,2014,0.00017020629331606464
LMT,2015,0.0001549505665091036
LMT,2016,0.00014145109208528928
LMT,2017,0.00012494365308687684
LMT,2018,0.00012245731933388878
LMT,2019,0.00011832315330896802
LMT,2020,0.00011701294621679107
LMT,2021,0.00013342102913576706
LMT,2022,0.00011037074771526747
LMT,2023,0.00011274954534384585
PLD,2010,0.0002606301895409268
PLD,2011,0.00022087817890868226
PLD,2012,0.00019298714603820078
PLD,2013,0.0001670377911015095
PLD,2014,0.00017847635498120234
PLD,2015,0.0001998378155517289
PLD,2016,0.0001766454085446744
PLD,2017,0.00014851557420261132
PLD,2018,0.0001440982001514201
PLD,2019,0.00012283487866034928
PLD,2020,0.0001130706286035684
PLD,2021,8.845142910857805e-05
PLD,2022,0.00011074864401676731
PLD,2023,0.00011874384052438466
SMFG,2010,0.0
SMFG,2011,0.0
SMFG,2012,0.0
SMFG,2013,0.0
SMFG,2014,0.0
SMFG,2015,0.0
SMFG,2016,0.0
SMFG,2017,0.0
SMFG,2018,0.0
SMFG,2019,0.0
SMFG,2020,0.0
SMFG,2021,0.0
SMFG,2022,0.0
SMFG,2023,0.0
MMC,2010,0.0001880945365615666
MMC,2011,0.00015444279694305001
MMC,2012,0.0001402869122716652
MMC,2013,0.00012214122750827576
MMC,2014,0.00010403480327841277
MMC,2015,9.97466533896445e-05
MMC,2016,9.860926289064096e-05
MMC,2017,8.615602259026875e-05
MMC,2018,8.525148902115884e-05
MMC,2019,8.151440173641407e-05
MMC,2020,7.369845988312461e-05
MMC,2021,6.352574692890485e-05
MMC,2022,5.88061552039639e-05
MMC,2023,5.909911484668079e-05
BN,2010,0.00010282145896239547
BN,2011,7.856974004262841e-05
BN,2012,7.933433822815705e-05
BN,2013,9.077182115381513e-05
BN,2014,7.077281339540122e-05
BN,2015,6.122125467415785e-05
BN,2016,6.827092691510859e-05
BN,2017,6.309698567797874e-05
BN,2018,6.14820355321202e-05
BN,2019,5.42603540211225e-05
BN,2020,5.4318474053995756e-05
BN,2021,4.226412727325823e-05
BN,2022,5.753476793069447e-05
BN,2023,3.3993346145823726e-05
HOOD,2021,0.0
HOOD,2022,0.0
HOOD,2023,0.0
AMT,2010,0.0
AMT,2011,3.206109925012857e-05
AMT,2012,6.842072220327946e-05
AMT,2013,7.432967121231442e-05
AMT,2014,7.865008093534583e-05
AMT,2015,9.736940473804882e-05
AMT,2016,9.889409421546427e-05
AMT,2017,9.551709630648244e-05
AMT,2018,0.00010359666269309738
AMT,2019,8.12659289703911e-05
AMT,2020,8.54574014196087e-05
AMT,2021,8.74066477790806e-05
AMT,2022,0.0001158183520342847
AMT,2023,0.00014273415222252145
BAM,2022,0.0
BAM,2023,0.00016295172539203376
DUK,2010,0.00043263944677538
DUK,2011,0.00038232883079600087
DUK,2012,0.0003279740309058577
DUK,2013,0.000286834651443794
DUK,2014,0.00026913920286997104
DUK,2015,0.0002604978672013728
DUK,2016,0.0002469488520916895
DUK,2017,0.00023035207857282126
DUK,2018,0.00024175957616112752
DUK,2019,0.00021449430753149733
DUK,2020,0.00020561550862948012
DUK,2021,0.00018087791127336208
DUK,2022,0.00017359792145113517
DUK,2023,0.00018625974762544374
CDNS,2010,0.0
CDNS,2011,0.0
CDNS,2012,0.0
CDNS,2013,0.0
CDNS,2014,0.0
CDNS,2015,0.0
CDNS,2016,0.0
CDNS,2017,0.0
CDNS,2018,0.0
CDNS,2019,0.0
CDNS,2020,0.0
CDNS,2021,0.0
CDNS,2022,0.0
CDNS,2023,0.0
VRTX,2010,0.0
VRTX,2011,0.0
VRTX,2012,0.0
VRTX,2013,0.0
VRTX,2014,0.0
VRTX,2015,0.0
VRTX,2016,0.0
VRTX,2017,0.0
VRTX,2018,0.0
VRTX,2019,0.0
VRTX,2020,0.0
VRTX,2021,0.0
VRTX,2022,0.0
VRTX,2023,0.0
TT,2010,3.884367526654456e-05
TT,2011,5.861817773198252e-05
TT,2012,7.428213702322544e-05
TT,2013,6.80347650128146e-05
TT,2014,7.847883214021468e-05
TT,2015,8.992823337742323e-05
TT,2016,9.341488360890815e-05
TT,2017,9.079288192535576e-05
TT,2018,9.11114557809801e-05
TT,2019,7.699061414671384e-05
TT,2020,8.157110167444958e-05
TT,2021,5.479434992878954e-05
TT,2022,7.095909512953364e-05
TT,2023,6.334829344951495e-05
WM,2010,0.0002163628525107785
WM,2011,0.00021970999051771633
WM,2012,0.00022957130342359278
WM,2013,0.00018466755264670177
WM,2014,0.0001642766022360188
WM,2015,0.00014295420621245847
WM,2016,0.00012212339965193288
WM,2017,0.00010262704540394603
WM,2018,9.450365164567122e-05
WM,2019,8.120263458656929e-05
WM,2020,8.219183842839423e-05
WM,2021,6.784361102271568e-05
WM,2022,6.627842639678585e-05
WM,2023,7.2000181237066e-05
PH,2010,8.299345711203748e-05
PH,2011,8.903941551845757e-05
PH,2012,9.744140776476967e-05
PH,2013,8.583698800258453e-05
PH,2014,8.177696700633175e-05
PH,2015,0.00010541991927322689
PH,2016,0.00010018450064849086
PH,2017,7.415051462482939e-05
PH,2018,7.504242878893595e-05
PH,2019,8.577733747890764e-05
PH,2020,7.5253135096403e-05
PH,2021,5.441836035284896e-05
PH,2022,7.323816603338556e-05
PH,2023,6.354788485818968e-05
BMY,2010,0.00024029590526145904
BMY,2011,0.0002962461457842214
BMY,2012,0.00024320740183695318
BMY,2013,0.00024121172629223828
BMY,2014,0.0001566456251829771
BMY,2015,0.00012639089812738994
BMY,2016,9.756232320671164e-05
BMY,2017,0.0001424533153330772
BMY,2018,0.0001360610081495186
BMY,2019,0.00017362404060406275
BMY,2020,0.00018270882439729786
BMY,2021,0.00010871886633209456
BMY,2022,0.0001401929840444666
BMY,2023,0.00015462083321738493
MCO,2010,8.239900521284584e-05
MCO,2011,7.469186560061069e-05
MCO,2012,7.50731725447225e-05
MCO,2013,6.536032658426634e-05
MCO,2014,5.6795156520848285e-05
MCO,2015,5.669356572821174e-05
MCO,2016,6.678223595290078e-05
MCO,2017,5.258482501968045e-05
MCO,2018,4.5488842305519504e-05
MCO,2019,4.2201940372432556e-05
MCO,2020,3.438217848980981e-05
MCO,2021,3.039145969474063e-05
MCO,2022,3.763828047920867e-05
MCO,2023,3.867765322060955e-05
DELL,2016,0.0
DELL,2017,0.0
DELL,2018,0.0
DELL,2019,0.0
DELL,2020,0.0
DELL,2021,0.0
DELL,2022,0.00010190505898499669
DELL,2023,0.00012220389450027873
CTAS,2010,0.00017908466650850646
CTAS,2011,8.434434645068358e-05
CTAS,2012,7.193494338417245e-05
CTAS,2013,6.519171602848198e-05
CTAS,2014,0.00010673982833278001
CTAS,2015,5.016118689989659e-05
CTAS,2016,5.595167532081972e-05
CTAS,2017,4.77354893325295e-05
CTAS,2018,4.7944196102987554e-05
CTAS,2019,4.067770450733904e-05
CTAS,2020,4.2645516377546756e-05
CTAS,2021,3.673990005315909e-05
CTAS,2022,4.223690764999993e-05
CTAS,2023,4.154771541880629e-05
RELX,2010,0.0002234912241097839
RELX,2011,0.00022020169481288195
RELX,2012,0.0002255006399834069
RELX,2013,0.00015953804961743698
RELX,2014,0.0001414149102338405
RELX,2015,0.00012063897912372304
RELX,2016,0.00011925961604198506
RELX,2017,0.00010761024549331283
RELX,2018,0.00011753424889944899
RELX,2019,0.00011041983348407978
RELX,2020,0.00011968931139060567
RELX,2021,0.00010453850965302106
RELX,2022,9.39740527015698e-05
RELX,2023,8.640866583259479e-05
RBLX,2021,0.0
RBLX,2022,0.0
RBLX,2023,0.0
BP,2010,0.00013722604612586274
BP,2011,0.00032992859436323387
BP,2012,0.0003921094760735474
BP,2013,0.00039765888786752734
BP,2014,0.00037427153183363764
BP,2015,0.00044128830301275624
BP,2016,0.0005065286520702601
BP,2017,0.00041011974619410387
BP,2018,0.00033346142248163915
BP,2019,0.0003375393938991796
BP,2020,0.00039085812200535596
BP,2021,0.00024343362156598988
BP,2022,0.00020196666940504226
BP,2023,0.00019944164128964171
SE,2017,0.0
SE,2018,0.0
SE,2019,0.0
SE,2020,0.0
SE,2021,0.0
SE,2022,0.0
SE,2023,0.0
ORLY,2010,0.0
ORLY,2011,0.0
ORLY,2012,0.0
ORLY,2013,0.0
ORLY,2014,0.0
ORLY,2015,0.0
ORLY,2016,0.0
ORLY,2017,0.0
ORLY,2018,0.0
ORLY,2019,0.0
ORLY,2020,0.0
ORLY,2021,0.0
ORLY,2022,0.0
ORLY,2023,0.0
HCA,2011,0.0
HCA,2012,0.001075271311087205
HCA,2013,0.0
HCA,2014,0.0
HCA,2015,0.0
HCA,2016,0.0
HCA,2017,0.0
HCA,2018,5.0717062182112015e-05
HCA,2019,5.172290388559605e-05
HCA,2020,2.303680161368074e-05
HCA,2021,3.580436469717405e-05
HCA,2022,4.153158638712684e-05
HCA,2023,3.643765681940607e-05
SHW,2010,9.449213615309355e-05
SHW,2011,8.17904120934845e-05
SHW,2012,5.7071030377899465e-05
SHW,2013,5.0776926576440726e-05
SHW,2014,4.588553604404318e-05
SHW,2015,4.19591594990168e-05
SHW,2016,5.239577129889929e-05
SHW,2017,4.3033253472112866e-05
SHW,2018,3.5617599260212275e-05
SHW,2019,3.869012352647203e-05
SHW,2020,3.6401773200610484e-05
SHW,2021,3.226923333743448e-05
SHW,2022,3.8844821802563984e-05
SHW,2023,4.0005262662583883e-05
INTC,2010,0.00018337718904241397
INTC,2011,0.00020012618261248572
INTC,2012,0.0001931095125241154
INTC,2013,0.0002122346056907088
INTC,2014,0.00016578506918281825
INTC,2015,0.00015113166788477024
INTC,2016,0.0001615146640398313
INTC,2017,0.00013346342556144045
INTC,2018,0.00011586736722873055
INTC,2019,0.00011187510903004211
INTC,2020,0.00010816439143844698
INTC,2021,0.00010963027709434503
INTC,2022,0.00016336466124936374
INTC,2023,9.628852624585367e-05
RCL,2010,0.0
RCL,2011,3.9247365520869633e-05
RCL,2012,7.173801176490598e-05
RCL,2013,8.65147880893154e-05
RCL,2014,8.050570788063958e-05
RCL,2015,7.063847421847391e-05
RCL,2016,9.875089906157173e-05
RCL,2017,8.337724225635876e-05
RCL,2018,9.5248223396814e-05
RCL,2019,0.00010167970786006229
RCL,2020,4.738450605189866e-05
RCL,2021,0.0
RCL,2022,0.0
RCL,2023,0.0
NOC,2010,0.0001655923455915479
NOC,2011,0.00017624189785852735
NOC,2012,0.00017413523514030129
NOC,2013,0.00013543883478439104
NOC,2014,0.0001014918225963213
NOC,2015,8.496274136778798e-05
NOC,2016,7.414573240978499e-05
NOC,2017,6.631030072733242e-05
NOC,2018,6.906086154651092e-05
NOC,2019,6.930946515347323e-05
NOC,2020,7.234888276997492e-05
NOC,2021,7.610754859723374e-05
NOC,2022,5.996166500420674e-05
NOC,2023,6.715422462685096e-05
GD,2010,0.00013891169706070966
GD,2011,0.0001468073934759277
GD,2012,0.00019782689479844737
GD,2013,0.00011314584122764961
GD,2014,0.00011117235556414849
GD,2015,9.624763379864704e-05
GD,2016,0.00010525937800064407
GD,2017,8.118104153079418e-05
GD,2018,8.349146223063298e-05
GD,2019,0.00010513809322364061
GD,2020,0.00012749141171191885
GD,2021,0.00011228813012731931
GD,2022,9.436001238746373e-05
GD,2023,9.813943707806974e-05
NTES,2010,0.0
NTES,2011,0.0
NTES,2012,0.0
NTES,2013,0.00011003536331671059
NTES,2014,0.00015849179412967234
NTES,2015,6.360122319483141e-05
NTES,2016,7.43182330699691e-05
NTES,2017,5.641386002811776e-05
NTES,2018,3.2855210844965886e-05
NTES,2019,0.0001467110965368293
NTES,2020,4.916830478875478e-05
NTES,2021,3.429553403468584e-05
NTES,2022,7.89066833936696e-05
NTES,2023,7.574790526948517e-05
MCK,2010,4.685256117778628e-05
MCK,2011,4.295402647474493e-05
MCK,2012,4.022162304809132e-05
MCK,2013,3.0819478619912404e-05
MCK,2014,2.1737972182291876e-05
MCK,2015,2.1157976417455252e-05
MCK,2016,2.8936654357641892e-05
MCK,2017,3.4632075794479643e-05
MCK,2018,4.556822838280157e-05
MCK,2019,4.993968636582515e-05
MCK,2020,4.319067743203286e-05
MCK,2021,3.679355361922837e-05
MCK,2022,2.436348189024934e-05
MCK,2023,2.3193132289398406e-05
TRI,2010,0.0001954247291149206
TRI,2011,0.00021503061158775535
TRI,2012,0.0002620886951742033
TRI,2013,0.00020803182539351348
TRI,2014,0.00019136916374689792
TRI,2015,0.00016941167305865482
TRI,2016,0.00016739345734039074
TRI,2017,0.000147190982239708
TRI,2018,8.132625781277941e-05
TRI,2019,0.00010214120224208562
TRI,2020,9.018234468218858e-05
TRI,2021,6.967758314950506e-05
TRI,2022,7.314195350778267e-05
TRI,2023,0.00021365421761963715
BMO,2010,0.00035543032042488937
BMO,2011,0.00033707348837373974
BMO,2012,0.00033526350374675105
BMO,2013,0.0002955279106296543
BMO,2014,0.0002534809377227511
BMO,2015,0.00025626876310745074
BMO,2016,0.00024210651448205786
BMO,2017,0.00020519936626125932
BMO,2018,0.00015473117269398378
BMO,2019,0.00021334937107202724
BMO,2020,0.0002635789426793767
BMO,2021,0.00017537632680952617
BMO,2022,0.00018843034829931767
BMO,2023,0.00021602286778423186
MMM,2010,0.0001591213583366366
MMM,2011,0.00015650410914453653
MMM,2012,0.00015974468219547475
MMM,2013,0.00012998482278881249
MMM,2014,0.00013554222808191558
MMM,2015,0.00014417278798539682
MMM,2016,0.00014289246712953198
MMM,2017,0.00012317529292695884
MMM,2018,0.00013432297211344322
MMM,2019,0.00016692014689995808
MMM,2020,0.00017641675754122245
MMM,2021,0.00014650896722049082
MMM,2022,0.00018899254759953586
MMM,2023,0.0002526200092407596
PBR,2010,0.00045238632858116845
PBR,2011,0.0004822958759379148
PBR,2012,0.00033079395112291406
PBR,2013,0.00019147142480740545
PBR,2014,0.00044401657965198487
PBR,2015,0.0
PBR,2016,0.0
PBR,2017,0.0
PBR,2018,0.00013028849211317668
PBR,2019,0.00012805600998930822
PBR,2020,0.00012344614511408954
PBR,2021,0.0022814407310536027
PBR,2022,0.0038939891970756384
PBR,2023,0.0013137304132628752
PBR-A,2010,0.0005613405738865083
PBR-A,2011,0.0005923692506132352
PBR-A,2012,0.00038128456652487743
PBR-A,2013,0.0005558111461332877
PBR-A,2014,0.0008400891929127329
PBR-A,2015,0.0
PBR-A,2016,0.0
PBR-A,2017,0.0
PBR-A,2018,0.0005345614133428726
PBR-A,2019,0.0004109663657606736
PBR-A,2020,0.0
PBR-A,2021,0.002319848699110271
PBR-A,2022,0.004182866274372824
PBR-A,2023,0.0013980196990882403
MDLZ,2010,0.00031717530314442346
MDLZ,2011,0.0002739579150609872
MDLZ,2012,0.0028570302492651463
MDLZ,2013,0.00010920972952268936
MDLZ,2014,8.106724685487246e-05
MDLZ,2015,7.732171015353163e-05
MDLZ,2016,8.208627984884206e-05
MDLZ,2017,9.17485785733858e-05
MDLZ,2018,0.00010922124926568966
MDLZ,2019,9.30130406426164e-05
MDLZ,2020,9.87089389211244e-05
MDLZ,2021,9.455013196395499e-05
MDLZ,2022,0.00010176396704976238
MDLZ,2023,9.608274008130399e-05
CVS,2010,6.132369041270362e-05
CVS,2011,7.971973927978694e-05
CVS,2012,8.231787937001304e-05
CVS,2013,8.577654220390936e-05
CVS,2014,7.940732520011173e-05
CVS,2015,7.238384124013582e-05
CVS,2016,9.399680633148257e-05
CVS,2017,0.0001319410315804545
CVS,2018,0.00014241340928464505
CVS,2019,0.0001633739766716818
CVS,2020,0.00014609861410798134
CVS,2021,0.0001144642183891528
CVS,2022,0.00010076542624574497
CVS,2023,0.00013882193079364858
TDG,2010,0.0
TDG,2011,0.0
TDG,2012,0.0007788906113812517
TDG,2013,0.0010583237886208812
TDG,2014,0.0008856895860892002
TDG,2015,0.0
TDG,2016,0.0005013223010604884
TDG,2017,0.0004239020266225639
TDG,2018,0.0
TDG,2019,0.000531974370568405
TDG,2020,0.0
TDG,2021,0.0
TDG,2022,0.0001230801151775421
TDG,2023,0.00015435186931663756
COIN,2021,0.0
COIN,2022,0.0
COIN,2023,0.0
APO,2011,0.0006008127982005526
APO,2012,0.0009144900449037644
APO,2013,0.001229190291509661
APO,2014,0.0008425946753552823
APO,2015,0.0005825494846172781
APO,2016,0.0004180108536287914
APO,2017,0.0003758787923793913
APO,2018,0.0003161699982400133
APO,2019,0.0002898856912970175
APO,2020,0.00022790524460078085
APO,2021,0.0001548854363107402
APO,2022,0.00011181294566657241
APO,2023,9.369995545514531e-05
RACE,2015,0.0
RACE,2016,5.454040852634573e-05
RACE,2017,3.913359457457897e-05
RACE,2018,2.993847283954084e-05
RACE,2019,3.4474105703959165e-05
RACE,2020,3.198033967746384e-05
RACE,2021,1.9985497761331108e-05
RACE,2022,2.683352647475213e-05
RACE,2023,2.8804900437760067e-05
AON,2010,6.981142902805211e-05
AON,2011,5.6295293659608446e-05
AON,2012,5.6063363372032396e-05
AON,2013,4.675466007408993e-05
AON,2014,4.884286503317109e-05
AON,2015,5.213127482196947e-05
AON,2016,5.462525016371612e-05
AON,2017,4.7378367749297315e-05
AON,2018,5.7130249638122345e-05
AON,2019,4.0074856381233705e-05
AON,2020,3.783313399910047e-05
AON,2021,3.217003983592962e-05
AON,2022,3.14571336310657e-05
AON,2023,3.07941602561693e-05
SCCO,2010,0.00015378675280345818
SCCO,2011,0.0002554894831178912
SCCO,2012,3.5835668760762105e-05
SCCO,2013,2.9177528885915672e-05
SCCO,2014,3.846743805767291e-05
SCCO,2015,2.316068427702765e-05
SCCO,2016,2.284514015322893e-05
SCCO,2017,7.078997263028685e-05
SCCO,2018,4.725959012008286e-05
SCCO,2019,0.00011585229337420071
SCCO,2020,0.0001628909592700232
SCCO,2021,0.00014551239791591616
SCCO,2022,6.52324767944718e-05
SCCO,2023,5.274282320473401e-05
CVNA,2017,0.0
CVNA,2018,0.0
CVNA,2019,0.0
CVNA,2020,0.0
CVNA,2021,0.0
CVNA,2022,0.0
CVNA,2023,0.0
MFG,2010,0.0
MFG,2011,0.0
MFG,2012,0.0
MFG,2013,0.0
MFG,2014,0.0
MFG,2015,0.0
MFG,2016,0.0
MFG,2017,0.0
MFG,2018,0.0
MFG,2019,0.0
MFG,2020,0.00011988810568474824
MFG,2021,0.0
MFG,2022,0.0
MFG,2023,0.0
ECL,2010,6.350350037595922e-05
ECL,2011,6.435874648902845e-05
ECL,2012,5.864514413334308e-05
ECL,2013,4.8898374358646884e-05
ECL,2014,4.7641161021594895e-05
ECL,2015,5.253373215967936e-05
ECL,2016,5.374392933492529e-05
ECL,2017,5.0104991571977034e-05
ECL,2018,4.9415980395692256e-05
ECL,2019,4.208874976895112e-05
ECL,2020,4.037211505238357e-05
ECL,2021,3.657983697734146e-05
ECL,2022,5.54418529556542e-05
ECL,2023,4.981295347033275e-05
EQIX,2010,0.0
EQIX,2011,0.0
EQIX,2012,0.0
EQIX,2013,0.0
EQIX,2014,0.0001943445960842081
EQIX,2015,0.00032128716109263767
EQIX,2016,9.873922223994531e-05
EQIX,2017,8.596559019663883e-05
EQIX,2018,0.00010382662902721465
EQIX,2019,8.700480861359582e-05
EQIX,2020,6.582411026875253e-05
EQIX,2021,6.603188401089764e-05
EQIX,2022,7.663343352305342e-05
EQIX,2023,8.19421787067452e-05
NEM,2010,4.77342205956775e-05
NEM,2011,9.072998769878431e-05
NEM,2012,0.00015195467652596217
NEM,2013,0.00019521470561206046
NEM,2014,4.815596411889881e-05
NEM,2015,2.5247617530461758e-05
NEM,2016,1.923083864517453e-05
NEM,2017,3.5012469821589046e-05
NEM,2018,8.035928466268929e-05
NEM,2019,0.00019390751551856913
NEM,2020,8.163060797497306e-05
NEM,2021,0.00016621718632048297
NEM,2022,0.0001745994304185258
NEM,2023,0.00016674688396029643
ITW,2010,0.00015408284382953066
ITW,2011,0.00015672454399547685
ITW,2012,0.00014081986826460283
ITW,2013,0.00011608810950440499
ITW,2014,0.00010592693243718344
ITW,2015,0.00011444640482587516
ITW,2016,0.00010561359795658927
ITW,2017,9.34187785483515e-05
ITW,2018,0.00012100070894626054
ITW,2019,0.0001210644239536828
ITW,2020,0.00011204789322445468
ITW,2021,9.065797066764431e-05
ITW,2022,0.00010841180141809942
ITW,2023,9.235767389784707e-05
GSK,2010,0.0004546662213919237
GSK,2011,0.0004228694437932147
GSK,2012,0.0004252451835770436
GSK,2013,0.00035097162293477386
GSK,2014,0.00035850266799625056
GSK,2015,0.00035985201735503925
GSK,2016,0.00041431519425281377
GSK,2017,0.00030231680307109726
GSK,2018,0.0003024838084647445
GSK,2019,0.00025909018949152166
GSK,2020,0.0002490411051845206
GSK,2021,0.00026627887012655425
GSK,2022,0.00019828698302208755
GSK,2023,0.00017158514177292357
EMR,2010,0.00016237678581799877
EMR,2011,0.0001626481809730608
EMR,2012,0.00018469000247841176
EMR,2013,0.00014893213214405595
EMR,2014,0.00014519681867886333
EMR,2015,0.00018354072323656026
EMR,2016,0.00018769981444247014
EMR,2017,0.00015445670729009214
EMR,2018,0.00012796769807087605
EMR,2019,0.00013832916591459678
EMR,2020,0.00013251520240030473
EMR,2021,9.22792687540587e-05
EMR,2022,9.810084161001063e-05
EMR,2023,9.894036152558311e-05
AJG,2010,0.00027780473785126363
AJG,2011,0.00024630240478105264
AJG,2012,0.0002019105143280322
AJG,2013,0.0001676784530822496
AJG,2014,0.00015083419698536704
AJG,2015,0.00015564181782679645
AJG,2016,0.00014977801852391104
AJG,2017,0.00011787610361106949
AJG,2018,0.00010148745375545132
AJG,2019,8.407647360425228e-05
AJG,2020,7.17229725209008e-05
AJG,2021,5.565387036992223e-05
AJG,2022,4.7846848837658585e-05
AJG,2023,4.1715533767284356e-05
MSI,2010,0.0
MSI,2011,5.0589343493928084e-05
MSI,2012,9.472908496629537e-05
MSI,2013,9.211808597376916e-05
MSI,2014,9.655145226362492e-05
MSI,2015,0.00010256612710539733
MSI,2016,0.00010425066710256903
MSI,2017,0.00010004223424173078
MSI,2018,7.82473239427141e-05
MSI,2019,6.441296066438867e-05
MSI,2020,7.341651808427954e-05
MSI,2021,5.5373805499362225e-05
MSI,2022,5.793957625226441e-05
MSI,2023,5.16614078171269e-05
PNC,2010,4.1610352462315915e-05
PNC,2011,0.0001233874544391435
PNC,2012,0.00014846283338018667
PNC,2013,0.00014532100868924088
PNC,2014,0.00012862350811982545
PNC,2015,0.00012133768035703614
PNC,2016,0.000132315342628386
PNC,2017,0.00010945354759209347
PNC,2018,0.00012533347638218485
PNC,2019,0.00015636139254687707
PNC,2020,0.0001973713710548307
PNC,2021,0.00012408119795643237
PNC,2022,0.00015129378714040937
PNC,2023,0.00020242587035151284
RSG,2010,0.00014319149520635715
RSG,2011,0.00015368320670704804
RSG,2012,0.0001693609001770486
RSG,2013,0.00014813450508800914
RSG,2014,0.00013899305849713803
RSG,2015,0.0001334557025607906
RSG,2016,0.00011112194713767136
RSG,2017,9.250207132801797e-05
RSG,2018,9.122891575843007e-05
RSG,2019,7.864970417605752e-05
RSG,2020,8.154989932346673e-05
RSG,2021,6.37123109684436e-05
RSG,2022,5.969706852706335e-05
RSG,2023,5.675959119142644e-05
ABNB,2020,0.0
ABNB,2021,0.0
ABNB,2022,0.0
ABNB,2023,0.0
NET,2019,0.0
NET,2020,0.0
NET,2021,0.0
NET,2022,0.0
NET,2023,0.0
UPS,2010,0.0001899895681606201
UPS,2011,0.00018648016908534207
UPS,2012,0.00018609528792116561
UPS,2013,0.00016436406703556602
UPS,2014,0.00015409040146683307
UPS,2015,0.00016016281698269115
UPS,2016,0.00016081761028713233
UPS,2017,0.00016110619138239067
UPS,2018,0.0001645749482972215
UPS,2019,0.0001694606192072708
UPS,2020,0.0001577119201842555
UPS,2021,9.909222989597298e-05
UPS,2022,0.0001452179024816534
UPS,2023,0.00017264914313875937
HWM,2016,0.00012804393024621187
HWM,2017,3.873356237367129e-05
HWM,2018,4.567588219946484e-05
HWM,2019,2.343454298508995e-05
HWM,2020,2.5487585116194204e-06
HWM,2021,5.125647595206202e-06
HWM,2022,1.1475883976027994e-05
HWM,2023,1.5164612870489282e-05
