Ticker,Year,MarketCap
NVDA,2010,7582457953.98291
NVDA,2011,9440935790.951416
NVDA,2012,7556478094.120799
NVDA,2013,8074914032.5271
NVDA,2014,10761744994.856445
NVDA,2015,14005147704.430786
NVDA,2016,32195275285.898926
NVDA,2017,90186199272.87582
NVDA,2018,140286924868.092
NVDA,2019,105790503710.18555
NVDA,2020,240412170866.2151
NVDA,2021,475077516726.7578
NVDA,2022,452175177933.8303
NVDA,2023,891283821919.4268
MSFT,2010,152279169491.47974
MSFT,2011,150131103639.3972
MSFT,2012,176546537404.46423
MSFT,2013,198351196296.83856
MSFT,2014,266675903645.7755
MSFT,2015,301252967995.12146
MSFT,2016,366168420239.58923
MSFT,2017,489008308627.76715
MSFT,2018,699534633837.6394
MSFT,2019,917457935741.1486
MSFT,2020,1374829034684.392
MSFT,2021,1984422628308.6304
MSFT,2022,1949085061203.9182
MSFT,2023,2298508864283.486
AAPL,2010,115893931449.75035
AAPL,2011,162351806178.69836
AAPL,2012,257550907549.50256
AAPL,2013,215566045171.1284
AAPL,2014,301691488237.6877
AAPL,2015,399224576820.49255
AAPL,2016,355101042249.444
AAPL,2017,520717700075.6076
AAPL,2018,663851461393.3633
AAPL,2019,742821107961.0204
AAPL,2020,1375933580117.5784
AAPL,2021,2048169381353.5845
AAPL,2022,2261791140906.783
AAPL,2023,2535776296452.7856
AMZN,2010,74195917976.97424
AMZN,2011,104874369088.93277
AMZN,2012,117475809961.70552
AMZN,2013,158923847973.24542
AMZN,2014,177331168233.66147
AMZN,2015,254964843989.20267
AMZN,2016,373017198436.7423
AMZN,2017,516270197757.67804
AMZN,2018,875442237679.8557
AMZN,2019,954076160334.1274
AMZN,2020,1429552516959.504
AMZN,2021,1783100281648.5664
AMZN,2022,1344831240222.609
AMZN,2023,1294428728004.3313
GOOGL,2010,77506128225.25021
GOOGL,2011,82332119366.87857
GOOGL,2012,93017303767.8005
GOOGL,2013,127952343922.31764
GOOGL,2014,164253305538.87265
GOOGL,2015,179248555629.31714
GOOGL,2016,220657204495.12662
GOOGL,2017,271703494805.8353
GOOGL,2018,324400830203.092
GOOGL,2019,344399960436.28186
GOOGL,2020,427600675475.4701
GOOGL,2021,718308219661.498
GOOGL,2022,663581344235.0256
GOOGL,2023,686909249750.1107
META,2012,53222975032.46283
META,2013,76537307847.63396
META,2014,148329023448.00192
META,2015,191494226237.5992
META,2016,252461110317.59595
META,2017,337754518356.0096
META,2018,369970718465.688
META,2019,391814948449.78455
META,2020,505955749307.6056
META,2021,692795979596.4316
META,2022,388687525676.96014
META,2023,563925075221.6602
AVGO,2010,7155870079.191147
AVGO,2011,10855392618.871616
AVGO,2012,11717218401.43161
AVGO,2013,13373912314.086718
AVGO,2014,25994462137.068443
AVGO,2015,45012534535.05429
AVGO,2016,57061575852.42231
AVGO,2017,87290346713.23137
AVGO,2018,91242509860.84505
AVGO,2019,114303537290.78706
AVGO,2020,133889400635.8702
AVGO,2021,212622940967.26993
AVGO,2022,239593890250.22403
AVGO,2023,357492706434.53546
TSLA,2010,5019197124.081017
TSLA,2011,5763827945.821874
TSLA,2012,6702183937.373769
TSLA,2013,22449396354.855274
TSLA,2014,48022453384.97269
TSLA,2015,49466123751.92717
TSLA,2016,45106254191.02748
TSLA,2017,67587432448.000496
TSLA,2018,68231151722.24505
TSLA,2019,58817198390.61985
TSLA,2020,311790344409.30133
TSLA,2021,838611066623.5809
TSLA,2022,848593573850.898
TSLA,2023,701455507968.8368
TSM,2010,34862572971.96463
TSM,2011,44049299604.10061
TSM,2012,53932137881.090515
TSM,2013,66835435441.241844
TSM,2014,78233832748.95992
TSM,2015,89844642604.47871
TSM,2016,109924825991.19495
TSM,2017,151669116748.4103
TSM,2018,178116141870.7825
TSM,2019,199757436702.7773
TSM,2020,330826823303.00134
TSM,2021,573783592003.8269
TSM,2022,446695955646.7518
TSM,2023,467953332439.3531
BRK-B,2010,108222850362.2394
BRK-B,2011,106952669514.41936
BRK-B,2012,114962745511.57387
BRK-B,2013,151887601244.70642
BRK-B,2014,179796236248.79486
BRK-B,2015,193205206666.92795
BRK-B,2016,198556278480.98187
BRK-B,2017,241369828335.85663
BRK-B,2018,280573265095.35034
BRK-B,2019,286838239045.8453
BRK-B,2020,282616866104.77496
BRK-B,2021,375945140711.12445
BRK-B,2022,419753595134.4948
BRK-B,2023,462116874181.597
WMT,2010,102656961548.1673
WMT,2011,107951954415.56229
WMT,2012,137091585885.577
WMT,2013,157307758313.10855
WMT,2014,165531342537.24094
WMT,2015,158887237718.8072
WMT,2016,157093199022.00668
WMT,2017,183493319944.4405
WMT,2018,219667185728.45065
WMT,2019,263649667637.86316
WMT,2020,320957141610.27716
WMT,2021,356329092328.8011
WMT,2022,353149725675.9706
WMT,2023,397315017697.7412
JPM,2010,74439437184.88756
JPM,2011,73433458222.90991
JPM,2012,75405294448.90297
JPM,2013,102648247182.84258
JPM,2014,118239926301.04773
JPM,2015,133239238463.39058
JPM,2016,140972416795.84085
JPM,2017,202578197032.96133
JPM,2018,249064158221.9902
JPM,2019,263623487784.79596
JPM,2020,254724530397.34744
JPM,2021,383825192371.0266
JPM,2022,324375755951.8871
JPM,2023,376653746873.18823
ORCL,2010,58140325411.8154
ORCL,2011,72147688099.91986
ORCL,2012,69135890433.72069
ORCL,2013,78996328669.8912
ORCL,2014,95270678625.85118
ORCL,2015,98091495311.58557
ORCL,2016,95806206126.00743
ORCL,2017,115427417656.17906
ORCL,2018,121056306452.11003
ORCL,2019,137997325659.46094
ORCL,2020,144133870678.79636
ORCL,2021,216129290108.74365
ORCL,2022,204066534990.96732
ORCL,2023,284855953588.9187
V,2010,30204536789.621986
V,2011,31831558523.671307
V,2012,48641903914.94064
V,2013,70443632146.8087
V,2014,87227621762.75053
V,2015,112106936555.42787
V,2016,124319875112.89163
V,2017,157119244007.92975
V,2018,214674569079.24512
V,2019,271805465460.55997
V,2020,317990069445.0201
V,2021,366472000645.2055
V,2022,343676098032.8077
V,2023,392769266392.60913
LLY,2010,21375914447.67719
LLY,2011,23662453413.89338
LLY,2012,29437415927.33551
LLY,2013,37003907151.09422
LLY,2014,44919979109.75901
LLY,2015,59101532442.554054
LLY,2016,58779090369.8527
LLY,2017,64936557298.37948
LLY,2018,75976584243.22705
LLY,2019,96641801166.14786
LLY,2020,126035151390.8081
LLY,2021,193765930598.2632
LLY,2022,269033233404.4948
LLY,2023,411312473922.4033
MA,2010,18971112847.425632
MA,2011,24762833421.306725
MA,2012,35836615479.77242
MA,2013,51145036805.567375
MA,2014,65001668923.04543
MA,2015,78197656421.18117
MA,2016,81537417303.3018
MA,2017,109192876001.14539
MA,2018,165283525136.66028
MA,2019,222187154301.15533
MA,2020,269761925229.10785
MA,2021,313247897006.3894
MA,2022,300311344303.14996
MA,2023,341676730517.23834
NFLX,2010,7149028511.155185
NFLX,2011,11682796382.686058
NFLX,2012,5037522191.186121
NFLX,2013,14987918585.92134
NFLX,2014,24431171877.122364
NFLX,2015,39048862843.75641
NFLX,2016,43355353200.07398
NFLX,2017,70271826746.39937
NFLX,2018,135674763204.12099
NFLX,2019,139746430244.1402
NFLX,2020,189868515905.23502
NFLX,2021,237201222159.36447
NFLX,2022,120950619790.25096
NFLX,2023,165826476851.05005
XOM,2010,156738945459.02576
XOM,2011,196966231700.634
XOM,2012,219159472649.8758
XOM,2013,235304864448.64056
XOM,2014,259904004237.01218
XOM,2015,228069037372.55286
XOM,2016,246027843348.75977
XOM,2017,242019050102.17117
XOM,2018,245763476899.00818
XOM,2019,236629375820.70126
XOM,2020,151222288960.10593
XOM,2021,212634340623.4251
XOM,2022,353049800540.2974
XOM,2023,432298036983.3594
COST,2010,19261922467.266926
COST,2011,25308971895.938477
COST,2012,30092240090.729908
COST,2013,39373816133.020836
COST,2014,43304411597.796875
COST,2015,54818747079.24088
COST,2016,58030234914.26432
COST,2017,65337573478.38533
COST,2018,83554392774.30888
COST,2019,106018266170.90755
COST,2020,134851681415.42564
COST,2021,177535978692.0703
COST,2022,216789780035.10434
COST,2023,229301153589.71887
PLTR,2020,40389107681.01797
PLTR,2021,55090518213.55748
PLTR,2022,22529670962.216938
PLTR,2023,30159962059.194828
JNJ,2010,96381009707.8471
JNJ,2011,102116986041.96764
JNJ,2012,111559679191.79141
JNJ,2013,147848394454.69736
JNJ,2014,178821858501.45004
JNJ,2015,181872959767.0229
JNJ,2016,213302895868.85126
JNJ,2017,250169550373.4619
JNJ,2018,263129221107.33765
JNJ,2019,274212772211.0248
JNJ,2020,304604909015.92065
JNJ,2021,354772637490.1348
JNJ,2022,379426447901.43756
JNJ,2023,362333555775.0885
HD,2010,21764535119.41613
HD,2011,25955276234.204006
HD,2012,39552570133.150024
HD,2013,56102600275.20946
HD,2014,65758476232.8869
HD,2015,91432599661.12215
HD,2016,104055880444.07776
HD,2017,127358240424.53622
HD,2018,158134930035.45584
HD,2019,178114294550.4964
HD,2020,219313285273.75592
HD,2021,294149028630.3246
HD,2022,285599399287.95074
HD,2023,291543112885.38477
PG,2010,93718836921.7918
PG,2011,99177661948.98038
PG,2012,106417326898.36691
PG,2013,130538392674.32507
PG,2014,141114322780.72302
PG,2015,140124125724.4616
PG,2016,152951616530.9518
PG,2017,168569249852.70407
PG,2018,160462569426.13272
PG,2019,223764867969.722
PG,2020,262559230510.55646
PG,2021,293821283159.8548
PG,2022,318186676953.64813
PG,2023,329828066788.05505
ABBV,2013,47434046414.26328
ABBV,2014,62313892169.78164
ABBV,2015,71928649819.15187
ABBV,2016,72933090223.1707
ABBV,2017,93911837284.96901
ABBV,2018,125772855149.65771
ABBV,2019,105657219909.06003
ABBV,2020,130411725284.89426
ABBV,2021,170338047058.27014
ABBV,2022,233450425361.49835
ABBV,2023,241482564295.8203
SAP,2010,42794259404.99603
SAP,2011,53073766506.51537
SAP,2012,62023886326.582535
SAP,2013,74299175701.39102
SAP,2014,73535905334.21758
SAP,2015,71204827364.22746
SAP,2016,82388795617.63126
SAP,2017,105792614777.12164
SAP,2018,115138202336.7914
SAP,2019,127498226282.69568
SAP,2020,142798330665.2436
SAP,2021,148748486000.34033
SAP,2022,112951515536.74477
SAP,2023,149806338285.45645
BAC,2010,85419254719.27602
BAC,2011,58477366025.56891
BAC,2012,49548551572.18036
BAC,2013,79206798031.0463
BAC,2014,96607746035.254
BAC,2015,99041036420.17183
BAC,2016,93521107634.28282
BAC,2017,152047437006.20166
BAC,2018,185563012814.42346
BAC,2019,188701527053.69098
BAC,2020,172019089688.64215
BAC,2021,270552342863.92023
BAC,2022,254011806542.24893
BAC,2023,210772570006.79968
CVX,2010,87296993936.65433
CVX,2011,116419859671.97559
CVX,2012,128207605450.7896
CVX,2013,148109996051.76407
CVX,2014,153540527794.1448
CVX,2015,127482549714.25507
CVX,2016,138644493262.93994
CVX,2017,160967198629.29178
CVX,2018,180296406078.91653
CVX,2019,186578633338.35178
CVX,2020,144027441074.3634
CVX,2021,180027754363.94687
CVX,2022,286659174358.1302
CVX,2023,298924313426.91736
KO,2010,76612655987.09796
KO,2011,92958178961.69405
KO,2012,106334102173.72159
KO,2013,117012073356.76823
KO,2014,124101519632.5651
KO,2015,129195814837.21062
KO,2016,140796683501.03604
KO,2017,148264786415.8631
KO,2018,156969853128.90564
KO,2019,181642585117.41336
KO,2020,184235239306.55453
KO,2021,206138737470.9818
KO,2022,242165992318.8804
KO,2023,242067487769.58514
GE,2010,61644924969.48242
GE,2011,69632412901.98009
GE,2012,80704890923.62794
GE,2013,99137506743.57458
GE,2014,110868307140.32854
GE,2015,118488235441.49126
GE,2016,138478054991.08087
GE,2017,122163970478.805
GE,2018,62719065891.55767
GE,2019,50293842915.94733
GE,2020,42492264957.82815
GE,2021,66193932410.99584
GE,2022,52472260890.87072
GE,2023,86666397649.23706
AMD,2010,12871375676.86504
AMD,2011,11586112063.043875
AMD,2012,8229551800.911272
AMD,2013,5482881090.874737
AMD,2014,5942943383.52258
AMD,2015,3784050860.3517904
AMD,2016,8527895738.78325
AMD,2017,20142160666.021282
AMD,2018,27936383466.135853
AMD,2019,48589570320.04691
AMD,2020,106490315949.48232
AMD,2021,164143575052.1722
AMD,2022,147496118620.06857
AMD,2023,167200173003.93152
CSCO,2010,60142255183.628624
CSCO,2011,45247396405.08379
CSCO,2012,49242689051.05591
CSCO,2013,61648296413.42162
CSCO,2014,68124562973.29494
CSCO,2015,80565314647.12961
CSCO,2016,86126600745.06487
CSCO,2017,102614771274.0955
CSCO,2018,141388695885.09973
CSCO,2019,166291106812.61334
CSCO,2020,146181358526.47864
CSCO,2021,186689400138.85498
CSCO,2022,174690242853.65863
CSCO,2023,188942787531.73828
ASML,2010,12054599346.185108
ASML,2011,14878422633.298239
ASML,2012,19783956437.99438
ASML,2013,29292721974.01864
ASML,2014,33280415427.99208
ASML,2015,35922250188.991005
ASML,2016,36410982742.079475
ASML,2017,54067894487.79588
ASML,2018,71532495376.23431
ASML,2019,82393812250.77312
ASML,2020,133105826353.70186
ASML,2021,268545792589.55698
ASML,2022,216200321217.27933
ASML,2023,255281271003.8086
TMUS,2010,16218753586.641726
TMUS,2011,23561482093.438747
TMUS,2012,16389641159.74148
TMUS,2013,24347241299.361423
TMUS,2014,33538929508.019764
TMUS,2015,39964798769.048744
TMUS,2016,48568420286.495895
TMUS,2017,68632039836.63843
TMUS,2018,69379416614.2883
TMUS,2019,82662220593.97598
TMUS,2020,113921948341.46739
TMUS,2021,142797238721.6197
TMUS,2022,146405108885.16418
TMUS,2023,156787072558.90387
BABA,2014,229194493061.4803
BABA,2015,185065084965.70312
BABA,2016,191390527406.21115
BABA,2017,321088902527.1957
BABA,2018,398291905888.9147
BABA,2019,396643449244.473
BABA,2020,543219203924.06384
BABA,2021,448805172463.22546
BABA,2022,219122088289.56845
BABA,2023,203176584125.45438
PM,2010,39757913943.51629
PM,2011,53584845947.71165
PM,2012,71836072229.41348
PM,2013,76465039564.01196
PM,2014,75395167154.21735
PM,2015,77959981635.87848
PM,2016,94325052183.62175
PM,2017,112879021358.50836
PM,2018,94233104599.46169
PM,2019,91623518049.52902
PM,2020,93046879669.69908
PM,2021,119300907764.83122
PM,2022,130951549101.93996
PM,2023,135291368057.97087
WFC,2010,60432670687.359985
WFC,2011,60792006458.13733
WFC,2012,73012471343.13284
WFC,2013,91830456470.62988
WFC,2014,118276714594.02003
WFC,2015,132139826641.45262
WFC,2016,121627259581.6509
WFC,2017,140707166345.1298
WFC,2018,145354761084.77274
WFC,2019,133117002260.16457
WFC,2020,85181318325.06645
WFC,2021,127911782390.72949
WFC,2022,136479997153.24182
WFC,2023,129451084396.389
TM,2010,66238282378.8453
TM,2011,68821855188.97626
TM,2012,72834925269.06017
TM,2013,109723946902.55614
TM,2014,111100499561.54538
TM,2015,127593043553.41821
TM,2016,112521980992.68518
TM,2017,120362318564.0927
TM,2018,137950009183.2786
TM,2019,141512932833.695
TM,2020,149157277799.91495
TM,2021,196796116700.34265
TM,2022,191863217132.96927
TM,2023,196435148709.82382
IBM,2010,69134877239.8637
IBM,2011,91214659930.3913
IBM,2012,106627906763.36087
IBM,2013,107169913084.64714
IBM,2014,102844063662.284
IBM,2015,90096896321.52821
IBM,2016,90637371427.90405
IBM,2017,98299192539.39917
IBM,2018,93403546989.81828
IBM,2019,93316646094.94589
IBM,2020,88843811779.11252
IBM,2021,101484134575.04807
IBM,2022,110410581182.08464
IBM,2023,120776465605.75108
CRM,2010,22945754811.680504
CRM,2011,31210837194.56385
CRM,2012,33858952391.082767
CRM,2013,43541158233.58203
CRM,2014,54259005031.52514
CRM,2015,66959858644.213
CRM,2016,70654480382.40463
CRM,2017,85538529392.68317
CRM,2018,125294516754.27197
CRM,2019,146992164093.2598
CRM,2020,190359191613.60068
CRM,2021,234427065976.58188
CRM,2022,167426125760.8725
CRM,2023,193325387847.41214
ABT,2010,30571185620.205635
ABT,2011,31917770027.2846
ABT,2012,40611083724.72394
ABT,2013,49134678569.87444
ABT,2014,57591616971.1476
ABT,2015,66480305400.30915
ABT,2016,59520346968.555244
ABT,2017,73156732513.6481
ABT,2018,98671845421.8354
ABT,2019,125871550475.39453
ABT,2020,152676884941.0029
ABT,2021,195936587762.9096
ABT,2022,183050280582.39703
ABT,2023,173919189589.53976
AZN,2010,41614075019.46949
AZN,2011,44031964654.07235
AZN,2012,44871759993.758545
AZN,2013,52869817986.84377
AZN,2014,76789782730.18246
AZN,2015,76334390404.37729
AZN,2016,71301064838.11394
AZN,2017,79064017195.31786
AZN,2018,95688738574.1993
AZN,2019,113568091680.66115
AZN,2020,143362482068.17023
AZN,2021,158019612282.90378
AZN,2022,183201190528.1073
AZN,2023,203783489043.98438
MS,2010,30883317359.340473
MS,2011,25016369169.168156
MS,2012,19278009306.72987
MS,2013,30197627364.863373
MS,2014,38742062899.53846
MS,2015,43085913398.123344
MS,2016,36641622836.68157
MS,2017,57788285605.753296
MS,2018,63828325774.12701
MS,2019,58015946986.092674
MS,2020,66604543849.902145
MS,2021,125441791657.09258
MS,2022,124073172804.57268
MS,2023,127769475451.95105
NVS,2010,52366532664.95038
NVS,2011,59031156738.9288
NVS,2012,61794336548.500336
NVS,2013,81606277468.0368
NVS,2014,101695333020.15572
NVS,2015,115568871560.69109
NVS,2016,94575191862.90118
NVS,2017,102904592540.2281
NVS,2018,109552514555.56444
NVS,2019,131598300301.20476
NVS,2020,138064831272.15677
NVS,2021,144433161654.50568
NVS,2022,145961901666.30786
NVS,2023,172051741305.11844
UNH,2010,23764797761.61168
UNH,2011,33919315870.81069
UNH,2012,40728478787.588554
UNH,2013,49076144852.305305
UNH,2014,63711586527.61154
UNH,2015,90400895935.06139
UNH,2016,106892267118.60599
UNH,2017,149366128922.7121
UNH,2018,202041751733.33435
UNH,2019,206041506524.73813
UNH,2020,253015125195.577
UNH,2021,344255070586.1249
UNH,2022,440782698320.25226
UNH,2023,437408182440.14575
LIN,2010,29839963219.829945
LIN,2011,35984415110.1223
LIN,2012,39659986750.75766
LIN,2013,44003386568.85331
LIN,2014,49525787798.60091
LIN,2015,45462955447.05222
LIN,2016,45671312312.1857
LIN,2017,54282497528.47953
LIN,2018,66259570088.28983
LIN,2019,80413419464.813
LIN,2020,96094392040.16032
LIN,2021,131029001178.24292
LIN,2022,137527829656.3265
LIN,2023,168608443500.183
MCD,2010,33617561372.65625
MCD,2011,41060935028.35724
MCD,2012,46537982670.588356
MCD,2013,50562723886.26555
MCD,2014,51779509812.00054
MCD,2015,55805685469.707306
MCD,2016,68953657183.33119
MCD,2017,87942445194.5856
MCD,2018,100552650748.06119
MCD,2019,123055409616.31424
MCD,2020,127767264591.24564
MCD,2021,152874456819.11255
MCD,2022,168923083919.53784
MCD,2023,189844603076.03174
HSBC,2010,78971987545.26978
HSBC,2011,75727164038.47311
HSBC,2012,75361161943.15141
HSBC,2013,95677945779.24728
HSBC,2014,94443201954.46188
HSBC,2015,83497656125.81706
HSBC,2016,71998151807.69183
HSBC,2017,100691836432.16985
HSBC,2018,108980638045.33748
HSBC,2019,98730251843.74521
HSBC,2020,68164120480.89135
HSBC,2021,77372629968.74324
HSBC,2022,88016608226.21436
HSBC,2023,111582069291.75832
NVO,2010,21706483562.596478
NVO,2011,29602125627.73659
NVO,2012,38342368761.68923
NVO,2013,45321530232.629776
NVO,2014,59990710215.46256
NVO,2015,73716979984.06284
NVO,2016,68030851209.23268
NVO,2017,61919494297.98908
NVO,2018,71422314679.04909
NVO,2019,77619983838.3099
NVO,2020,100617398446.34607
NVO,2021,140667505193.58176
NVO,2022,176349188973.83716
NVO,2023,277429858913.3533
INTU,2010,9647004753.302782
INTU,2011,12465310195.811586
INTU,2012,14545031782.595737
INTU,2013,16406480441.875105
INTU,2014,20728461926.06526
INTU,2015,25002287038.065083
INTU,2016,27677055427.627773
INTU,2017,35562242297.14641
INTU,2018,52088706864.49159
INTU,2019,68542641175.00631
INTU,2020,81750600079.32637
INTU,2021,134635070145.14308
INTU,2022,119793041201.56297
INTU,2023,131296772305.51088
SHEL,2010,79415548704.73886
SHEL,2011,99048359516.7324
SHEL,2012,103303480998.21585
SHEL,2013,104781573860.26027
SHEL,2014,123946588682.31569
SHEL,2015,99568166205.591
SHEL,2016,93529727818.54483
SHEL,2017,114451106570.71608
SHEL,2018,141683127748.51633
SHEL,2019,138641395510.94406
SHEL,2020,85715542108.89871
SHEL,2021,104233977858.06778
SHEL,2022,139173047042.49225
SHEL,2023,166028407576.06754
RTX,2010,42120065558.56672
RTX,2011,48243833044.532
RTX,2012,48555745253.817
RTX,2013,62832032199.9256
RTX,2014,72555144541.99553
RTX,2015,70891814110.99553
RTX,2016,68799815104.75397
RTX,2017,81587953139.83316
RTX,2018,91426033094.43774
RTX,2019,96600715473.67758
RTX,2020,80957715268.98567
RTX,2021,100590069926.08879
RTX,2022,116992675255.8257
RTX,2023,115137924309.462
GS,2010,35982161179.59368
GS,2011,30597555135.924675
GS,2012,26308402749.466522
GS,2013,37772792976.85421
GS,2014,42378720741.24024
GS,2015,47758796804.5157
GS,2016,42501451059.11471
GS,2017,59467594559.80092
GS,2018,60078893062.81344
GS,2019,53596380440.44258
GS,2020,55413945988.708954
GS,2021,99793907454.9429
GS,2022,93432317966.5504
GS,2023,96699819541.07076
BX,2010,4345675774.303709
BX,2011,5622994525.336311
BX,2012,5378878347.158203
BX,2013,8989008634.967077
BX,2014,13481996374.140783
BX,2015,16579674829.717363
BX,2016,12869312346.682959
BX,2017,16632409506.4324
BX,2018,18973618273.143993
BX,2019,26053301954.875404
BX,2020,33945749844.61945
BX,2021,65777825288.57639
BX,2022,68751426850.99106
BX,2023,67315487086.80469
AXP,2010,23383755483.596165
AXP,2011,27096554702.51812
AXP,2012,32444117664.401325
AXP,2013,42777709947.927086
AXP,2014,53285705312.269806
AXP,2015,46842301763.51262
AXP,2016,39015930510.629776
AXP,2017,52689802727.29028
AXP,2018,63769573312.24705
AXP,2019,74550126511.62202
AXP,2020,67963576956.616516
AXP,2021,103729420829.78162
AXP,2022,107705841168.86456
AXP,2023,110483930445.3361
DIS,2010,52635718262.4998
DIS,2011,59207146457.83673
DIS,2012,73605246730.71547
DIS,2013,101178370795.04616
DIS,2014,137598288284.82776
DIS,2015,178341364877.75113
DIS,2016,163270288261.76096
DIS,2017,180847380187.82993
DIS,2018,187243180138.1876
DIS,2019,229297185710.88556
DIS,2020,223535196821.16635
DIS,2021,311045489825.9839
DIS,2022,202348433352.19928
DIS,2023,163144240162.17117
MRK,2010,52009009591.162796
MRK,2011,51490803781.27714
MRK,2012,65140799012.2145
MRK,2013,76104827839.54842
MRK,2014,97026204652.81516
MRK,2015,98971595578.21515
MRK,2016,103990322265.70273
MRK,2017,115928967153.58932
MRK,2018,123422939302.25215
MRK,2019,162593649104.98813
MRK,2020,164566278335.3637
MRK,2021,167516001531.56607
MRK,2022,205089896073.99496
MRK,2023,254243860066.28528
T,2010,48495692872.098076
T,2011,57712557776.44869
T,2012,71670248385.70262
T,2013,80097218005.79146
T,2014,83786126750.75954
T,2015,88034627445.78111
T,2016,109778867015.17952
T,2017,114734042066.14268
T,2018,106244354785.75766
T,2019,117849491851.60301
T,2020,116625543197.53047
T,2021,115360558914.90836
T,2022,110922617888.67822
T,2023,105307149732.75568
PEP,2010,56524929924.37227
PEP,2011,58958533509.7114
PEP,2012,63782452150.31478
PEP,2013,77228897920.35857
PEP,2014,87803554213.98257
PEP,2015,98432796565.32535
PEP,2016,108529603742.01897
PEP,2017,121654574969.23584
PEP,2018,122788031414.20819
PEP,2019,146542223211.26672
PEP,2020,160570643760.72708
PEP,2021,182595415421.11243
PEP,2022,214176552979.65808
PEP,2023,226885984194.5907
SHOP,2015,3733598931.65804
SHOP,2016,4068744582.5705147
SHOP,2017,10593225904.031595
SHOP,2018,17220850220.03808
SHOP,2019,34253967941.676933
SHOP,2020,97674160912.53128
SHOP,2021,165020228649.23874
SHOP,2022,58668976856.24333
SHOP,2023,68701247535.4619
CAT,2010,22161946151.59324
CAT,2011,31637876738.36891
CAT,2012,31257989432.509872
CAT,2013,29688968479.561584
CAT,2014,35301873509.046745
CAT,2015,28481109467.01897
CAT,2016,29709305648.993168
CAT,2017,43967335429.59128
CAT,2018,57711639702.56933
CAT,2019,54438802777.62751
CAT,2020,58848492931.31554
CAT,2021,91583613786.45201
CAT,2022,90571335091.65167
CAT,2023,112475225065.8369
UBER,2019,74110966238.46175
UBER,2020,74056727509.10098
UBER,2021,101372350380.22122
UBER,2022,61211315109.28188
UBER,2023,87129099193.09163
RY,2010,42193531494.122604
RY,2011,43703097782.58978
RY,2012,46779585741.7627
RY,2013,55319498936.826515
RY,2014,63716357751.83231
RY,2015,57018244380.94059
RY,2016,59517161835.851364
RY,2017,76677536446.86969
RY,2018,82190415988.96593
RY,2019,86476755979.3215
RY,2020,82898550461.17757
RY,2021,118098921356.95877
RY,2022,125918295207.2167
RY,2023,121759062981.71526
NOW,2012,6475004791.778677
NOW,2013,8788051191.9265
NOW,2014,12429235684.513334
NOW,2015,15991669990.930305
NOW,2016,14914152268.900583
NOW,2017,21842624077.967457
NOW,2018,36043728443.09754
NOW,2019,52887668483.170555
NOW,2020,84876898230.17119
NOW,2021,119321659080.42229
NOW,2022,97329159782.37585
NOW,2023,110924795062.69087
VZ,2010,57992750868.791855
VZ,2011,76103943656.87779
VZ,2012,91859039326.9336
VZ,2013,111214365270.9961
VZ,2014,116002344796.66574
VZ,2015,117789616415.66685
VZ,2016,134522776632.25447
VZ,2017,132024730720.32184
VZ,2018,149577160408.85287
VZ,2019,174009377477.67856
VZ,2020,180529802176.8852
VZ,2021,180503370354.70145
VZ,2022,158681735545.27982
VZ,2023,132797934928.65234
BKNG,2010,8893611682.988575
BKNG,2011,15728569575.59237
BKNG,2012,20178511002.842873
BKNG,2013,28098168814.204624
BKNG,2014,38339711328.10015
BKNG,2015,39041241547.5102
BKNG,2016,43100382412.96626
BKNG,2017,57548391079.15992
BKNG,2018,63012590700.94996
BKNG,2019,59884672649.43586
BKNG,2020,55734126788.42175
BKNG,2021,73376656213.98404
BKNG,2022,65909103120.75828
BKNG,2023,89848724318.9086
HDB,2010,34499087547.9681
HDB,2011,35525623594.8316
HDB,2012,39372460583.80994
HDB,2013,41864906917.65641
HDB,2014,51640047930.71631
HDB,2015,69270815503.34343
HDB,2016,75899394576.04872
HDB,2017,101754643323.37424
HDB,2018,118044205403.272
HDB,2019,137647293522.90387
HDB,2020,124362384228.08842
HDB,2021,177983540601.5944
HDB,2022,151607422326.58627
HDB,2023,162064928850.28864
ANET,2014,5797686746.135138
ANET,2015,5572588198.371408
ANET,2016,5825866851.968582
ANET,2017,12518077957.947056
ANET,2018,20283240552.773766
ANET,2019,19405923393.02059
ANET,2020,17636761466.316925
ANET,2021,29087984065.858524
ANET,2022,37276649070.758286
ANET,2023,53510775857.07452
SCHW,2010,24646784561.55577
SCHW,2011,23124465733.170303
SCHW,2012,20482308251.827744
SCHW,2013,31884418254.023346
SCHW,2014,43472153486.88155
SCHW,2015,49956357276.75998
SCHW,2016,48588939573.216995
SCHW,2017,69374829012.54085
SCHW,2018,84480877457.63176
SCHW,2019,72158584638.29182
SCHW,2020,66966817175.668686
SCHW,2021,122379139902.21962
SCHW,2022,132085051948.89874
SCHW,2023,107444373414.16393
BLK,2010,18970530122.881348
BLK,2011,19294782965.4104
BLK,2012,20625430037.546497
BLK,2013,30919243558.30957
BLK,2014,37478959966.37402
BLK,2015,41725416112.114746
BLK,2016,43201921233.12305
BLK,2017,53614622099.861244
BLK,2018,63691721304.81079
BLK,2019,59660410807.86328
BLK,2020,76540613752.81993
BLK,2021,118499913393.85547
BLK,2022,98525781008.10428
BLK,2023,102068636120.073
BA,2010,39474514506.37406
BA,2011,42615850558.02443
BA,2012,45866139981.32404
BA,2013,66157788826.211685
BA,2014,83957711224.25531
BA,2015,96180486231.4199
BA,2016,91955713211.72374
BA,2017,153535550747.31323
BA,2018,250957652566.7148
BA,2019,271290489043.84525
BA,2020,148866728058.45728
BA,2021,169788051080.51288
BA,2022,125658700640.86629
BA,2023,160360063734.1276
TMO,2010,17858141329.857903
TMO,2011,19798852411.481647
TMO,2012,20215005643.990295
TMO,2013,31453894040.67739
TMO,2014,43768270219.23404
TMO,2015,47935356730.07141
TMO,2016,53731178695.9811
TMO,2017,64119863433.356415
TMO,2018,82234755733.27563
TMO,2019,103692808909.62242
TMO,2020,143132758516.89587
TMO,2021,198591198847.94495
TMO,2022,207251354978.4169
TMO,2023,198850759873.76318
SPGI,2010,7852155203.544526
SPGI,2011,10014298181.85322
SPGI,2012,12318797569.909668
SPGI,2013,15913643375.287737
SPGI,2014,22350644051.3187
SPGI,2015,27390098411.487396
SPGI,2016,30556102296.753532
SPGI,2017,41115857189.33653
SPGI,2018,55116034481.45285
SPGI,2019,67025788161.70465
SPGI,2020,92722821008.49982
SPGI,2021,118938592803.2527
SPGI,2022,107865850347.21953
SPGI,2023,113085097592.67578
TXN,2010,16102102627.972242
TXN,2011,19661609992.282276
TXN,2012,19073007264.713657
TXN,2013,24535556464.9068
TXN,2014,31774678852.629574
TXN,2015,37130471276.50758
TXN,2016,44621746521.57273
TXN,2017,61165836232.56382
TXN,2018,78761148929.90887
TXN,2019,88358944834.3068
TXN,2020,103915822308.9511
TXN,2021,150024079654.57025
TXN,2022,140282207742.5566
TXN,2023,143244405908.00983
ISRG,2010,12466796060.176174
ISRG,2011,14602655158.85761
ISRG,2012,20663630316.886158
ISRG,2013,17920366012.184677
ISRG,2014,17631028592.963783
ISRG,2015,20194959410.6038
ISRG,2016,25344258511.449856
ISRG,2017,36706139631.92738
ISRG,2018,57321370760.23204
ISRG,2019,63571480015.36275
ISRG,2020,74969667681.72769
ISRG,2021,108868442733.15646
ISRG,2022,88212333021.28467
ISRG,2023,103940790969.79797
C,2010,55072403492.87226
C,2011,51344769583.28789
C,2012,44290729970.868385
C,2013,66481960541.50726
C,2014,69207225639.53474
C,2015,73583380254.2528
C,2016,64440665217.69859
C,2017,92406498737.46138
C,2018,99382990435.29247
C,2019,99692971211.268
C,2020,81498611647.70268
C,2021,109183131806.75354
C,2022,83967636381.98978
C,2023,78141958330.0939
MUFG,2010,52311977306.2808
MUFG,2011,49490571669.72622
MUFG,2012,49408779047.63204
MUFG,2013,65434792829.29629
MUFG,2014,60635353230.07175
MUFG,2015,69253365075.2135
MUFG,2016,53550703883.88582
MUFG,2017,68573451234.47853
MUFG,2018,66548094321.649124
MUFG,2019,53122331719.29487
MUFG,2020,45730046018.31845
MUFG,2021,59417310033.183014
MUFG,2022,60556166172.67169
MUFG,2023,81583617034.86166
PDD,2018,30224740268.183506
PDD,2019,39997344480.743324
PDD,2020,107691117441.5772
PDD,2021,167639995212.8922
PDD,2022,80302024269.27403
PDD,2023,130214561092.75832
QCOM,2010,30435165113.48633
QCOM,2011,40442190500.185265
QCOM,2012,46312454446.67686
QCOM,2013,51286161586.47628
QCOM,2014,60011722527.67997
QCOM,2015,50660526331.64007
QCOM,2016,48144496253.27302
QCOM,2017,49367924763.83978
QCOM,2018,55404229888.84857
QCOM,2019,67355851916.31641
QCOM,2020,99159936378.07716
QCOM,2021,143701454321.34766
QCOM,2022,140163022445.93735
QCOM,2023,123559224373.15565
SONY,2010,34560377962.1829
SONY,2011,27609424875.34537
SONY,2012,15775640083.658083
SONY,2013,20355058306.522964
SONY,2014,20330498214.27698
SONY,2015,30745885386.49687
SONY,2016,31869355147.42985
SONY,2017,42444628803.062805
SONY,2018,59030724567.95381
SONY,2019,62088583695.19985
SONY,2020,85930507069.93176
SONY,2021,125943428632.66595
SONY,2022,103270877494.92973
SONY,2023,104833483553.82684
AMGN,2010,20754880020.005436
AMGN,2011,20919275045.96448
AMGN,2012,29036827881.17821
AMGN,2013,40260018017.66682
AMGN,2014,51738642544.24862
AMGN,2015,63599045736.40726
AMGN,2016,64217243732.61215
AMGN,2017,72195646445.73462
AMGN,2018,81837668022.34818
AMGN,2019,87736697370.15883
AMGN,2020,106618120761.90535
AMGN,2021,109621122946.68285
AMGN,2022,120627669634.4779
AMGN,2023,126406064006.29482
BSX,2010,9998049428.533684
BSX,2011,9768730962.461407
BSX,2012,8445323117.575406
BSX,2013,14230209713.673786
BSX,2014,19074297527.137066
BSX,2015,25463932903.74266
BSX,2016,31501593635.268044
BSX,2017,39299080179.454216
BSX,2018,47660991108.793106
BSX,2019,59637674555.44327
BSX,2020,55426411331.76495
BSX,2021,61622043582.11544
BSX,2022,62021687134.911606
BSX,2023,76026518812.15234
ACN,2010,19633897800.196297
ACN,2011,26349383083.689106
ACN,2012,30457446149.496517
ACN,2013,37907360670.87564
ACN,2014,41801330312.19861
ACN,2015,51302244013.17794
ACN,2016,60616070207.89994
ACN,2017,70772801072.90628
ACN,2018,89096887967.11884
ACN,2019,103064810529.82188
ACN,2020,122694716135.97958
ACN,2021,180772876177.73135
ACN,2022,177702932993.0262
ACN,2023,180422115341.80118
UL,2010,42691909910.31465
UL,2011,48458245315.217514
UL,2012,55015456860.336914
UL,2013,66658277154.221306
UL,2014,72069693351.13527
UL,2015,75815426477.35597
UL,2016,80369559145.36249
UL,2017,98988464730.0544
UL,2018,105697055876.21194
UL,2019,117370447381.73712
UL,2020,117640827323.44676
UL,2021,119779855591.66318
UL,2022,104223787168.33836
UL,2023,115982803357.82227
NEE,2010,17147109764.109606
NEE,2011,19295809740.828094
NEE,2012,23769205557.35294
NEE,2013,29910118443.717957
NEE,2014,37268977526.993355
NEE,2015,40783167084.42235
NEE,2016,49048025503.352715
NEE,2017,59545648709.337425
NEE,2018,71710328777.77042
NEE,2019,92504135156.6662
NEE,2020,121391402903.24849
NEE,2021,148708964125.90506
NEE,2022,152512867918.23163
NEE,2023,134937900232.49525
APP,2021,23732646774.791424
APP,2022,11366255485.586857
APP,2023,8365207335.960495
TJX,2010,9870999218.222734
TJX,2011,12486938434.465673
TJX,2012,19354400025.92594
TJX,2013,24737465548.17088
TJX,2014,28489831175.762466
TJX,2015,33463124174.919243
TJX,2016,37189915753.27325
TJX,2017,36892207827.8255
TJX,2018,47024160494.589226
TJX,2019,55852606349.20746
TJX,2020,57949426558.69984
TJX,2021,72049364345.29521
TJX,2022,70512344547.80624
TJX,2023,91071658150.12932
AMAT,2010,7910772432.177637
AMAT,2011,8416068823.295587
AMAT,2012,7566138135.740645
AMAT,2013,10408006836.353481
AMAT,2014,14568241895.023508
AMAT,2015,13894674116.401592
AMAT,2016,17912343293.413883
AMAT,2017,32631430151.209732
AMAT,2018,34336323660.410385
AMAT,2019,34966798899.15858
AMAT,2020,47458403802.9455
AMAT,2021,101935827412.73169
AMAT,2022,85696410670.57072
AMAT,2023,104654705680.01305
SYK,2010,16450451676.966576
SYK,2011,17514634052.8462
SYK,2012,17414299308.760338
SYK,2013,22417449085.05658
SYK,2014,27863687993.549656
SYK,2015,32559348903.140656
SYK,2016,38197291491.562874
SYK,2017,48962756296.35813
SYK,2018,59078774860.73005
SYK,2019,71086010254.57512
SYK,2020,72563784237.261
SYK,2021,93962576508.23418
SYK,2022,86062981570.9526
SYK,2023,105065682524.4181
PGR,2010,7095613940.899938
PGR,2011,7664286770.552473
PGR,2012,8449144796.832196
PGR,2013,10713568142.359026
PGR,2014,11154403872.19629
PGR,2015,13311252915.713135
PGR,2016,15423731875.394548
PGR,2017,21447545671.7828
PGR,2018,30616531989.785156
PGR,2019,37900173243.821396
PGR,2020,45078023133.2357
PGR,2021,53132348796.10889
PGR,2022,66668938267.26875
PGR,2023,79888264689.5212
ARM,2023,61405869060.530914
ADBE,2010,13240090012.200674
ADBE,2011,12778974547.004702
ADBE,2012,13858647933.540344
ADBE,2013,19854007639.439903
ADBE,2014,28613586189.27002
ADBE,2015,34346548165.63924
ADBE,2016,41285281762.441
ADBE,2017,61083160814.01931
ADBE,2018,99702886286.82292
ADBE,2019,118488739459.48282
ADBE,2020,176455010862.97922
ADBE,2021,237812311102.29492
ADBE,2022,168034745957.25983
ADBE,2023,197506145544.36035
DHR,2010,11639731949.942387
DHR,2011,14204252855.433159
DHR,2012,15464440863.44106
DHR,2013,19198782164.542747
DHR,2014,22626583769.637375
DHR,2015,25864929347.94208
DHR,2016,37840506725.84625
DHR,2017,52502060250.41436
DHR,2018,62178741949.07892
DHR,2019,82564787666.74231
DHR,2020,115339340132.21817
DHR,2021,171488830457.90057
DHR,2022,168954682839.92465
DHR,2023,155039633341.1456
SPOT,2018,33137117419.509487
SPOT,2019,28444717466.786583
SPOT,2020,44057997097.47797
SPOT,2021,53974589350.25775
SPOT,2022,24186973887.837505
SPOT,2023,30190949715.23584
ETN,2010,10339287755.325861
ETN,2011,12992346731.302473
ETN,2012,13169750150.379944
ETN,2013,18918566116.416264
ETN,2014,21135060495.063236
ETN,2015,19246413776.397705
ETN,2016,19665623572.07253
ETN,2017,24733161670.069298
ETN,2018,26712012637.532757
ETN,2019,28331618601.55681
ETN,2020,34252026960.66996
ETN,2021,54525030913.52251
ETN,2022,54674987198.69666
ETN,2023,73841324531.64062
PFE,2010,48985722313.67574
PFE,2011,59472633082.60824
PFE,2012,73606247932.5686
PFE,2013,95234648475.94766
PFE,2014,102917880141.62355
PFE,2015,118423997867.30875
PFE,2016,119454177955.91391
PFE,2017,128837921797.96338
PFE,2018,153700047556.392
PFE,2019,162163743990.9424
PFE,2020,155646185616.02194
PFE,2021,195614526586.9279
PFE,2022,238692611624.83893
PFE,2023,183166424951.03693
HON,2010,19360087847.78171
HON,2011,24253379673.540577
HON,2012,27238740399.371647
HON,2013,37485544649.87884
HON,2014,45279090617.24687
HON,2015,50303003963.972885
HON,2016,56372394760.46181
HON,2017,69574532608.5731
HON,2018,80092861612.04462
HON,2019,92586647719.25656
HON,2020,93962247741.81287
HON,2021,127534609658.62863
HON,2022,115372508586.2448
HON,2023,118927318914.2526
DE,2010,13112171010.12352
DE,2011,16945803678.950985
DE,2012,17064528533.191687
DE,2013,18538029534.136562
DE,2014,19376918519.715137
DE,2015,19543148313.135338
DE,2016,19645649755.62066
DE,2017,29292597977.610077
DE,2018,36499254881.9051
DE,2019,40235305101.712425
DE,2020,47268815480.11535
DE,2021,89930019831.75592
DE,2022,97320558758.03735
DE,2023,104179467079.54456
GILD,2010,17199922335.9921
GILD,2011,17487862852.466953
GILD,2012,24755474432.569866
GILD,2013,49107367812.189545
GILD,2014,78468430657.09666
GILD,2015,93640362072.92235
GILD,2016,74734536992.53319
GILD,2017,66464012219.652084
GILD,2018,69768832239.98967
GILD,2019,64284229856.118996
GILD,2020,69908057149.8869
GILD,2021,71735154550.67734
GILD,2022,74359092281.18541
GILD,2023,91442020242.82541
SAN,2010,78597460898.25302
SAN,2011,67750156958.348564
SAN,2012,53957744712.71796
SAN,2013,67105444990.43422
SAN,2014,89568851815.51082
SAN,2015,67385969409.05337
SAN,2016,48068383661.0915
SAN,2017,71427889772.41617
SAN,2018,67131427128.38377
SAN,2019,54059380442.00829
SAN,2020,33596151974.972775
SAN,2021,46069962905.46124
SAN,2022,38602918703.665276
SAN,2023,50615102013.03106
TTE,2010,47907677133.458145
TTE,2011,51560767628.863266
TTE,2012,50401652414.629456
TTE,2013,58101511698.87588
TTE,2014,72538152689.61792
TTE,2015,59822398327.96809
TTE,2016,60116876317.624504
TTE,2017,70452274452.63675
TTE,2018,84836883322.76233
TTE,2019,80301879908.10608
TTE,2020,63204945319.89247
TTE,2021,80399757776.64749
TTE,2022,98463485530.3619
TTE,2023,122921766609.64848
LOW,2010,9777030888.33213
LOW,2011,10174655706.493082
LOW,2012,13078148946.258856
LOW,2013,19445617272.77275
LOW,2014,23553367988.055107
LOW,2015,33285989816.535866
LOW,2016,35073791798.42455
LOW,2017,38246890338.04452
LOW,2018,47338774656.4621
LOW,2019,53252786008.06434
LOW,2020,69070912606.3685
LOW,2021,104372609506.51385
LOW,2022,107452721516.09448
LOW,2023,112605750345.7598
COF,2010,20415647055.263103
COF,2011,24123291539.975433
COF,2012,27737176557.832558
COF,2013,32714442424.887833
COF,2014,41162989604.78939
COF,2015,42514894422.01572
COF,2016,38803717579.726715
COF,2017,47780847572.99589
COF,2018,53420464013.33348
COF,2019,51467020720.87022
COF,2020,44198799904.34566
COF,2021,87201241859.28778
COF,2022,71296863244.08739
COF,2023,64894073117.31183
APH,2010,6084220220.088338
APH,2011,6722778562.477783
APH,2012,7798874854.627436
APH,2013,10479519371.30518
APH,2014,13303062152.829224
APH,2015,15278704830.490072
APH,2016,16591982451.083677
APH,2017,21812494189.17725
APH,2018,25350415434.03958
APH,2019,27357102780.779583
APH,2020,30065120494.64331
APH,2021,42163208749.324684
APH,2022,43760851630.79466
APH,2023,49627309849.61181
UNP,2010,16433175624.364218
UNP,2011,21179615275.28127
UNP,2012,26056386517.126465
UNP,2013,34373657199.98678
UNP,2014,47020223398.48836
UNP,2015,47059699455.56641
UNP,2016,43037419196.4976
UNP,2017,55179081948.400246
UNP,2018,72811171263.52986
UNP,2019,87233259257.253
UNP,2020,94536798285.15817
UNP,2021,119932184140.01465
UNP,2022,125052413262.18564
UNP,2023,118860484572.02638
BHP,2010,74350408019.16997
BHP,2011,86104037912.96178
BHP,2012,72950427082.52553
BHP,2013,73036640265.32596
BHP,2014,71592719570.12512
BHP,2015,47865540005.98988
BHP,2016,38029655444.562935
BHP,2017,51971317569.57327
BHP,2018,66028607932.82929
BHP,2019,78897462696.36037
BHP,2020,80487386205.77588
BHP,2021,114607451005.98132
BHP,2022,122820211517.72235
BHP,2023,139787080935.6942
KKR,2010,5921202267.774396
KKR,2011,7845998127.137977
KKR,2012,7906571661.989694
KKR,2013,12407485501.59026
KKR,2014,15318583252.578547
KKR,2015,15109575307.694546
KKR,2016,10672814153.81335
KKR,2017,14843880691.84939
KKR,2018,19164296160.238262
KKR,2019,21206194904.019444
KKR,2020,27277090284.748432
KKR,2021,51077112001.83247
KKR,2022,46535122103.83261
KKR,2023,51532619797.083534
LRCX,2010,4370908827.521976
LRCX,2011,4880948872.141438
LRCX,2012,4080331388.4921484
LRCX,2013,5090718421.325748
LRCX,2014,7119732582.441033
LRCX,2015,8384535392.45695
LRCX,2016,9633985862.791567
LRCX,2017,17614709032.10986
LRCX,2018,20150377829.28284
LRCX,2019,24484327940.518097
LRCX,2020,39732917112.94812
LRCX,2021,73041608996.15607
LRCX,2022,58698908248.05452
LRCX,2023,74335964209.08838
TD,2010,33032724616.696495
TD,2011,38385757201.143906
TD,2012,40827399330.18311
TD,2013,44630279261.57997
TD,2014,52813383578.53117
TD,2015,47373265753.52624
TD,2016,50721573000.929695
TD,2017,63559667064.22236
TD,2018,72371472104.36938
TD,2019,73605792067.95467
TD,2020,65321630538.10994
TD,2021,96838973045.15294
TD,2022,104599231721.5051
TD,2023,95756973973.23486
MU,2010,9443577308.841797
MU,2011,8905680377.165619
MU,2012,7264849248.168381
MU,2013,14643274386.280502
MU,2014,31917128731.672913
MU,2015,24403534573.716614
MU,2016,15479723404.21103
MU,2017,35115952719.95894
MU,2018,52027806071.23437
MU,2019,46441771937.09235
MU,2020,56818389614.3831
MU,2021,88064569199.60988
MU,2022,72868741953.16219
MU,2023,73179426677.1771
UBS,2010,34459817231.736
UBS,2011,34789951256.38997
UBS,2012,28476096510.97542
UBS,2013,39901754017.08744
UBS,2014,41468029033.96333
UBS,2015,44169803942.64179
UBS,2016,35082399921.61341
UBS,2017,40790862059.868095
UBS,2018,39794136185.426186
UBS,2019,30687440126.018337
UBS,2020,31531075043.49363
UBS,2021,45809782807.83678
UBS,2022,50160300356.44771
UBS,2023,67376750227.50678
ADP,2010,10655349669.838877
ADP,2011,13108175287.174099
ADP,2012,14831866442.962786
ADP,2013,19018538588.73031
ADP,2014,23082764915.45507
ADP,2015,27500849097.66407
ADP,2016,29757490545.993984
ADP,2017,36311074295.19481
ADP,2018,45968737210.82772
ADP,2019,56967572939.76823
ADP,2020,55454791274.49635
ADP,2021,74705037577.99432
ADP,2022,86872939671.52475
ADP,2023,88947260106.97806
BTI,2010,31498337052.57928
BTI,2011,41033460982.05183
BTI,2012,50147579956.25019
BTI,2013,55013459945.14019
BTI,2014,60914359722.26692
BTI,2015,62761284219.89771
BTI,2016,68861254385.18321
BTI,2017,78951575849.52065
BTI,2018,64389341072.7101
BTI,2019,50198795427.661026
BTI,2020,54403730705.23524
BTI,2021,58704091277.96129
BTI,2022,69730556174.85638
BTI,2023,61750528678.19198
KLAC,2010,2474130044.326793
KLAC,2011,3337724275.6417365
KLAC,2012,3947485729.204918
KLAC,2013,4762419708.8918
KLAC,2014,6124706681.474928
KLAC,2015,6492997409.899152
KLAC,2016,8119883161.82627
KLAC,2017,11283399729.35337
KLAC,2018,12545305646.96597
KLAC,2019,16278085174.346893
KLAC,2020,23840074822.017445
KLAC,2021,42509491180.97335
KLAC,2022,44973638143.73481
KLAC,2023,58843513227.42505
BUD,2010,65683913284.37282
BUD,2011,71217741860.65828
BUD,2012,97671091780.16512
BUD,2013,126141002908.2817
BUD,2014,146309518373.02936
BUD,2015,166787175508.63632
BUD,2016,173194482372.53827
BUD,2017,169620810262.89233
BUD,2018,147686560091.22745
BUD,2019,135386622208.899
BUD,2020,93297881451.05194
BUD,2021,105534207480.4391
BUD,2022,91982344331.00276
BUD,2023,98734358480.27274
MELI,2010,2795651974.101494
MELI,2011,3708760828.5365605
MELI,2012,4124989973.246845
MELI,2013,5435180347.823746
MELI,2014,5199052985.904875
MELI,2015,6222679992.161711
MELI,2016,7138931248.228721
MELI,2017,12520915895.969551
MELI,2018,17014766464.676693
MELI,2019,26879725261.67748
MELI,2020,49129014883.78426
MELI,2021,79817710880.31374
MELI,2022,46983973001.62261
MELI,2023,64469659132.55664
IBN,2010,24117913824.05332
IBN,2011,23639656643.245922
IBN,2012,20634118957.65214
IBN,2013,22778137626.70335
IBN,2014,28800926081.15643
IBN,2015,29942047456.506508
IBN,2016,22551432874.54169
IBN,2017,29652030525.79074
IBN,2018,31849721805.787228
IBN,2019,41130777745.814606
IBN,2020,38806949518.48584
IBN,2021,62341146538.896774
IBN,2022,71818892246.93703
IBN,2023,79297152924.48598
CMCSA,2010,24535450778.767178
CMCSA,2011,31914663178.64604
CMCSA,2012,44334979652.17066
CMCSA,2013,61068844442.2508
CMCSA,2014,76495823143.2024
CMCSA,2015,86091597016.00328
CMCSA,2016,93978892121.7721
CMCSA,2017,115891752164.34755
CMCSA,2018,110069973197.37395
CMCSA,2019,132720529461.12753
CMCSA,2020,137884108470.47714
CMCSA,2021,179411950476.96133
CMCSA,2022,134691308657.40086
CMCSA,2023,142313175370.71698
MDT,2010,34597559248.11873
MDT,2011,33754845382.014797
MDT,2012,37313048876.1134
MDT,2013,49362647750.84309
MDT,2014,61729315597.19497
MDT,2015,75017822927.43008
MDT,2016,81901654687.96068
MDT,2017,84557422664.57529
MDT,2018,93393898916.79114
MDT,2019,106870369138.44655
MDT,2020,114030752252.73921
MDT,2021,137771856310.9875
MDT,2022,109083742911.43942
MDT,2023,97829771927.2374
COP,2010,31512093935.68443
COP,2011,42183130073.211685
COP,2012,45074737814.68875
COP,2013,54467250127.59896
COP,2014,64989262193.44513
COP,2015,53021779962.8803
COP,2016,40323763345.558685
COP,2017,46438542756.205055
COP,2018,65315507081.67262
COP,2019,61787933675.962425
COP,2020,43088573327.66863
COP,2021,63860384496.90141
COP,2022,116715090446.65488
COP,2023,130832677643.67337
DASH,2020,64222346971.026245
DASH,2021,69960150378.39928
DASH,2022,30738776667.679176
DASH,2023,29576840325.984947
SNPS,2010,4295216355.695573
SNPS,2011,4869234594.8179035
SNPS,2012,5685602725.741151
SNPS,2013,6668339568.160557
SNPS,2014,7376573464.519198
SNPS,2015,8837532556.90947
SNPS,2016,9754227315.032717
SNPS,2017,14096865719.568808
SNPS,2018,16616530960.534206
SNPS,2019,22804169146.546013
SNPS,2020,34380326786.514824
SNPS,2021,53230300432.586426
SNPS,2022,58568180604.07783
SNPS,2023,79591865591.53029
SNY,2010,44268351300.90574
SNY,2011,49522464609.96868
SNY,2012,57866417668.08332
SNY,2013,77354145399.15257
SNY,2014,80683279136.14766
SNY,2015,79202299492.78702
SNY,2016,67668111287.87633
SNY,2017,80610425485.64888
SNY,2018,76435364754.22357
SNY,2019,83514909339.05441
SNY,2020,97646365885.67706
SNY,2021,102990693205.85683
SNY,2022,102703901750.12248
SNY,2023,112960875127.56046
MSTR,2010,2223765428.3694735
MSTR,2011,3326723813.1733236
MSTR,2012,3207148793.381177
MSTR,2013,2706181622.223961
MSTR,2014,3631140112.736082
MSTR,2015,4787184782.423977
MSTR,2016,4669696375.22204
MSTR,2017,4345732230.489025
MSTR,2018,3508865179.209303
MSTR,2019,3732265910.8624606
MSTR,2020,4139708945.8893895
MSTR,2021,17320762553.092762
MSTR,2022,7748529594.276077
MSTR,2023,9237788683.000954
WELL,2010,15735867442.507347
WELL,2011,18623291332.993706
WELL,2012,22372596230.20801
WELL,2013,26343553286.98131
WELL,2014,27568263332.87303
WELL,2015,31702178359.1208
WELL,2016,32949650612.56054
WELL,2017,34866035418.00481
WELL,2018,32209951023.381435
WELL,2019,45071050139.46926
WELL,2020,34323676373.883865
WELL,2021,47095806450.85141
WELL,2022,49073109403.24525
WELL,2023,50879271719.82295
PANW,2012,6570681246.515001
PANW,2013,5549730902.209449
PANW,2014,9344747109.116327
PANW,2015,17976242820.614285
PANW,2016,15770074982.193962
PANW,2017,14971758876.512018
PANW,2018,21517629182.69184
PANW,2019,24662123196.361725
PANW,2020,26496383140.233944
PANW,2021,46094819951.898
PANW,2022,57606193540.36783
PANW,2023,73696210799.81445
ADI,2010,10782305613.646553
ADI,2011,13242136767.474401
ADI,2012,14434636306.634583
ADI,2013,17813720150.99171
ADI,2014,20226943773.406258
ADI,2015,24127662844.751633
ADI,2016,25083341595.403397
ADI,2017,34873981825.518845
ADI,2018,40028581701.22416
ADI,2019,48310778795.44068
ADI,2020,53210836949.6238
ADI,2021,76165255437.1672
ADI,2022,74443791143.69768
ADI,2023,87071693585.8418
NKE,2010,18326756145.5898
NKE,2011,21627413955.176895
NKE,2012,25517299225.464523
NKE,2013,33278084623.59451
NKE,2014,42059553121.25414
NKE,2015,58015822018.62976
NKE,2016,59791979839.76663
NKE,2017,59996259415.14676
NKE,2018,79547260553.2483
NKE,2019,95628760818.88109
NKE,2020,118622955285.48386
NKE,2021,169183352990.36774
NKE,2022,132078148773.46072
NKE,2023,128907369877.95428
ICE,2010,10858622843.168322
ICE,2011,11926212662.056099
ICE,2012,12887183419.624865
ICE,2013,17338785795.216434
ICE,2014,20172268399.48427
ICE,2015,23678696852.101658
ICE,2016,26668992976.83707
ICE,2017,32846845998.08065
ICE,2018,38901492561.07157
ICE,2019,45174287706.78253
ICE,2020,51594460115.313515
ICE,2021,65137777823.92696
ICE,2022,59765927295.47048
ICE,2023,61411769101.76505
CB,2010,15783403607.313883
CB,2011,19347484767.38869
CB,2012,22756931955.027477
CB,2013,28538687461.4679
CB,2014,33206673758.6395
CB,2015,35913744183.016426
CB,2016,41420456978.226265
CB,2017,48866185597.00792
CB,2018,47451158939.415306
CB,2019,52459474382.83867
CB,2020,48079668486.847
CB,2021,64662416844.80541
CB,2022,76805155084.1684
CB,2023,80064478732.79625
MO,2010,14797577775.08175
MO,2011,18891865342.612843
MO,2012,24319943548.8089
MO,2013,28150269823.594894
MO,2014,35163572576.99989
MO,2015,46927243832.762115
MO,2016,57849868274.04911
MO,2017,65432875765.60636
MO,2018,58814290421.47343
MO,2019,50838863636.321
MO,2020,46234346196.00225
MO,2021,57041887825.08214
MO,2022,62392794426.777176
MO,2023,62609991629.67253
CRWD,2019,16485943324.496655
CRWD,2020,25601833371.969955
CRWD,2021,57929048190.29793
CRWD,2022,42812296252.92094
CRWD,2023,38680911794.76953
CEG,2022,21140574902.196976
CEG,2023,29640568342.477962
SO,2010,20094312777.682125
SO,2011,24260728196.265423
SO,2012,28400391674.80892
SO,2013,28574053879.784008
SO,2014,30445129233.576725
SO,2015,32321106183.191715
SO,2016,37747814501.466606
SO,2017,39130083835.53664
SO,2018,37328875194.672386
SO,2019,48418145008.22466
SO,2020,52601627012.437546
SO,2021,59577319439.09175
SO,2022,69769666914.37949
SO,2023,70849468967.0989
BBVA,2010,31556807958.09303
BBVA,2011,27720260867.47708
BBVA,2012,22297035133.019527
BBVA,2013,31412107784.54672
BBVA,2014,38719434107.33552
BBVA,2015,31576920915.833244
BBVA,2016,22752918645.656727
BBVA,2017,30582588120.096165
BBVA,2018,27648881025.810406
BBVA,2019,22267780948.276905
BBVA,2020,15899569336.91249
BBVA,2021,26506494256.848465
BBVA,2022,24627094295.11881
BBVA,2023,38594084131.841705
SBUX,2010,11326635522.44997
SBUX,2011,16647324789.603165
SBUX,2012,22866630323.102337
SBUX,2013,30530929710.20864
SBUX,2014,34672656218.9176
SBUX,2015,49594323135.632095
SBUX,2016,53370889732.231064
SBUX,2017,54921293906.88918
SBUX,2018,56320303956.85997
SBUX,2019,81501718477.36316
SBUX,2020,84549044651.25645
SBUX,2021,116375551812.30287
SBUX,2022,92852522023.8685
SBUX,2023,109163523384.54256
RIO,2010,28259629298.26836
RIO,2011,32138937084.610424
RIO,2012,26810374073.549328
RIO,2013,26712817028.3875
RIO,2014,29656537984.41813
RIO,2015,23490691116.914787
RIO,2016,19573711929.56746
RIO,2017,29142683051.592133
RIO,2018,36342048332.621605
RIO,2019,42652212309.82253
RIO,2020,47861194476.83837
RIO,2021,70338041843.5119
RIO,2022,68277963206.87064
RIO,2023,73795429116.15501
ENB,2010,26325156473.496304
ENB,2011,34997847068.98834
ENB,2012,44559620326.14801
ENB,2013,50636741297.12397
ENB,2014,55923238504.69555
ENB,2015,54360094079.59938
ENB,2016,51177188218.45798
ENB,2017,53909621441.70675
ENB,2018,46772923147.54083
ENB,2019,52628134458.39144
ENB,2020,50282825556.210495
ENB,2021,64276192155.05391
ENB,2022,75181492633.43692
ENB,2023,69626890115.96768
CME,2010,11529612555.59855
CME,2011,11067490709.922148
CME,2012,11163868637.216532
CME,2013,15082219582.679743
CME,2014,17650657878.454273
CME,2015,22611110915.202156
CME,2016,25537846854.25508
CME,2017,33979417191.263805
CME,2018,47050915821.07679
CME,2019,55436214556.446846
CME,2020,52580435031.09625
CME,2021,63042755516.11712
CME,2022,63982699197.2161
CME,2023,63993701940.16484
LMT,2010,11096313243.248425
LMT,2011,11773712109.679466
LMT,2012,14145049754.301136
LMT,2013,18881434821.468895
LMT,2014,29285333389.906445
LMT,2015,36216908547.4745
LMT,2016,43780146738.61287
LMT,2017,54359145709.87628
LMT,2018,62311315415.94137
LMT,2019,69135607097.72348
LMT,2020,77389290251.93477
LMT,2021,75155522209.0784
LMT,2022,93032402378.60837
LMT,2023,100525825921.26187
PLD,2010,15460801114.276772
PLD,2011,19134885421.71316
PLD,2012,21200983867.65619
PLD,2013,25306679730.59098
PLD,2014,27139217735.87627
PLD,2015,28692954152.59881
PLD,2016,34397296456.06838
PLD,2017,43465215217.959816
PLD,2018,49202694091.4341
PLD,2019,62321091488.4256
PLD,2020,76504925791.25679
PLD,2021,103388071824.08365
PLD,2022,110876308980.30391
PLD,2023,104588495678.44153
SMFG,2010,37700990689.96014
SMFG,2011,37206131767.6106
SMFG,2012,38964290597.447395
SMFG,2013,55629204646.86172
SMFG,2014,50944780612.25718
SMFG,2015,49601140888.79691
SMFG,2016,39883708080.51936
SMFG,2017,47254446043.4027
SMFG,2018,49803869419.583084
SMFG,2019,43175976770.25817
SMFG,2020,35807242760.63911
SMFG,2021,42584571837.21098
SMFG,2022,39050650479.961296
SMFG,2023,54537438732.16222
MMC,2010,8650111393.270916
MMC,2011,11014315705.678728
MMC,2012,12763683689.162537
MMC,2013,16237819340.06246
MMC,2014,20721334243.211533
MMC,2015,23254658999.03615
MMC,2016,26897932381.995308
MMC,2017,33351296541.756435
MMC,2018,36493108894.23556
MMC,2019,43524352707.941696
MMC,2020,49684232401.269
MMC,2021,65771814124.223495
MMC,2022,75340051803.11662
MMC,2023,86842100026.22656
BN,2010,9833421054.08053
BN,2011,11750296920.016975
BN,2012,14010573085.909735
BN,2013,17170537845.44961
BN,2014,20723326197.46012
BN,2015,24719830411.22307
BN,2016,24438035282.126648
BN,2017,29050264692.173138
BN,2018,31374473744.042316
BN,2019,38184180946.5042
BN,2020,41593663802.05827
BN,2021,60380263514.441376
BN,2022,58733248832.95349
BN,2023,50418564083.8218
HOOD,2021,28516669177.551636
HOOD,2022,8221779836.853542
HOOD,2023,7720802025.009488
AMT,2010,16036986117.166298
AMT,2011,18604424560.445732
AMT,2012,24130183016.55418
AMT,2013,27366915800.656788
AMT,2014,32835643454.62463
AMT,2015,35358446614.5025
AMT,2016,39834385721.273834
AMT,2017,49970157712.27618
AMT,2018,57112079258.76358
AMT,2019,81395551288.34421
AMT,2020,98305872109.7633
AMT,2021,107720429907.40524
AMT,2022,101673078707.55591
AMT,2023,84694304354.9104
BAM,2022,44392679762.63849
BAM,2023,49684054473.269745
DUK,2010,20698323109.36501
DUK,2011,24440427265.126
DUK,2012,29125228694.13611
DUK,2013,32670506729.19428
DUK,2014,36380263185.98647
DUK,2015,38346084862.26109
DUK,2016,42227085290.0238
DUK,2017,47059725484.011955
DUK,2018,46769444202.17154
DUK,2019,54819526918.25358
DUK,2020,55918053466.2361
DUK,2021,65907626539.16859
DUK,2022,71879624464.54854
DUK,2023,67381932773.33936
CDNS,2010,1899503886.1291106
CDNS,2011,2697683283.8949633
CDNS,2012,3247241338.590869
CDNS,2013,3804241320.523323
CDNS,2014,4510639157.252254
CDNS,2015,5433266442.924739
CDNS,2016,6521972078.677672
CDNS,2017,9699709819.837154
CDNS,2018,11639860207.250614
CDNS,2019,17555978158.39661
CDNS,2020,25649395970.929825
CDNS,2021,40485934656.96322
CDNS,2022,43369201836.154724
CDNS,2023,61253513998.636375
VRTX,2010,9450440285.95154
VRTX,2011,11287553093.132536
VRTX,2012,12148277709.731356
VRTX,2013,17442158205.17359
VRTX,2014,22943139179.583336
VRTX,2015,31737442336.327927
VRTX,2016,22609281433.333298
VRTX,2017,32536999565.991238
VRTX,2018,42921111177.86122
VRTX,2019,47366112236.6156
VRTX,2020,64496323370.92225
VRTX,2021,52414614167.06701
VRTX,2022,70403908644.10008
VRTX,2023,86959635573.1064
TT,2010,4046356259.6457753
TT,2011,4379148669.054899
TT,2012,4709609401.0313
TT,2013,6733751134.315463
TT,2014,8613634548.700977
TT,2015,9107944081.067768
TT,2016,9594372052.361073
TT,2017,13035806695.461624
TT,2018,14460907478.959206
TT,2019,18575135254.059532
TT,2020,22801346552.14248
TT,2021,37638970557.92528
TT,2022,32953912782.0193
TT,2023,42340896280.001
WM,2010,9426703440.737635
WM,2011,10002439358.736408
WM,2012,10037720330.218231
WM,2013,12617694945.140488
WM,2014,14482846623.63285
WM,2015,17111051077.494272
WM,2016,21186035764.32275
WM,2017,26372128147.659737
WM,2018,31001954440.096535
WM,2019,39775354878.07097
WM,2020,41111368580.002396
WM,2021,53607678553.744484
WM,2022,60925651939.977325
WM,2023,63290019728.93079
PH,2010,6595040033.354865
PH,2011,8278206317.460589
PH,2012,8438186152.84369
PH,2013,10605559493.024189
PH,2014,12859991112.86884
PH,2015,12198437607.318455
PH,2016,12882004527.95071
PH,2017,18634450961.260124
PH,2018,19850273288.936478
PH,2019,20519383299.52494
PH,2020,23465856598.92291
PH,2021,36433328494.868805
PH,2022,34518448969.111465
PH,2023,46474555433.19189
BMY,2010,31279740581.30537
BMY,2011,37048733111.645836
BMY,2012,44366363822.56531
BMY,2013,60748304585.10807
BMY,2014,74414043133.53403
BMY,2015,94346663196.9343
BMY,2016,94520145740.23656
BMY,2017,88438356169.87009
BMY,2018,91078858572.55061
BMY,2019,81664471359.03494
BMY,2020,101854856710.1122
BMY,2021,109092593042.80962
BMY,2022,130158685535.4838
BMY,2023,115694342731.37329
MCO,2010,3790537715.4112735
MCO,2011,5145482978.053553
MCO,2012,6374821595.051887
MCO,2013,9910253767.028389
MCO,2014,13996367484.335035
MCO,2015,16652784757.367117
MCO,2016,16153999283.272816
MCO,2017,20957253714.287548
MCO,2018,27731182505.654865
MCO,2019,33568186556.96818
MCO,2020,45707719003.323074
MCO,2021,59827404342.10769
MCO,2022,52358224889.00818
MCO,2023,57679440114.54608
DELL,2016,4362608879.195021
DELL,2017,6090028098.093931
DELL,2018,7660425230.252514
DELL,2019,8623894427.754719
DELL,2020,8759748168.92384
DELL,2021,15443087257.123657
DELL,2022,14590286739.321028
DELL,2023,17759763802.599087
CTAS,2010,2206904005.1358275
CTAS,2011,2549653293.9885235
CTAS,2012,3391266476.32909
CTAS,2013,4176308163.4502273
CTAS,2014,5702526361.399225
CTAS,2015,7752424635.253127
CTAS,2016,9174662548.20586
CTAS,2017,12258650813.67201
CTAS,2018,17164092366.466156
CTAS,2019,22206556213.488373
CTAS,2020,27558301077.41242
CTAS,2021,36848795816.57733
CTAS,2022,39726045977.02457
CTAS,2023,48185381420.713486
RELX,2010,9903559169.881262
RELX,2011,10899876407.994581
RELX,2012,11779918083.551556
RELX,2013,17029807817.186323
RELX,2014,22437429199.121117
RELX,2015,25014918349.435352
RELX,2016,27083654118.284264
RELX,2017,32424899215.61091
RELX,2018,33444771614.401417
RELX,2019,37119589686.48789
RELX,2020,38066915489.62684
RELX,2021,47337576683.89797
RELX,2022,48773770306.49365
RELX,2023,58256773204.3439
RBLX,2021,54986260847.384445
RBLX,2022,27455201081.277485
RBLX,2023,23940581294.21933
BP,2010,52224025938.08447
BP,2011,51091162814.44276
BP,2012,52025775356.86076
BP,2013,55694580699.26717
BP,2014,63546380266.9497
BP,2015,53625530725.87583
BP,2016,50879912929.09045
BP,2017,60215091674.66305
BP,2018,75046928987.36185
BP,2019,74641005456.64323
BP,2020,47903152742.80102
BP,2021,54736223456.03881
BP,2022,68914427474.20009
BP,2023,85807033067.1618
SE,2017,7470769150.302971
SE,2018,7067252366.677534
SE,2019,15354496022.840122
SE,2020,59130805054.993675
SE,2021,149422068289.74243
SE,2022,47618855345.440834
SE,2023,31272416377.17643
ORLY,2010,2753763450.434784
ORLY,2011,3621894482.7430577
ORLY,2012,5050238481.979615
ORLY,2013,6446571496.668022
ORLY,2014,8781363632.43274
ORLY,2015,13127862066.844849
ORLY,2016,15237000913.085358
ORLY,2017,13250654711.43318
ORLY,2018,16635107406.295662
ORLY,2019,22082824564.593292
ORLY,2020,23848095335.90159
ORLY,2021,31937743506.568542
ORLY,2022,39934612390.99542
ORLY,2023,51326085611.369156
HCA,2011,4730977019.03421
HCA,2012,5342905259.7272415
HCA,2013,8774166389.785084
HCA,2014,13065040724.150066
HCA,2015,16937670046.670095
HCA,2016,16393029095.417477
HCA,2017,17933940311.10385
HCA,2018,25106945283.46599
HCA,2019,29106660472.99049
HCA,2020,28233676866.776356
HCA,2021,49194432723.68694
HCA,2022,50579779282.72384
HCA,2023,60532541074.84241
SHW,2010,5064234606.569989
SHW,2011,5907136601.380959
SHW,2012,9396875751.766861
SHW,2013,13074567653.943398
SHW,2014,15818604239.050976
SHW,2015,20548726157.41027
SHW,2016,21267382066.95242
SHW,2017,26640022326.9416
SHW,2018,32129238408.579338
SHW,2019,38474837174.366356
SHW,2020,48765088657.13743
SHW,2021,67990989470.78244
SHW,2022,60639205283.60499
SHW,2023,61354222497.335846
INTC,2010,59833397808.7843
INTC,2011,65654762748.628975
INTC,2012,76794362693.72609
INTC,2013,73782161021.84395
INTC,2014,100639795014.26631
INTC,2015,109781928798.445
INTC,2016,117471723055.58974
INTC,2017,137232094304.55905
INTC,2018,182657790481.8897
INTC,2019,196175638902.7676
INTC,2020,214369930478.7979
INTC,2021,223881035680.44492
INTC,2022,159188451373.57364
INTC,2023,145132888165.65637
RCL,2010,7159564291.946623
RCL,2011,7759299872.447967
RCL,2012,6566553505.717316
RCL,2013,8720671556.315529
RCL,2014,14087221503.26072
RCL,2015,20439605715.170544
RCL,2016,18642516558.806103
RCL,2017,27658476718.530785
RCL,2018,29604366788.57215
RCL,2019,30303122156.648422
RCL,2020,17729872970.432842
RCL,2021,22072726007.838356
RCL,2022,15664567849.81081
RCL,2023,23302470739.59552
NOC,2010,5825774666.364033
NOC,2011,6488386457.352206
NOC,2012,7180651359.640644
NOC,2013,10070731670.771221
NOC,2014,15007501340.74114
NOC,2015,20426657594.182087
NOC,2016,26296991288.120876
NOC,2017,33255303852.347088
NOC,2018,39716286154.40228
NOC,2019,41481425545.38309
NOC,2020,43026962288.70404
NOC,2021,46856988762.49385
NOC,2022,63773098849.522766
NOC,2023,63128101834.84089
GD,2010,12751135678.968773
GD,2011,13333019975.519142
GD,2012,13439844724.172356
GD,2013,16371455822.81289
GD,2014,25083039121.678005
GD,2015,30325049522.96276
GD,2016,32145573394.43984
GD,2017,43973840355.22908
GD,2018,45328822087.35932
GD,2019,41079546852.61407
GD,2020,35846169676.42783
GD,2021,46119869696.10999
GD,2022,57957886048.819176
GD,2023,58621545847.3511
NTES,2010,3680528154.6080985
NTES,2011,4547743915.213196
NTES,2012,5276762952.56729
NTES,2013,6323062642.179887
NTES,2014,8504998060.407065
NTES,2015,13979080956.952547
NTES,2016,20504153703.384953
NTES,2017,31689717078.33933
NTES,2018,28282796046.220444
NTES,2019,29417472229.307793
NTES,2020,46969063631.002205
NTES,2021,60953784117.90718
NTES,2022,50979737436.97096
NTES,2023,57877927782.877014
MCK,2010,7113359821.249341
MCK,2011,8829595388.194735
MCK,2012,10006355568.586914
MCK,2013,14048231730.499752
MCK,2014,21432257641.708134
MCK,2015,24520136848.072838
MCK,2016,19406070697.321815
MCK,2017,17546662937.50681
MCK,2018,16361229326.558998
MCK,2019,15824351080.518934
MCK,2020,18342059892.200817
MCK,2021,24188127981.181797
MCK,2022,40213750602.67913
MCK,2023,49976273308.76172
TRI,2010,11036061841.176804
TRI,2011,10726850558.076586
TRI,2012,9294109706.143187
TRI,2013,11525547183.877703
TRI,2014,12916312405.250187
TRI,2015,14567918800.601505
TRI,2016,15340620980.584433
TRI,2017,17514605450.62183
TRI,2018,17275096660.076004
TRI,2019,25846163988.245102
TRI,2020,31079933649.518463
TRI,2021,43533253026.68072
TRI,2022,46023791612.94276
TRI,2023,56139572745.77026
BMO,2010,21881877741.881622
BMO,2011,23894336562.303734
BMO,2012,24082785069.714935
BMO,2013,27626328347.806908
BMO,2014,31937024159.48967
BMO,2015,27957851537.69024
BMO,2016,30841014050.465954
BMO,2017,38229285984.15227
BMO,2018,40984613063.62905
BMO,2019,40827805484.28725
BMO,2020,35103202592.980576
BMO,2021,58415628864.49881
BMO,2022,63831562385.81073
BMO,2023,57599267273.2402
MMM,2010,23567073603.128292
MMM,2011,25011822675.253094
MMM,2012,26437611291.369694
MMM,2013,34601588297.88973
MMM,2014,44444597820.815056
MMM,2015,49855158537.07707
MMM,2016,55221499963.5959
MMM,2017,68973100963.41745
MMM,2018,72574603845.26218
MMM,2019,63606984178.922806
MMM,2020,58638914426.6598
MMM,2021,71250714538.98744
MMM,2022,54620393880.33688
MMM,2023,42651071908.6903
PBR,2010,37880024720.69514
PBR,2011,32919224827.386765
PBR,2012,24532863703.652954
PBR,2013,17374235493.553707
PBR,2014,15011865138.187712
PBR,2015,7378440829.746383
PBR,2016,8489282507.501859
PBR,2017,10809019819.676676
PBR,2018,14507008037.765625
PBR,2019,17373013186.16231
PBR,2020,10498107945.719858
PBR,2021,12474578134.548552
PBR,2022,23025338907.783478
PBR,2023,34787262376.63971
PBR-A,2010,22271673901.579124
PBR-A,2011,19707744177.055428
PBR-A,2012,15647875339.735107
PBR-A,2013,12471899791.227757
PBR-A,2014,11033739409.278753
PBR-A,2015,4749806228.5414915
PBR-A,2016,4972451001.9931755
PBR-A,2017,7174794049.781635
PBR-A,2018,9130563812.555447
PBR-A,2019,11375405186.811222
PBR-A,2020,7440564619.611115
PBR-A,2021,8915239323.983562
PBR-A,2022,15428043084.665607
PBR-A,2023,24448573680.491264
MDLZ,2010,18255353643.888344
MDLZ,2011,21345142030.95695
MDLZ,2012,25508169689.24774
MDLZ,2013,30802084237.579147
MDLZ,2014,36673509907.57897
MDLZ,2015,42417733398.81506
MDLZ,2016,45177826136.810234
MDLZ,2017,46634204905.05352
MDLZ,2018,46247235061.22559
MDLZ,2019,57814119227.85815
MDLZ,2020,62537277326.940544
MDLZ,2021,70861353342.50888
MDLZ,2022,75849001961.05435
MDLZ,2023,85954149470.49715
CVS,2010,28562525954.049477
CVS,2011,31974601200.973953
CVS,2012,41015218290.25695
CVS,2013,53672990208.00056
CVS,2014,72958586249.68268
CVS,2015,95888136777.53424
CVS,2016,89145954180.3059
CVS,2017,76064990071.75514
CVS,2018,71400233666.4323
CVS,2019,63713034417.445946
CVS,2020,68885965089.00835
CVS,2021,91497671976.08136
CVS,2022,112347912904.83566
CVS,2023,86114061769.50856
TDG,2010,1477563398.1816103
TDG,2011,2215355435.3684883
TDG,2012,3315645178.284657
TDG,2013,4448824944.584471
TDG,2014,6418781396.1246605
TDG,2015,8367411402.743937
TDG,2016,9656448590.689491
TDG,2017,10965142943.909744
TDG,2018,14835111212.830685
TDG,2019,22214553256.790997
TDG,2020,24315377090.095768
TDG,2021,30890672841.545082
TDG,2022,30575230304.278515
TDG,2023,42783014391.20229
COIN,2021,57189311520.02407
COIN,2022,22119074636.75076
COIN,2023,16868973976.325676
APO,2011,3339822768.9782143
APO,2012,3470481688.7114167
APO,2013,7404812580.9031105
APO,2014,8663953227.224928
APO,2015,7380133946.625376
APO,2016,6626724448.7358265
APO,2017,11472355580.443169
APO,2018,14261332537.24804
APO,2019,16659168991.076273
APO,2020,22616045766.84957
APO,2021,31132268048.405247
APO,2022,31658040507.326397
APO,2023,42477996204.580215
RACE,2015,8169466251.29837
RACE,2016,7645345763.161523
RACE,2017,15340703212.42426
RACE,2018,21029885489.56414
RACE,2019,25138610241.36244
RACE,2020,30681826178.757195
RACE,2021,37856113968.46989
RACE,2022,36008644800.593155
RACE,2023,52247789388.052734
AON,2010,7380568736.392161
AON,2011,9008237495.552029
AON,2012,9513181250.424026
AON,2013,12915724067.34058
AON,2014,16738070970.178888
AON,2015,18885834200.315025
AON,2016,20860412937.664913
AON,2017,26229660979.9637
AON,2018,29506077763.861942
AON,2019,37690893674.392715
AON,2020,41109293416.19252
AON,2021,54012802266.3843
AON,2022,60603217327.318634
AON,2023,68064630197.412315
SCCO,2010,20532599043.43247
SCCO,2011,21680085304.699654
SCCO,2012,21233292837.13707
SCCO,2013,20236725072.098
SCCO,2014,19477611622.76363
SCCO,2015,18631212271.646816
SCCO,2016,17945445172.39822
SCCO,2017,25504412509.772808
SCCO,2018,30702839478.065376
SCCO,2019,24676893745.796394
SCCO,2020,30194836902.15397
SCCO,2021,48132010968.68915
SCCO,2022,43622609431.6976
SCCO,2023,57207070771.30798
CVNA,2017,1919483253.7274444
CVNA,2018,4272092552.1620035
CVNA,2019,7687167641.386062
CVNA,2020,16951712617.12057
CVNA,2021,33800105537.868984
CVNA,2022,7014033781.658321
CVNA,2023,3025180315.559286
MFG,2010,39898572278.08263
MFG,2011,36630747098.02827
MFG,2012,36272952497.35511
MFG,2013,48286003271.23038
MFG,2014,44191587634.67487
MFG,2015,44786479822.46902
MFG,2016,37122711731.03237
MFG,2017,41282553943.90047
MFG,2018,40383019328.625656
MFG,2019,34798916025.027
MFG,2020,30091513280.85161
MFG,2021,33549735288.527542
MFG,2022,28743173761.66892
MFG,2023,37500020228.09104
ECL,2010,11283936733.346172
ECL,2011,12555424741.697302
ECL,2012,15945766677.31572
ECL,2013,22230802889.4542
ECL,2014,27239917666.3208
ECL,2015,28828037427.631104
ECL,2016,29609254989.66843
ECL,2017,33541110533.34875
ECL,2018,38135219423.70236
ECL,2019,49158486844.379395
ECL,2020,53063602623.546036
ECL,2021,59297786561.409775
ECL,2022,45317484367.17041
ECL,2023,47859701789.20667
EQIX,2010,6730077275.378031
EQIX,2011,6928447163.723779
EQIX,2012,12257383483.994873
EQIX,2013,14165315660.196213
EQIX,2014,15011253268.051874
EQIX,2015,20560290386.919292
EQIX,2016,28360599795.356388
EQIX,2017,36100270018.70934
EQIX,2018,35464712329.2426
EQIX,2019,43716630165.52444
EQIX,2020,62067628100.01274
EQIX,2021,69529604063.78658
EQIX,2022,61785478640.780624
EQIX,2023,69969656545.24219
NEM,2010,44038869499.30724
NEM,2011,46733478692.29923
NEM,2012,41528357982.3488
NEM,2013,27388768927.74311
NEM,2014,20103197656.05042
NEM,2015,18264525613.284664
NEM,2016,28737795668.91128
NEM,2017,30932933993.395084
NEM,2018,31804729658.71012
NEM,2019,33313486053.696236
NEM,2020,54046285822.8303
NEM,2021,58128069060.535965
NEM,2022,56872101828.42419
NEM,2023,44835196848.5206
ITW,2010,9505828459.951614
ITW,2011,10691877200.671604
ITW,2012,12227155287.452698
ITW,2013,15554431908.637758
ITW,2014,19423660636.8186
ITW,2015,21263417367.337242
ITW,2016,25610866652.276783
ITW,2017,34316166993.874477
ITW,2018,35936624139.45901
ITW,2019,38578750759.594025
ITW,2020,47190373511.77049
ITW,2021,59326190519.93839
ITW,2022,56502896713.07446
ITW,2023,66041533222.80884
GSK,2010,35961347738.56795
GSK,2011,41460693058.20652
GSK,2012,47395523989.55486
GSK,2013,55080031603.437805
GSK,2014,58426443270.417175
GSK,2015,52919873352.34848
GSK,2016,54225340325.24453
GSK,2017,55432334156.66289
GSK,2018,57495311573.21421
GSK,2019,63702937125.518364
GSK,2020,64591878355.52357
GSK,2021,66700249317.84157
GSK,2022,70041581907.70686
GSK,2023,66140864801.00183
EMR,2010,18565478135.426838
EMR,2011,20050124214.3631
EMR,2012,19431644646.350098
EMR,2013,24431115454.864502
EMR,2014,27108403113.174442
EMR,2015,22878687376.149494
EMR,2016,23297035818.481445
EMR,2017,28157479367.50313
EMR,2018,33562763426.10515
EMR,2019,32735941518.656414
EMR,2020,33168202798.154327
EMR,2021,48431029401.652016
EMR,2022,47007142910.31674
EMR,2023,48527682408.10547
AJG,2010,4520175833.9016285
AJG,2011,5404608697.7669735
AJG,2012,6818210282.0535
AJG,2013,8597854996.25293
AJG,2014,9559189700.92406
AJG,2015,9749968464.577497
AJG,2016,10270489224.781134
AJG,2017,13306687517.673649
AJG,2018,16378727020.678652
AJG,2019,20351834064.753532
AJG,2020,24352590351.313858
AJG,2021,35023555186.093796
AJG,2022,42982399934.712585
AJG,2023,54087013175.2469
MSI,2010,4002700851.6374316
MSI,2011,5700525398.832988
MSI,2012,6628203715.265625
MSI,2013,8177518137.329646
MSI,2014,8948077916.027008
MSI,2015,9177417468.687996
MSI,2016,10535219884.93444
MSI,2017,12809439587.595905
MSI,2018,17442737449.044277
MSI,2019,23793526777.790493
MSI,2020,24357022666.77229
MSI,2021,34344736079.534863
MSI,2022,37717863751.343994
MSI,2023,46445746569.00806
PNC,2010,14774794143.994246
PNC,2011,14710046622.610397
PNC,2012,16131867058.854067
PNC,2013,19253753377.034252
PNC,2014,23634695236.160004
PNC,2015,26521055051.52269
PNC,2016,26367729268.451946
PNC,2017,38054420473.23439
PNC,2018,43518825096.51261
PNC,2019,42652017496.2484
PNC,2020,38679088254.33442
PNC,2021,62913429455.69072
PNC,2022,59654908414.92511
PNC,2023,47686608359.75267
RSG,2010,6676152701.807295
RSG,2011,6777488796.970912
RSG,2012,6737230683.66339
RSG,2013,8189474243.224189
RSG,2014,9293644805.221558
RSG,2015,10819575174.528576
RSG,2016,13293001036.424545
RSG,2017,17312518594.18296
RSG,2018,19588617895.8063
RSG,2019,23972853283.407303
RSG,2020,25862961562.64149
RSG,2021,33674009719.061718
RSG,2022,39924765923.55699
RSG,2023,43761466081.765144
ABNB,2020,63343364499.02344
ABNB,2021,71909432099.37444
ABNB,2022,53677514954.24187
ABNB,2023,53467787571.140144
NET,2019,5441173431.824735
NET,2020,11886637993.613985
NET,2021,35120366153.811134
NET,2022,22246632677.290836
NET,2023,19436397083.55078
UPS,2010,29311515146.945686
UPS,2011,32929404106.10516
UPS,2012,36280011276.927124
UPS,2013,43828725038.74504
UPS,2014,51153481778.85826
UPS,2015,52556694826.07589
UPS,2016,56945611814.4623
UPS,2017,61965874420.7139
UPS,2018,64793776387.760704
UPS,2019,65465198550.88789
UPS,2020,79531979415.56769
UPS,2021,119887585934.52927
UPS,2022,121865441676.15736
UPS,2023,114140535365.18575
HWM,2016,5823821056.256132
HWM,2017,7656482575.295699
HWM,2018,6547366314.908483
HWM,2019,7297218278.421085
HWM,2020,7254960101.784467
HWM,2021,12471874053.964611
HWM,2022,13967919293.003824
HWM,2023,18396099067.51907
