Ticker,Date,StockPrice,BookValuePerShare,PB
NVDA,2010-01-01,0.3,,2.4525
NVDA,2011-01-01,0.41750000000000004,,2.8525
NVDA,2012-01-01,0.305,,1.725
NVDA,2013-01-01,0.325,,1.6800000000000002
NVDA,2014-01-01,0.425,,2.185
NVDA,2015-01-01,0.54,,2.6525
NVDA,2016-01-01,1.1824999999999999,,5.4175
NVDA,2017-01-01,3.5949999999999998,,14.135000000000002
NVDA,2018-01-01,5.7299999999999995,,16.8625
NVDA,2019-01-01,4.3100000000000005,,10.3325
NVDA,2020-01-01,9.0625,,16.1075
NVDA,2021-01-01,18.23,,22.1725
NVDA,2022-01-01,18.645,,18.8175
NVDA,2023-01-01,33.6775,,30.475
NVDA,2024-01-01,99.395,,44.315
NVDA,2025-01-01,136.57666666666668,,40.43333333333333
MSFT,2010-01-01,19.855,,3.6500000000000004
MSFT,2011-01-01,19.86,,2.8600000000000003
MSFT,2012-01-01,23.805,,2.9
MSFT,2013-01-01,27.544999999999998,,2.8425000000000002
MSFT,2014-01-01,37.144999999999996,,3.4050000000000002
MSFT,2015-01-01,40.1275,,3.9975
MSFT,2016-01-01,50.5,,5.52
MSFT,2017-01-01,67.4575,,6.445
MSFT,2018-01-01,94.58250000000001,,8.5475
MSFT,2019-01-01,130.07,,9.5875
MSFT,2020-01-01,190.45749999999998,,11.815000000000001
MSFT,2021-01-01,272.3525,,13.86
MSFT,2022-01-01,253.28,,11.0875
MSFT,2023-01-01,325.4975,,11.2475
MSFT,2024-01-01,427.0025,,11.4725
MSFT,2025-01-01,464.31666666666666,,10.229999999999999
AAPL,2010-01-01,8.209999999999999,,4.5525
AAPL,2011-01-01,11.0475,,3.9025
AAPL,2012-01-01,17.9625,,4.1325
AAPL,2013-01-01,14.46,,2.8725
AAPL,2014-01-01,21.009999999999998,,4.1850000000000005
AAPL,2015-01-01,26.11,,4.7025
AAPL,2016-01-01,24.835,,4.112500000000001
AAPL,2017-01-01,35.66,,5.422499999999999
AAPL,2018-01-01,43.625,,7.2700000000000005
AAPL,2019-01-01,54.49,,10.3375
AAPL,2020-01-01,98.125,,24.1975
AAPL,2021-01-01,141.585,,34.75
AAPL,2022-01-01,142.66,,39.305
AAPL,2023-01-01,178.99,,43.3625
AAPL,2024-01-01,215.52249999999998,,50.2475
AAPL,2025-01-01,220.95499999999998,,49.42
AMZN,2010-01-01,7.275,,10.497499999999999
AMZN,2011-01-01,9.675,,11.465
AMZN,2012-01-01,11.7025,,13.8575
AMZN,2013-01-01,15.6925,,15.8625
AMZN,2014-01-01,16.175,,14.2525
AMZN,2015-01-01,24.9225,,19.0775
AMZN,2016-01-01,36.205,,20.105
AMZN,2017-01-01,49.817499999999995,,19.697499999999998
AMZN,2018-01-01,83.1525,,21.98
AMZN,2019-01-01,90.7275,,16.442500000000003
AMZN,2020-01-01,138.93,,17.575
AMZN,2021-01-01,164.42,,14.0825
AMZN,2022-01-01,116.5525,,8.72
AMZN,2023-01-01,128.1775,,7.455
AMZN,2024-01-01,194.8375,,8.23
AMZN,2025-01-01,206.72,,7.17
GOOGL,2010-01-01,13.26,,4.032500000000001
GOOGL,2011-01-01,14.02,,3.4
GOOGL,2012-01-01,16.6875,,3.29
GOOGL,2013-01-01,22.8325,,3.7425
GOOGL,2014-01-01,28.1,,3.91
GOOGL,2015-01-01,31.2025,,3.7325
GOOGL,2016-01-01,38.06,,4.0
GOOGL,2017-01-01,47.2775,,4.3475
GOOGL,2018-01-01,54.9,,4.565
GOOGL,2019-01-01,59.8925,,4.2925
GOOGL,2020-01-01,72.045,,4.609999999999999
GOOGL,2021-01-01,125.185,,6.9
GOOGL,2022-01-01,107.33250000000001,,5.495
GOOGL,2023-01-01,122.76,,5.6850000000000005
GOOGL,2024-01-01,171.35500000000002,,6.8275
GOOGL,2025-01-01,175.75333333333333,,5.96
META,2012-01-01,26.313333333333333,,4.526666666666666
META,2013-01-01,38.6225,,7.0600000000000005
META,2014-01-01,70.7575,,8.52
META,2015-01-01,90.1425,,6.2175
META,2016-01-01,117.2825,,6.4225
META,2017-01-01,159.22,,6.73
META,2018-01-01,161.53,,5.8125
META,2019-01-01,184.7425,,5.695
META,2020-01-01,230.965,,5.665
META,2021-01-01,327.6975,,6.9275
META,2022-01-01,159.035,,3.425
META,2023-01-01,286.6975,,5.2675
META,2024-01-01,535.3774999999999,,8.2975
META,2025-01-01,668.875,,9.120000000000001
AVGO,2010-01-01,1.5125,,2.8125
AVGO,2011-01-01,2.3375000000000004,,3.1425
AVGO,2012-01-01,2.5325,,2.79
AVGO,2013-01-01,2.8,,2.5725
AVGO,2014-01-01,5.22,,4.2
AVGO,2015-01-01,9.0375,,5.79
AVGO,2016-01-01,11.9625,,3.0725
AVGO,2017-01-01,18.515,,3.3275
AVGO,2018-01-01,18.7725,,2.7225
AVGO,2019-01-01,24.6525,,4.2875
AVGO,2020-01-01,27.400000000000002,,4.62
AVGO,2021-01-01,43.957499999999996,,7.425000000000001
AVGO,2022-01-01,50.4075,,9.450000000000001
AVGO,2023-01-01,71.5525,,12.985
AVGO,2024-01-01,142.81,,9.7775
AVGO,2025-01-01,238.62,,16.113333333333333
TSLA,2010-01-01,1.5766666666666669,,6.756666666666667
TSLA,2011-01-01,1.83,,11.615
TSLA,2012-01-01,2.195,,-0.3725000000000005
TSLA,2013-01-01,8.1525,,29.087500000000002
TSLA,2014-01-01,15.2275,,30.5425
TSLA,2015-01-01,15.754999999999999,,32.5875
TSLA,2016-01-01,14.33,,15.447500000000002
TSLA,2017-01-01,21.54,,9.3875
TSLA,2018-01-01,20.11,,9.86
TSLA,2019-01-01,19.377499999999998,,7.855
TSLA,2020-01-01,121.285,,20.4575
TSLA,2021-01-01,264.99,,29.04
TSLA,2022-01-01,243.025,,19.982499999999998
TSLA,2023-01-01,241.9825,,14.1575
TSLA,2024-01-01,259.78499999999997,,11.885
TSLA,2025-01-01,299.6333333333334,,12.503333333333336
TSM,2010-01-01,7.3075,,0.0
TSM,2011-01-01,8.7275,,0.0
TSM,2012-01-01,11.315,,2.5675
TSM,2013-01-01,13.0225,,2.5524999999999998
TSM,2014-01-01,15.955,,2.6950000000000003
TSM,2015-01-01,17.509999999999998,,2.5125
TSM,2016-01-01,22.47,,2.945
TSM,2017-01-01,29.9325,,2.5475000000000003
TSM,2018-01-01,34.375,,3.3875
TSM,2019-01-01,40.99,,4.0225
TSM,2020-01-01,67.77,,5.77
TSM,2021-01-01,109.855,,7.800000000000001
TSM,2022-01-01,78.2525,,4.6325
TSM,2023-01-01,93.4975,,4.555
TSM,2024-01-01,168.22,,7.105
TSM,2025-01-01,204.01,,7.5649999999999995
BRK.B,2010-01-01,80.9375,,0.5275000000000001
BRK.B,2011-01-01,77.09,,0.4925
BRK.B,2012-01-01,85.595,,0.5075000000000001
BRK.B,2013-01-01,112.0475,,0.6125
BRK.B,2014-01-01,134.95499999999998,,0.6825
BRK.B,2015-01-01,135.7175,,0.6725
BRK.B,2016-01-01,148.53,,0.6975
BRK.B,2017-01-01,179.3975,,0.755
BRK.B,2018-01-01,201.10500000000002,,0.755
BRK.B,2019-01-01,212.14499999999998,,0.7375
BRK.B,2020-01-01,201.5375,,0.675
BRK.B,2021-01-01,276.3325,,0.7525
BRK.B,2022-01-01,300.4625,,0.8075
BRK.B,2023-01-01,339.1825,,0.8175
BRK.B,2024-01-01,435.215,,0.935
BRK.B,2025-01-01,493.27333333333337,,1.0066666666666666
WMT,2010-01-01,12.8575,,2.0625
WMT,2011-01-01,13.675,,2.0125
WMT,2012-01-01,17.1875,,2.3025
WMT,2013-01-01,19.7275,,2.485
WMT,2014-01-01,20.3375,,2.4175
WMT,2015-01-01,20.0025,,2.3375
WMT,2016-01-01,19.485,,2.27
WMT,2017-01-01,22.4425,,2.5775
WMT,2018-01-01,28.572499999999998,,3.2199999999999998
WMT,2019-01-01,32.41,,3.585
WMT,2020-01-01,39.045,,4.0975
WMT,2021-01-01,45.035000000000004,,4.32
WMT,2022-01-01,45.32,,4.34
WMT,2023-01-01,50.1825,,4.8575
WMT,2024-01-01,65.495,,5.785
WMT,2025-01-01,99.26666666666667,,8.58
JPM,2010-01-01,27.14,,0.625
JPM,2011-01-01,25.5125,,0.5425
JPM,2012-01-01,29.0425,,0.5625
JPM,2013-01-01,37.855,,0.685
JPM,2014-01-01,44.56,,0.735
JPM,2015-01-01,48.45,,0.74
JPM,2016-01-01,53.58,,0.76
JPM,2017-01-01,76.42,,1.0375
JPM,2018-01-01,86.85,,1.13
JPM,2019-01-01,99.055,,1.1925
JPM,2020-01-01,88.735,,1.0025
JPM,2021-01-01,141.21249999999998,,1.46
JPM,2022-01-01,112.2825,,1.1425
JPM,2023-01-01,140.54,,1.2875
JPM,2024-01-01,208.1325,,1.72
JPM,2025-01-01,272.69666666666666,,2.1166666666666667
ORCL,2010-01-01,19.5325,,3.0925000000000002
ORCL,2011-01-01,25.8975,,3.2675
ORCL,2012-01-01,24.6725,,2.75
ORCL,2013-01-01,28.2175,,2.94
ORCL,2014-01-01,34.887499999999996,,3.29
ORCL,2015-01-01,34.957499999999996,,3.1425
ORCL,2016-01-01,34.4325,,2.975
ORCL,2017-01-01,41.3775,,3.145
ORCL,2018-01-01,43.68,,4.2175
ORCL,2019-01-01,48.105000000000004,,8.0275
ORCL,2020-01-01,50.6475,,13.997499999999999
ORCL,2021-01-01,76.25,,-43.7675
ORCL,2022-01-01,73.095,,-36.9175
ORCL,2023-01-01,104.775,,61.224999999999994
ORCL,2024-01-01,137.1475,,38.417500000000004
ORCL,2025-01-01,193.23000000000002,,27.433333333333334
V,2010-01-01,17.205,,2.3275
V,2011-01-01,19.53,,2.41
V,2012-01-01,30.085,,3.5475000000000003
V,2013-01-01,44.0625,,5.1225000000000005
V,2014-01-01,52.254999999999995,,5.4475
V,2015-01-01,65.28999999999999,,4.97
V,2016-01-01,73.1925,,4.9625
V,2017-01-01,95.185,,6.1375
V,2018-01-01,127.33500000000001,,7.6275
V,2019-01-01,165.5,,9.41
V,2020-01-01,186.665,,10.067499999999999
V,2021-01-01,214.975,,11.15
V,2022-01-01,196.6475,,10.3325
V,2023-01-01,235.04,,11.1725
V,2024-01-01,281.405,,13.21
V,2025-01-01,345.67333333333335,,16.546666666666667
LLY,2010-01-01,24.0675,,2.45
LLY,2011-01-01,27.2175,,2.225
LLY,2012-01-01,34.0325,,2.625
LLY,2013-01-01,40.7125,,2.8449999999999998
LLY,2014-01-01,51.9075,,3.3649999999999998
LLY,2015-01-01,67.89,,5.0600000000000005
LLY,2016-01-01,65.475,,4.865
LLY,2017-01-01,74.225,,6.01
LLY,2018-01-01,87.4425,,7.4725
LLY,2019-01-01,112.015,,38.0025
LLY,2020-01-01,146.5525,,31.725
LLY,2021-01-01,222.26500000000001,,27.6
LLY,2022-01-01,317.1575,,30.935
LLY,2023-01-01,476.90999999999997,,40.68
LLY,2024-01-01,830.21,,57.255
LLY,2025-01-01,732.54,,43.81
MA,2010-01-01,20.785,,6.1450000000000005
MA,2011-01-01,28.73,,6.47
MA,2012-01-01,41.540000000000006,,7.8175
MA,2013-01-01,60.975,,10.1125
MA,2014-01-01,71.99,,12.705
MA,2015-01-01,86.375,,15.535
MA,2016-01-01,91.8325,,17.240000000000002
MA,2017-01-01,125.74000000000001,,22.84
MA,2018-01-01,188.10500000000002,,35.165
MA,2019-01-01,258.55,,49.715
MA,2020-01-01,299.365,,49.24
MA,2021-01-01,348.5775,,50.845
MA,2022-01-01,320.20500000000004,,47.3525
MA,2023-01-01,389.95,,60.800000000000004
MA,2024-01-01,482.65,,62.3375
MA,2025-01-01,553.865,,75.27
NFLX,2010-01-01,18.580000000000002,,33.64
NFLX,2011-01-01,24.395,,26.9725
NFLX,2012-01-01,11.805,,6.5725
NFLX,2013-01-01,38.4925,,13.9975
NFLX,2014-01-01,56.62,,14.3975
NFLX,2015-01-01,92.755,,18.817500000000003
NFLX,2016-01-01,104.015,,17.93
NFLX,2017-01-01,167.6325,,22.2425
NFLX,2018-01-01,332.14250000000004,,31.18
NFLX,2019-01-01,328.7675,,22.3725
NFLX,2020-01-01,467.825,,21.04
NFLX,2021-01-01,565.6625,,17.335
NFLX,2022-01-01,269.945,,6.2475000000000005
NFLX,2023-01-01,412.6125,,8.325000000000001
NFLX,2024-01-01,720.7,,13.525
NFLX,2025-01-01,1150.6766666666665,,19.81
XOM,2010-01-01,36.722500000000004,,1.295
XOM,2011-01-01,46.8925,,1.41
XOM,2012-01-01,52.145,,1.4175
XOM,2013-01-01,56.205,,1.405
XOM,2014-01-01,60.45,,1.3900000000000001
XOM,2015-01-01,51.917500000000004,,1.2175
XOM,2016-01-01,59.565,,1.4
XOM,2017-01-01,57.1475,,1.2875
XOM,2018-01-01,56.205,,1.215
XOM,2019-01-01,56.2975,,1.2
XOM,2020-01-01,31.8675,,0.745
XOM,2021-01-01,51.6675,,1.3
XOM,2022-01-01,82.95,,1.8125
XOM,2023-01-01,101.7975,,1.9525
XOM,2024-01-01,110.62,,1.8425
XOM,2025-01-01,110.53333333333335,,1.75
COST,2010-01-01,43.597500000000004,,1.7175
COST,2011-01-01,58.2475,,2.045
COST,2012-01-01,68.7075,,2.325
COST,2013-01-01,89.0925,,3.59
COST,2014-01-01,99.6925,,3.585
COST,2015-01-01,124.02000000000001,,5.050000000000001
COST,2016-01-01,129.625,,4.7875
COST,2017-01-01,154.505,,6.0225
COST,2018-01-01,192.79000000000002,,6.6125
COST,2019-01-01,240.255,,6.93
COST,2020-01-01,305.93,,8.0025
COST,2021-01-01,405.82,,10.155
COST,2022-01-01,490.5525,,10.5275
COST,2023-01-01,516.175,,9.3675
COST,2024-01-01,849.6225000000001,,16.595
COST,2025-01-01,1020.6633333333333,,17.033333333333335
PLTR,2020-01-01,16.525,,13.86
PLTR,2021-01-01,22.975,,21.52
PLTR,2022-01-01,9.3375,,8.0075
PLTR,2023-01-01,14.2375,,9.6225
PLTR,2024-01-01,40.2925,,20.02
PLTR,2025-01-01,134.30666666666664,,53.82333333333333
JNJ,2010-01-01,40.1275,,2.01
JNJ,2011-01-01,42.769999999999996,,1.9449999999999998
JNJ,2012-01-01,47.3925,,2.09
JNJ,2013-01-01,62.1075,,2.4924999999999997
JNJ,2014-01-01,76.5,,2.86
JNJ,2015-01-01,74.89,,2.9425
JNJ,2016-01-01,90.52,,3.4275
JNJ,2017-01-01,105.765,,4.15
JNJ,2018-01-01,106.53,,4.555
JNJ,2019-01-01,117.4175,,5.2225
JNJ,2020-01-01,125.86999999999999,,5.255
JNJ,2021-01-01,147.7725,,5.5675
JNJ,2022-01-01,159.155,,5.5175
JNJ,2023-01-01,149.1675,,5.2
JNJ,2024-01-01,148.48,,5.05
JNJ,2025-01-01,162.90333333333334,,5.0
HD,2010-01-01,21.4225,,1.8525
HD,2011-01-01,26.0325,,2.255
HD,2012-01-01,38.832499999999996,,3.3049999999999997
HD,2013-01-01,56.155,,5.1375
HD,2014-01-01,64.6175,,7.6525
HD,2015-01-01,89.0875,,13.3525
HD,2016-01-01,104.5,,20.78
HD,2017-01-01,125.19999999999999,,43.4725
HD,2018-01-01,159.45,,115.4625
HD,2019-01-01,180.0325,,-140.5025
HD,2020-01-01,216.63,,-143.455
HD,2021-01-01,292.68,,187.7875
HD,2022-01-01,291.745,,262.52000000000004
HD,2023-01-01,294.5375,,353.8725
HD,2024-01-01,352.6575,,161.7725
HD,2025-01-01,383.76,,51.339999999999996
PG,2010-01-01,39.9075,,1.7650000000000001
PG,2011-01-01,42.4325,,1.7675
PG,2012-01-01,45.675,,1.91
PG,2013-01-01,55.1975,,2.185
PG,2014-01-01,61.1475,,2.4425
PG,2015-01-01,58.7975,,2.5375
PG,2016-01-01,66.52499999999999,,3.05
PG,2017-01-01,72.46000000000001,,3.3425000000000002
PG,2018-01-01,69.2025,,3.2225
PG,2019-01-01,99.435,,5.11
PG,2020-01-01,111.8325,,5.8149999999999995
PG,2021-01-01,129.48250000000002,,6.8
PG,2022-01-01,132.6975,,6.9525
PG,2023-01-01,140.5075,,7.005
PG,2024-01-01,162.37,,7.4775
PG,2025-01-01,159.97,,7.156666666666666
ABBV,2012-01-01,20.47,,0.0
ABBV,2013-01-01,27.6425,,12.105
ABBV,2014-01-01,36.7625,,18.2375
ABBV,2015-01-01,39.2625,,21.299999999999997
ABBV,2016-01-01,41.67,,12.79
ABBV,2017-01-01,57.2,,16.17
ABBV,2018-01-01,68.4325,,-11.915
ABBV,2019-01-01,61.055,,-11.035
ABBV,2020-01-01,75.0925,,4.415
ABBV,2021-01-01,99.1225,,12.65
ABBV,2022-01-01,135.88,,14.969999999999999
ABBV,2023-01-01,138.27,,20.27
ABBV,2024-01-01,175.0625,,56.6475
ABBV,2025-01-01,196.23666666666668,,-702.5566666666667
SAP,2010-01-01,37.0775,,0.0
SAP,2011-01-01,44.07,,0.0
SAP,2012-01-01,56.144999999999996,,1.0325
SAP,2013-01-01,63.94,,0.96
SAP,2014-01-01,62.6875,,0.6725
SAP,2015-01-01,61.0125,,0.7825
SAP,2016-01-01,72.22,,0.83
SAP,2017-01-01,93.3625,,0.9925
SAP,2018-01-01,98.8625,,0.78
SAP,2019-01-01,113.9975,,1.05
SAP,2020-01-01,123.135,,1.0775
SAP,2021-01-01,125.4625,,0.82
SAP,2022-01-01,92.195,,0.675
SAP,2023-01-01,133.4425,,0.99
SAP,2024-01-01,215.525,,1.5125
SAP,2025-01-01,288.56,,0.0
BAC,2010-01-01,11.515,,0.5025
BAC,2011-01-01,7.0825,,0.315
BAC,2012-01-01,7.567500000000001,,0.3475
BAC,2013-01-01,10.82,,0.495
BAC,2014-01-01,13.4825,,0.595
BAC,2015-01-01,13.095,,0.5375
BAC,2016-01-01,13.235,,0.505
BAC,2017-01-01,21.3725,,0.8049999999999999
BAC,2018-01-01,23.752499999999998,,0.8925
BAC,2019-01-01,26.1725,,0.9
BAC,2020-01-01,22.06,,0.71
BAC,2021-01-01,37.8225,,1.155
BAC,2022-01-01,31.385,,0.9375
BAC,2023-01-01,28.1725,,0.7825
BAC,2024-01-01,39.5025,,1.0375
BAC,2025-01-01,43.205,,1.105
KO,2010-01-01,18.16,,3.0275
KO,2011-01-01,22.0825,,3.0225
KO,2012-01-01,25.17,,3.4125
KO,2013-01-01,27.5175,,3.705
KO,2014-01-01,29.4375,,3.9325
KO,2015-01-01,29.817500000000003,,4.74
KO,2016-01-01,33.1475,,5.6475
KO,2017-01-01,34.815,,6.9350000000000005
KO,2018-01-01,36.55,,7.715
KO,2019-01-01,43.3425,,9.0475
KO,2020-01-01,41.68,,8.870000000000001
KO,2021-01-01,48.65,,8.7925
KO,2022-01-01,56.08,,9.530000000000001
KO,2023-01-01,56.0325,,8.83
KO,2024-01-01,63.1225,,9.895
KO,2025-01-01,70.76333333333334,,10.386666666666665
GE,2010-01-01,59.4,,0.6475
GE,2011-01-01,65.69749999999999,,0.695
GE,2012-01-01,80.1675,,0.84
GE,2013-01-01,96.2625,,0.9325
GE,2014-01-01,104.33500000000001,,0.9375
GE,2015-01-01,113.065,,1.2375
GE,2016-01-01,134.71,,1.7725
GE,2017-01-01,109.84,,1.5025
GE,2018-01-01,52.964999999999996,,0.9475
GE,2019-01-01,49.2375,,1.385
GE,2020-01-01,38.7575,,1.175
GE,2021-01-01,62.7225,,1.8425
GE,2022-01-01,46.18,,1.4
GE,2023-01-01,87.545,,3.11
GE,2024-01-01,162.5725,,8.425
GE,2025-01-01,242.96666666666667,,13.316666666666668
AMD,2010-01-01,7.97,,6.9525
AMD,2011-01-01,6.5175,,2.7824999999999998
AMD,2012-01-01,4.88,,3.645
AMD,2013-01-01,3.5774999999999997,,6.02
AMD,2014-01-01,3.5700000000000003,,7.1000000000000005
AMD,2015-01-01,2.4175,,24.887500000000003
AMD,2016-01-01,6.56,,6.932499999999999
AMD,2017-01-01,12.515,,25.5475
AMD,2018-01-01,18.5975,,18.0825
AMD,2019-01-01,32.685,,16.6525
AMD,2020-01-01,67.94749999999999,,20.1875
AMD,2021-01-01,104.8075,,17.8775
AMD,2022-01-01,78.485,,2.3025
AMD,2023-01-01,115.5375,,3.3725
AMD,2024-01-01,156.8925,,4.4775
AMD,2025-01-01,139.00333333333333,,3.8066666666666666
CSCO,2010-01-01,15.6,,2.0324999999999998
CSCO,2011-01-01,12.035,,1.4075
CSCO,2012-01-01,12.185,,1.275
CSCO,2013-01-01,15.4125,,1.4275
CSCO,2014-01-01,16.7925,,1.53
CSCO,2015-01-01,20.545,,1.77
CSCO,2016-01-01,21.25,,1.7075
CSCO,2017-01-01,25.490000000000002,,1.9475
CSCO,2018-01-01,35.1025,,3.555
CSCO,2019-01-01,42.8075,,5.1
CSCO,2020-01-01,36.682500000000005,,4.2225
CSCO,2021-01-01,45.76,,4.7175
CSCO,2022-01-01,44.415,,4.59
CSCO,2023-01-01,47.0025,,4.4125
CSCO,2024-01-01,48.5625,,4.2675
CSCO,2025-01-01,62.373333333333335,,5.403333333333333
ASML,2010-01-01,30.935000000000002,,0.0
ASML,2011-01-01,37.635,,0.0
ASML,2012-01-01,51.6625,,0.0
ASML,2013-01-01,75.4525,,0.0
ASML,2014-01-01,88.00666666666666,,0.0
ASML,2015-01-01,86.35,,0.925
ASML,2016-01-01,96.325,,1.0175
ASML,2017-01-01,140.49,,1.425
ASML,2018-01-01,172.4725,,1.1125
ASML,2019-01-01,221.995,,2.09
ASML,2020-01-01,354.7525,,3.07
ASML,2021-01-01,684.3625,,6.4325
ASML,2022-01-01,510.3025,,5.66
ASML,2023-01-01,674.6875,,5.035
ASML,2024-01-01,870.2875,,3.3825
ASML,2025-01-01,723.8533333333334,,0.0
TMUS,2010-01-01,15.467500000000001,,1.1125
TMUS,2011-01-01,20.495,,1.3425
TMUS,2012-01-01,14.8025,,0.9724999999999999
TMUS,2013-01-01,24.9225,,1.42
TMUS,2014-01-01,29.775,,1.635
TMUS,2015-01-01,36.32,,1.8325
TMUS,2016-01-01,45.175,,2.1025
TMUS,2017-01-01,60.870000000000005,,2.515
TMUS,2018-01-01,61.894999999999996,,2.205
TMUS,2019-01-01,73.03999999999999,,2.275
TMUS,2020-01-01,106.47,,2.2625
TMUS,2021-01-01,125.165,,2.3025
TMUS,2022-01-01,130.8125,,2.335
TMUS,2023-01-01,142.4475,,2.58
TMUS,2024-01-01,189.37,,3.51
TMUS,2025-01-01,248.97333333333336,,4.61
BABA,2014-01-01,93.565,,10.29
BABA,2015-01-01,74.1975,,1.985
BABA,2016-01-01,85.4575,,1.225
BABA,2017-01-01,144.1125,,1.4175
BABA,2018-01-01,162.8075,,1.6475
BABA,2019-01-01,177.445,,1.2625
BABA,2020-01-01,227.3525,,1.03
BABA,2021-01-01,174.8075,,1.49
BABA,2022-01-01,94.7775,,0.4175
BABA,2023-01-01,85.135,,0.3925
BABA,2024-01-01,83.0025,,0.695
BABA,2025-01-01,126.07499999999999,,1.96
PM,2010-01-01,26.3725,,10.6025
PM,2011-01-01,35.38,,45.37
PM,2012-01-01,46.89,,11.982499999999995
PM,2013-01-01,48.94,,-14.6325
PM,2014-01-01,47.985,,-8.8325
PM,2015-01-01,49.145,,-6.3950000000000005
PM,2016-01-01,61.78,,-8.94
PM,2017-01-01,73.9075,,-11.2925
PM,2018-01-01,56.7825,,-8.557500000000001
PM,2019-01-01,60.16,,-9.7625
PM,2020-01-01,58.857499999999995,,-8.725
PM,2021-01-01,77.975,,-13.695
PM,2022-01-01,81.9925,,-17.66
PM,2023-01-01,87.525,,-17.080000000000002
PM,2024-01-01,105.2675,,-19.3375
PM,2025-01-01,169.28,,-18.596666666666668
WFC,2010-01-01,18.9,,0.8075
WFC,2011-01-01,18.9025,,0.7224999999999999
WFC,2012-01-01,23.682499999999997,,0.82
WFC,2013-01-01,29.49,,0.935
WFC,2014-01-01,38.4025,,1.105
WFC,2015-01-01,40.822500000000005,,1.0875
WFC,2016-01-01,37.9325,,0.95
WFC,2017-01-01,45.432500000000005,,1.0925
WFC,2018-01-01,42.4875,,0.9975
WFC,2019-01-01,42.665,,0.9475
WFC,2020-01-01,24.072499999999998,,0.5425
WFC,2021-01-01,40.6025,,0.8575
WFC,2022-01-01,39.1425,,0.8225
WFC,2023-01-01,40.5375,,0.8075
WFC,2024-01-01,59.845,,1.115
WFC,2025-01-01,76.19,,1.3466666666666667
TM,2010-01-01,49.835,,0.625
TM,2011-01-01,50.275,,0.5875
TM,2012-01-01,58.4025,,0.6675
TM,2013-01-01,83.3275,,0.9375
TM,2014-01-01,86.11,,0.8925
TM,2015-01-01,95.525,,0.9750000000000001
TM,2016-01-01,84.5575,,0.78
TM,2017-01-01,91.4625,,0.7749999999999999
TM,2018-01-01,102.4675,,0.8275
TM,2019-01-01,109.565,,0.8200000000000001
TM,2020-01-01,116.5225,,0.8300000000000001
TM,2021-01-01,156.2575,,1.9124999999999999
TM,2022-01-01,138.57,,0.87
TM,2023-01-01,158.2525,,0.95
TM,2024-01-01,220.73000000000002,,1.24
TM,2025-01-01,181.49,,1.04
IBM,2010-01-01,75.1075,,4.2325
IBM,2011-01-01,99.495,,5.35
IBM,2012-01-01,117.145,,6.4975000000000005
IBM,2013-01-01,115.3775,,6.335
IBM,2014-01-01,109.8825,,7.3275
IBM,2015-01-01,94.58250000000001,,6.8725000000000005
IBM,2016-01-01,101.855,,5.8525
IBM,2017-01-01,105.2575,,5.2725
IBM,2018-01-01,97.6925,,4.805
IBM,2019-01-01,102.5625,,4.99
IBM,2020-01-01,92.4225,,3.9725
IBM,2021-01-01,113.325,,4.8025
IBM,2022-01-01,118.2825,,5.297499999999999
IBM,2023-01-01,133.215,,5.4125
IBM,2024-01-01,196.1975,,7.2875
IBM,2025-01-01,263.9866666666666,,8.973333333333333
CRM,2010-01-01,22.5625,,9.915000000000001
CRM,2011-01-01,33.8025,,13.4175
CRM,2012-01-01,33.635,,10.1725
CRM,2013-01-01,44.92,,10.165
CRM,2014-01-01,57.1025,,10.685
CRM,2015-01-01,69.4625,,10.42
CRM,2016-01-01,74.55250000000001,,8.715
CRM,2017-01-01,88.81,,7.7525
CRM,2018-01-01,126.2175,,7.645
CRM,2019-01-01,155.7125,,6.5625
CRM,2020-01-01,191.17,,4.68
CRM,2021-01-01,247.20999999999998,,4.8125
CRM,2022-01-01,187.155,,3.1525
CRM,2023-01-01,196.3275,,3.4325
CRM,2024-01-01,273.2525,,4.475
CRM,2025-01-01,283.2633333333333,,4.463333333333334
ABT,2010-01-01,17.2925,,1.255
ABT,2011-01-01,18.785,,1.1675
ABT,2012-01-01,24.165,,1.4649999999999999
ABT,2013-01-01,28.064999999999998,,1.85
ABT,2014-01-01,33.5525,,2.2075
ABT,2015-01-01,37.245000000000005,,2.5225
ABT,2016-01-01,34.182500000000005,,2.4175
ABT,2017-01-01,44.06,,2.42
ABT,2018-01-01,58.8725,,3.3325
ABT,2019-01-01,75.13,,4.2
ABT,2020-01-01,88.7275,,4.98
ABT,2021-01-01,114.61,,5.8549999999999995
ABT,2022-01-01,101.99000000000001,,4.91
ABT,2023-01-01,100.03,,4.595
ABT,2024-01-01,108.7875,,4.5649999999999995
ABT,2025-01-01,132.97,,4.6066666666666665
AZN,2010-01-01,13.455,,0.4
AZN,2011-01-01,14.0525,,0.3875
AZN,2012-01-01,14.74,,0.3975
AZN,2013-01-01,17.697499999999998,,0.55
AZN,2014-01-01,24.895,,1.5575
AZN,2015-01-01,24.3175,,3.4625
AZN,2016-01-01,22.8525,,3.6575
AZN,2017-01-01,27.0125,,4.395
AZN,2018-01-01,31.035,,4.02
AZN,2019-01-01,38.292500000000004,,1.9575
AZN,2020-01-01,45.29,,1.885
AZN,2021-01-01,52.4175,,1.06
AZN,2022-01-01,60.05500000000001,,1.34
AZN,2023-01-01,66.39750000000001,,1.2875
AZN,2024-01-01,71.07249999999999,,0.0
AZN,2025-01-01,72.64999999999999,,0.0
MS,2010-01-01,18.655,,0.445
MS,2011-01-01,14.215,,0.375
MS,2012-01-01,12.7675,,0.37
MS,2013-01-01,19.2775,,0.5575
MS,2014-01-01,25.4325,,0.6900000000000001
MS,2015-01-01,25.9325,,0.665
MS,2016-01-01,24.137500000000003,,0.5875
MS,2017-01-01,36.9575,,0.8475
MS,2018-01-01,37.57,,0.815
MS,2019-01-01,37.0375,,0.735
MS,2020-01-01,42.32,,0.7475
MS,2021-01-01,79.35,,1.3425
MS,2022-01-01,73.39,,1.225
MS,2023-01-01,80.91,,1.3225
MS,2024-01-01,101.89500000000001,,1.5975
MS,2025-01-01,131.91666666666666,,1.9400000000000002
NVS,2010-01-01,25.3975,,0.9450000000000001
NVS,2011-01-01,27.705,,0.9975
NVS,2012-01-01,29.98,,1.0975000000000001
NVS,2013-01-01,39.5625,,1.365
NVS,2014-01-01,49.67,,1.7
NVS,2015-01-01,52.9525,,1.22
NVS,2016-01-01,45.14,,1.4575
NVS,2017-01-01,50.082499999999996,,1.225
NVS,2018-01-01,52.182500000000005,,1.5875
NVS,2019-01-01,66.565,,2.9425
NVS,2020-01-01,67.8225,,2.86
NVS,2021-01-01,69.655,,2.7525
NVS,2022-01-01,71.28,,2.5225
NVS,2023-01-01,88.3,,3.9299999999999997
NVS,2024-01-01,100.27000000000001,,4.7675
NVS,2025-01-01,116.13666666666667,,5.53
UNH,2010-01-01,26.3175,,1.155
UNH,2011-01-01,39.03,,1.5025
UNH,2012-01-01,46.41,,1.5899999999999999
UNH,2013-01-01,56.015,,1.77
UNH,2014-01-01,74.11,,2.195
UNH,2015-01-01,101.61,,2.94
UNH,2016-01-01,124.4125,,3.215
UNH,2017-01-01,169.7975,,3.51
UNH,2018-01-01,219.065,,4.0525
UNH,2019-01-01,228.8725,,3.7975
UNH,2020-01-01,280.25,,4.0275
UNH,2021-01-01,392.4175,,5.095
UNH,2022-01-01,491.3275,,5.8975
UNH,2023-01-01,480.2575,,4.984999999999999
UNH,2024-01-01,514.835,,4.915
UNH,2025-01-01,382.34999999999997,,3.45
LIN,2010-01-01,64.985,,3.3075
LIN,2011-01-01,78.9075,,3.7775
LIN,2012-01-01,85.69749999999999,,4.1
LIN,2013-01-01,95.6075,,4.27
LIN,2014-01-01,106.775,,4.59
LIN,2015-01-01,92.895,,5.2675
LIN,2016-01-01,99.845,,5.195
LIN,2017-01-01,120.17750000000001,,5.3925
LIN,2018-01-01,139.295,,4.7975
LIN,2019-01-01,179.79,,1.8325
LIN,2020-01-01,207.2475,,2.245
LIN,2021-01-01,286.8175,,3.1775
LIN,2022-01-01,289.48,,3.4725
LIN,2023-01-01,371.13750000000005,,4.405
LIN,2024-01-01,444.685,,5.305
LIN,2025-01-01,467.59,,5.52
MCD,2010-01-01,47.364999999999995,,3.625
MCD,2011-01-01,59.9825,,4.327500000000001
MCD,2012-01-01,64.9275,,4.53
MCD,2013-01-01,71.725,,4.65
MCD,2014-01-01,73.25750000000001,,4.905
MCD,2015-01-01,80.18,,8.375
MCD,2016-01-01,97.59,,16.785000000000004
MCD,2017-01-01,127.14500000000001,,-39.144999999999996
MCD,2018-01-01,140.16,,-18.6325
MCD,2019-01-01,176.7225,,-17.895
MCD,2020-01-01,175.4075,,-15.1075
MCD,2021-01-01,220.8175,,-29.3275
MCD,2022-01-01,231.3225,,-27.355
MCD,2023-01-01,272.28999999999996,,-39.19
MCD,2024-01-01,277.13,,-43.307500000000005
MCD,2025-01-01,309.26,,-32.15
HSBC,2010-01-01,23.1375,,0.2675
HSBC,2011-01-01,21.525,,0.1
HSBC,2012-01-01,23.9525,,0.1375
HSBC,2013-01-01,28.5625,,0.1475
HSBC,2014-01-01,27.8275,,0.1275
HSBC,2015-01-01,24.215,,0.1175
HSBC,2016-01-01,22.2275,,0.1425
HSBC,2017-01-01,30.27,,0.0
HSBC,2018-01-01,32.325,,0.0
HSBC,2019-01-01,29.535,,0.295
HSBC,2020-01-01,18.314999999999998,,0.37
HSBC,2021-01-01,21.935000000000002,,0.43
HSBC,2022-01-01,24.92,,0.505
HSBC,2023-01-01,32.035,,0.6499999999999999
HSBC,2024-01-01,42.37,,0.22999999999999998
HSBC,2025-01-01,59.935,,1.07
NVO,2010-01-01,6.9325,,0.0
NVO,2011-01-01,8.870000000000001,,0.0
NVO,2012-01-01,11.7325,,2.525
NVO,2013-01-01,13.2525,,2.65
NVO,2014-01-01,18.305,,3.075
NVO,2015-01-01,22.5475,,4.33
NVO,2016-01-01,19.375,,2.805
NVO,2017-01-01,19.295,,3.7525
NVO,2018-01-01,20.8,,3.1575
NVO,2019-01-01,24.075,,3.655
NVO,2020-01-01,30.6375,,3.9275
NVO,2021-01-01,42.415,,5.44
NVO,2022-01-01,54.815,,6.2725
NVO,2023-01-01,86.17750000000001,,7.3375
NVO,2024-01-01,116.92,,4.5425
NVO,2025-01-01,59.099999999999994,,0.0
INTU,2010-01-01,34.0,,4.0424999999999995
INTU,2011-01-01,44.965,,5.415
INTU,2012-01-01,51.8625,,5.85
INTU,2013-01-01,58.192499999999995,,5.915
INTU,2014-01-01,72.8925,,7.3375
INTU,2015-01-01,90.1675,,13.73
INTU,2016-01-01,97.2625,,26.645
INTU,2017-01-01,125.7975,,27.3175
INTU,2018-01-01,183.325,,22.8175
INTU,2019-01-01,241.0675,,17.7325
INTU,2020-01-01,283.9125,,15.9725
INTU,2021-01-01,470.115,,13.3325
INTU,2022-01-01,454.8875,,7.925
INTU,2023-01-01,462.1725,,7.655
INTU,2024-01-01,624.2175,,9.695
INTU,2025-01-01,662.6266666666667,,9.533333333333333
SHEL,2010-01-01,29.2075,,0.635
SHEL,2011-01-01,35.27333333333333,,0.4333333333333333
SHEL,2012-01-01,37.2125,,0.4975
SHEL,2013-01-01,37.4925,,0.505
SHEL,2014-01-01,44.1525,,0.385
SHEL,2015-01-01,32.54,,0.2875
SHEL,2016-01-01,34.4525,,0.5375
SHEL,2017-01-01,41.0075,,0.8625
SHEL,2018-01-01,47.875,,0.9850000000000001
SHEL,2019-01-01,47.845,,0.9975
SHEL,2020-01-01,26.395,,0.58
SHEL,2021-01-01,35.9775,,0.825
SHEL,2022-01-01,47.69,,0.925
SHEL,2023-01-01,57.47,,0.9975
SHEL,2024-01-01,64.5475,,1.0875
SHEL,2025-01-01,71.935,,1.2
RTX,2010-01-01,31.875,,1.3675
RTX,2011-01-01,35.7625,,1.3975
RTX,2012-01-01,36.935,,1.3475000000000001
RTX,2013-01-01,48.457499999999996,,1.49
RTX,2014-01-01,54.9075,,1.4675
RTX,2015-01-01,51.2025,,1.4649999999999999
RTX,2016-01-01,52.71,,1.4449999999999998
RTX,2017-01-01,62.34,,1.6275
RTX,2018-01-01,66.3,,1.5525
RTX,2019-01-01,74.44,,1.4925
RTX,2020-01-01,55.605000000000004,,1.1800000000000002
RTX,2021-01-01,76.3725,,1.565
RTX,2022-01-01,88.27,,1.7825
RTX,2023-01-01,84.17,,1.705
RTX,2024-01-01,106.7825,,2.295
RTX,2025-01-01,144.52333333333334,,3.0233333333333334
GS,2010-01-01,117.8775,,0.8049999999999999
GS,2011-01-01,92.27,,0.65
GS,2012-01-01,90.7425,,0.59
GS,2013-01-01,126.50999999999999,,0.7324999999999999
GS,2014-01-01,143.315,,0.7725
GS,2015-01-01,153.7225,,0.76
GS,2016-01-01,146.945,,0.6799999999999999
GS,2017-01-01,198.7825,,0.8925
GS,2018-01-01,184.22,,0.7975
GS,2019-01-01,181.135,,0.7125
GS,2020-01-01,181.86,,0.675
GS,2021-01-01,332.5075,,1.0775000000000001
GS,2022-01-01,293.02750000000003,,0.8500000000000001
GS,2023-01-01,324.6475,,0.9075
GS,2024-01-01,476.115,,1.245
GS,2025-01-01,631.6600000000001,,1.565
BX,2010-01-01,5.7875,,0.3125
BX,2011-01-01,7.245,,0.43
BX,2012-01-01,7.345000000000001,,0.4125
BX,2013-01-01,12.8,,0.675
BX,2014-01-01,18.2775,,0.7875
BX,2015-01-01,20.955,,0.9675
BX,2016-01-01,17.2525,,0.9125
BX,2017-01-01,22.884999999999998,,1.135
BX,2018-01-01,25.245,,1.205
BX,2019-01-01,37.3425,,1.7225
BX,2020-01-01,46.005,,2.4025
BX,2021-01-01,91.025,,3.2225
BX,2022-01-01,84.9925,,3.035
BX,2023-01-01,98.8075,,4.1175
BX,2024-01-01,140.995,,5.6375
BX,2025-01-01,152.8,,6.1
AXP,2010-01-01,33.5275,,2.69
AXP,2011-01-01,38.7825,,2.525
AXP,2012-01-01,47.945,,2.8025
AXP,2013-01-01,65.065,,3.6425
AXP,2014-01-01,77.9225,,4.0
AXP,2015-01-01,64.77,,3.0
AXP,2016-01-01,57.265,,2.55
AXP,2017-01-01,78.97749999999999,,3.425
AXP,2018-01-01,89.2025,,3.6275
AXP,2019-01-01,109.5075,,3.9499999999999997
AXP,2020-01-01,94.135,,3.475
AXP,2021-01-01,151.56,,4.9350000000000005
AXP,2022-01-01,146.1575,,4.67
AXP,2023-01-01,164.6425,,4.465
AXP,2024-01-01,253.73000000000002,,6.0725
AXP,2025-01-01,293.46333333333337,,6.403333333333333
DIS,2010-01-01,29.4375,,1.4325
DIS,2011-01-01,32.5675,,1.4875
DIS,2012-01-01,42.9575,,1.8575
DIS,2013-01-01,58.5225,,2.2325
DIS,2014-01-01,79.2575,,2.8024999999999998
DIS,2015-01-01,98.135,,3.285
DIS,2016-01-01,91.975,,3.1825
DIS,2017-01-01,100.815,,3.375
DIS,2018-01-01,103.9125,,3.025
DIS,2019-01-01,128.315,,2.36
DIS,2020-01-01,126.24000000000001,,2.495
DIS,2021-01-01,168.2825,,3.2625
DIS,2022-01-01,101.5,,1.8599999999999999
DIS,2023-01-01,88.7825,,1.5550000000000002
DIS,2024-01-01,106.2425,,1.875
DIS,2025-01-01,105.58,,1.785
MRK,2010-01-01,21.1425,,1.1225
MRK,2011-01-01,21.1325,,1.13
MRK,2012-01-01,26.455000000000002,,1.405
MRK,2013-01-01,31.1325,,1.77
MRK,2014-01-01,39.379999999999995,,2.3325
MRK,2015-01-01,38.1425,,2.315
MRK,2016-01-01,42.214999999999996,,2.7225
MRK,2017-01-01,46.4875,,3.3125
MRK,2018-01-01,50.8625,,4.3475
MRK,2019-01-01,68.07249999999999,,6.445
MRK,2020-01-01,65.395,,6.1
MRK,2021-01-01,67.32,,5.135
MRK,2022-01-01,85.1775,,4.92
MRK,2023-01-01,102.5325,,6.3825
MRK,2024-01-01,113.72,,6.6275
MRK,2025-01-01,82.8,,4.253333333333333
T,2010-01-01,6.875,,0.3775
T,2011-01-01,8.3,,0.44
T,2012-01-01,10.245000000000001,,0.585
T,2013-01-01,11.1525,,0.675
T,2014-01-01,11.795,,0.6675
T,2015-01-01,12.315000000000001,,0.6725
T,2016-01-01,16.1725,,0.8
T,2017-01-01,16.3675,,0.7775
T,2018-01-01,14.4975,,0.5825
T,2019-01-01,17.2375,,0.64
T,2020-01-01,15.35,,0.5725
T,2021-01-01,15.9675,,0.625
T,2022-01-01,15.1175,,0.7925
T,2023-01-01,14.842500000000001,,0.925
T,2024-01-01,19.325,,1.175
T,2025-01-01,28.14,,1.67
PEP,2010-01-01,41.6725,,3.1875
PEP,2011-01-01,43.6525,,2.9699999999999998
PEP,2012-01-01,47.305,,3.3725
PEP,2013-01-01,57.0075,,3.82
PEP,2014-01-01,65.39750000000001,,4.5975
PEP,2015-01-01,71.48,,7.35
PEP,2016-01-01,81.0025,,9.8225
PEP,2017-01-01,90.60249999999999,,10.7
PEP,2018-01-01,89.6725,,11.1975
PEP,2019-01-01,110.8475,,10.7925
PEP,2020-01-01,116.6275,,12.125
PEP,2021-01-01,136.68,,12.2625
PEP,2022-01-01,155.0425,,11.6975
PEP,2023-01-01,166.01,,12.620000000000001
PEP,2024-01-01,160.26999999999998,,11.5025
PEP,2025-01-01,141.42333333333332,,10.453333333333333
SHOP,2015-01-01,3.1666666666666665,,7.82
SHOP,2016-01-01,3.62,,11.004999999999999
SHOP,2017-01-01,9.3125,,10.875
SHOP,2018-01-01,14.3375,,8.795
SHOP,2019-01-01,30.4025,,13.6375
SHOP,2020-01-01,88.0275,,20.64
SHOP,2021-01-01,132.5175,,15.9025
SHOP,2022-01-01,40.1225,,5.6325
SHOP,2023-01-01,61.2525,,9.465
SHOP,2024-01-01,82.4225,,10.6525
SHOP,2025-01-01,123.315,,14.475
CAT,2010-01-01,50.5375,,3.2525
CAT,2011-01-01,66.6525,,3.2575000000000003
CAT,2012-01-01,65.38,,2.595
CAT,2013-01-01,62.6725,,2.1575
CAT,2014-01-01,74.59,,2.39
CAT,2015-01-01,57.582499999999996,,2.0975
CAT,2016-01-01,67.3375,,2.6525
CAT,2017-01-01,100.69,,4.1925
CAT,2018-01-01,119.94,,4.695
CAT,2019-01-01,119.4425,,4.4575
CAT,2020-01-01,129.5825,,4.7975
CAT,2021-01-01,195.76,,6.3774999999999995
CAT,2022-01-01,189.9775,,6.18
CAT,2023-01-01,251.8375,,6.6875
CAT,2024-01-01,356.92999999999995,,9.3825
CAT,2025-01-01,372.045,,9.695
UBER,2019-01-01,35.53,,3.893333333333333
UBER,2020-01-01,36.62,,5.8175
UBER,2021-01-01,47.839999999999996,,6.415
UBER,2022-01-01,26.8425,,6.6175
UBER,2023-01-01,45.6075,,9.2575
UBER,2024-01-01,71.2875,,10.2425
UBER,2025-01-01,82.78,,7.59
RY,2010-01-01,29.765,,0.0
RY,2011-01-01,31.4525,,0.0
RY,2012-01-01,32.66,,0.0
RY,2013-01-01,39.3,,0.0
RY,2014-01-01,44.3,,0.0
RY,2015-01-01,40.06,,0.0
RY,2016-01-01,40.6875,,1.145
RY,2017-01-01,53.4225,,1.41
RY,2018-01-01,59.035,,1.4224999999999999
RY,2019-01-01,61.989999999999995,,1.4375
RY,2020-01-01,57.307500000000005,,1.3325
RY,2021-01-01,81.5275,,1.54
RY,2022-01-01,89.5875,,1.53
RY,2023-01-01,87.6975,,1.4675
RY,2024-01-01,102.7625,,1.6075
RY,2025-01-01,123.72666666666667,,1.87
NOW,2012-01-01,31.103333333333335,,53.35666666666666
NOW,2013-01-01,46.1375,,21.01
NOW,2014-01-01,62.1275,,22.125
NOW,2015-01-01,77.275,,24.3975
NOW,2016-01-01,70.2675,,33.76
NOW,2017-01-01,110.3475,,34.56
NOW,2018-01-01,177.9,,32.8575
NOW,2019-01-01,264.3075,,34.39
NOW,2020-01-01,431.7675,,32.2225
NOW,2021-01-01,580.26,,33.93
NOW,2022-01-01,449.5725,,20.8175
NOW,2023-01-01,573.0350000000001,,17.1
NOW,2024-01-01,875.895,,20.16
NOW,2025-01-01,899.4466666666666,,17.453333333333333
VZ,2010-01-01,14.43,,0.47750000000000004
VZ,2011-01-01,18.81,,0.605
VZ,2012-01-01,22.2425,,0.71
VZ,2013-01-01,26.4625,,0.8425
VZ,2014-01-01,27.3525,,7.45
VZ,2015-01-01,27.39,,8.254999999999999
VZ,2016-01-01,33.394999999999996,,6.297499999999999
VZ,2017-01-01,31.805,,4.3225
VZ,2018-01-01,35.3925,,2.695
VZ,2019-01-01,42.3125,,2.935
VZ,2020-01-01,42.120000000000005,,2.6625
VZ,2021-01-01,42.5975,,2.2975
VZ,2022-01-01,36.3275,,1.7325
VZ,2023-01-01,31.66,,1.39
VZ,2024-01-01,39.0375,,1.6775
VZ,2025-01-01,43.153333333333336,,1.76
BKNG,2010-01-01,291.1675,,9.04
BKNG,2011-01-01,477.825,,11.305
BKNG,2012-01-01,647.165,,10.285
BKNG,2013-01-01,910.5024999999999,,8.0775
BKNG,2014-01-01,1158.7325,,7.547499999999999
BKNG,2015-01-01,1191.7275,,6.995
BKNG,2016-01-01,1351.595,,7.032500000000001
BKNG,2017-01-01,1782.1675,,7.62
BKNG,2018-01-01,1929.0175,,9.115
BKNG,2019-01-01,1885.09,,13.45
BKNG,2020-01-01,1697.3825,,15.695
BKNG,2021-01-01,2293.6775,,17.855
BKNG,2022-01-01,1914.7075,,20.825
BKNG,2023-01-01,2958.4674999999997,,-67.285
BKNG,2024-01-01,4165.4025,,-34.935
BKNG,2025-01-01,5273.436666666667,,-17.599999999999998
GEV,2024-01-01,222.67000000000002,,4.9775
GEV,2025-01-01,493.23333333333335,,13.586666666666666
HDB,2010-01-01,12.9775,,0.0
HDB,2011-01-01,12.905,,0.0
HDB,2012-01-01,15.225,,0.0
HDB,2013-01-01,14.7775,,0.0
HDB,2014-01-01,19.52,,0.0
HDB,2020-01-01,57.074999999999996,,0.0
HDB,2021-01-01,66.13666666666667,,0.0
HDB,2022-01-01,57.94,,0.805
HDB,2023-01-01,63.81,,0.84
HDB,2024-01-01,60.7175,,0.3675
HDB,2025-01-01,72.64666666666666,,0.5533333333333333
ANET,2014-01-01,4.406666666666666,,9.14
ANET,2015-01-01,4.5525,,7.1
ANET,2016-01-01,4.8325,,5.51
ANET,2017-01-01,11.05,,8.817499999999999
ANET,2018-01-01,15.46,,9.807500000000001
ANET,2019-01-01,15.879999999999999,,7.5325
ANET,2020-01-01,14.22,,5.5925
ANET,2021-01-01,24.7325,,8.035
ANET,2022-01-01,29.1875,,8.2275
ANET,2023-01-01,46.8375,,9.309999999999999
ANET,2024-01-01,91.6525,,12.9125
ANET,2025-01-01,108.38,,13.46
SCHW,2010-01-01,13.217500000000001,,2.6625
SCHW,2011-01-01,11.9625,,2.1025
SCHW,2012-01-01,11.6475,,1.635
SCHW,2013-01-01,18.695,,2.4050000000000002
SCHW,2014-01-01,24.97,,2.8775
SCHW,2015-01-01,27.5475,,2.8375
SCHW,2016-01-01,27.7575,,2.385
SCHW,2017-01-01,40.2475,,3.035
SCHW,2018-01-01,43.9825,,2.935
SCHW,2019-01-01,39.6225,,2.4925
SCHW,2020-01-01,36.6725,,1.4825
SCHW,2021-01-01,69.9675,,2.3325
SCHW,2022-01-01,72.5175,,3.385
SCHW,2023-01-01,56.6175,,2.7025
SCHW,2024-01-01,70.37,,2.8375
SCHW,2025-01-01,87.00999999999999,,3.19
BLK,2010-01-01,122.2225,,0.385
BLK,2011-01-01,125.2375,,0.6725
BLK,2012-01-01,137.125,,0.87
BLK,2013-01-01,204.545,,1.315
BLK,2014-01-01,251.2025,,1.5375
BLK,2015-01-01,262.9575,,1.54
BLK,2016-01-01,285.2725,,1.6075
BLK,2017-01-01,362.245,,1.9249999999999998
BLK,2018-01-01,399.02250000000004,,1.97
BLK,2019-01-01,398.5425,,1.9025
BLK,2020-01-01,504.3275,,2.275
BLK,2021-01-01,767.3925,,3.19
BLK,2022-01-01,611.295,,2.4575
BLK,2023-01-01,674.135,,2.6025
BLK,2024-01-01,882.5025,,3.125
BLK,2025-01-01,1027.1599999999999,,3.3049999999999997
BA,2010-01-01,52.86,,11.7425
BA,2011-01-01,57.08,,9.6325
BA,2012-01-01,60.96,,7.62
BA,2013-01-01,93.98750000000001,,7.4875
BA,2014-01-01,110.5675,,6.38
BA,2015-01-01,125.3325,,12.4325
BA,2016-01-01,124.74000000000001,,67.2475
BA,2017-01-01,218.4375,,203.27249999999998
BA,2018-01-01,327.5025,,67.63500000000002
BA,2019-01-01,357.46999999999997,,196.5775
BA,2020-01-01,177.94,,-8.265
BA,2021-01-01,228.885,,-8.475
BA,2022-01-01,159.9475,,-6.045
BA,2023-01-01,218.98250000000002,,-8.155000000000001
BA,2024-01-01,176.01,,-12.765
BA,2025-01-01,202.47000000000003,,-28.893333333333334
TMO,2010-01-01,48.315,,1.26
TMO,2011-01-01,51.1175,,1.2650000000000001
TMO,2012-01-01,55.09,,1.305
TMO,2013-01-01,87.7025,,1.9525000000000001
TMO,2014-01-01,117.3175,,2.285
TMO,2015-01-01,128.3175,,2.4725
TMO,2016-01-01,143.825,,2.6525
TMO,2017-01-01,173.1775,,2.9074999999999998
TMO,2018-01-01,216.53,,3.255
TMO,2019-01-01,291.5425,,4.0375
TMO,2020-01-01,383.625,,4.8325
TMO,2021-01-01,544.3425,,5.6325
TMO,2022-01-01,543.5325,,4.9875
TMO,2023-01-01,530.7725,,4.6125
TMO,2024-01-01,566.58,,4.5275
TMO,2025-01-01,475.91499999999996,,3.6399999999999997
SPGI,2010-01-01,26.15,,3.855
SPGI,2011-01-01,33.72,,4.775
SPGI,2012-01-01,42.35,,8.6875
SPGI,2013-01-01,54.9775,,12.795
SPGI,2014-01-01,74.58000000000001,,20.0225
SPGI,2015-01-01,88.31,,50.655
SPGI,2016-01-01,101.4,,61.485
SPGI,2017-01-01,140.4025,,40.942499999999995
SPGI,2018-01-01,178.98250000000002,,209.96999999999997
SPGI,2019-01-01,227.5925,,120.2175
SPGI,2020-01-01,303.4,,73.4875
SPGI,2021-01-01,401.76,,62.6925
SPGI,2022-01-01,338.3875,,3.115
SPGI,2023-01-01,382.2575,,3.4575
SPGI,2024-01-01,468.58250000000004,,4.2925
SPGI,2025-01-01,533.145,,4.885
TXN,2010-01-01,18.07,,2.1425
TXN,2011-01-01,21.055,,2.2325
TXN,2012-01-01,21.095,,2.1375
TXN,2013-01-01,27.78,,2.7775
TXN,2014-01-01,36.2325,,3.6725
TXN,2015-01-01,40.3775,,4.0975
TXN,2016-01-01,51.275,,5.0625
TXN,2017-01-01,70.2525,,6.5275
TXN,2018-01-01,85.0675,,8.0725
TXN,2019-01-01,100.705,,10.775
TXN,2020-01-01,115.73,,12.85
TXN,2021-01-01,169.1775,,13.4775
TXN,2022-01-01,149.66,,9.5675
TXN,2023-01-01,163.14000000000001,,9.1875
TXN,2024-01-01,184.56,,9.84
TXN,2025-01-01,189.64666666666668,,10.506666666666668
ISRG,2010-01-01,33.480000000000004,,6.16
ISRG,2011-01-01,42.582499999999996,,6.2775
ISRG,2012-01-01,57.82,,6.4475
ISRG,2013-01-01,48.8275,,4.8025
ISRG,2014-01-01,51.1275,,5.255
ISRG,2015-01-01,55.42,,4.702500000000001
ISRG,2016-01-01,72.8175,,4.7625
ISRG,2017-01-01,106.7375,,7.735
ISRG,2018-01-01,162.0175,,9.094999999999999
ISRG,2019-01-01,185.51749999999998,,8.49
ISRG,2020-01-01,216.055,,8.3075
ISRG,2021-01-01,310.885,,9.925
ISRG,2022-01-01,238.79500000000002,,7.2299999999999995
ISRG,2023-01-01,306.765,,8.747499999999999
ISRG,2024-01-01,464.2925,,10.795
ISRG,2025-01-01,502.8299999999999,,10.183333333333334
C,2010-01-01,30.700000000000003,,0.5525
C,2011-01-01,25.7175,,0.42500000000000004
C,2012-01-01,25.465,,0.40249999999999997
C,2013-01-01,36.08,,0.545
C,2014-01-01,37.57,,0.535
C,2015-01-01,39.045,,0.5275000000000001
C,2016-01-01,36.0275,,0.4475
C,2017-01-01,52.37,,0.63
C,2018-01-01,50.2675,,0.6225
C,2019-01-01,56.3,,0.6325
C,2020-01-01,41.0125,,0.4375
C,2021-01-01,58.7475,,0.5825
C,2022-01-01,41.31,,0.4
C,2023-01-01,42.9925,,0.3975
C,2024-01-01,62.715,,0.5700000000000001
C,2025-01-01,80.6,,0.7050000000000001
MUFG,2010-01-01,2.9850000000000003,,0.0
MUFG,2011-01-01,2.83,,0.0
MUFG,2012-01-01,3.1999999999999997,,0.0
MUFG,2013-01-01,4.025,,0.21
MUFG,2014-01-01,4.17,,0.41
MUFG,2015-01-01,5.01,,0.5
MUFG,2016-01-01,3.17,,0.27
MUFG,2017-01-01,4.97,,0.44
MUFG,2018-01-01,4.27,,0.36
MUFG,2019-01-01,3.72,,0.3
MUFG,2020-01-01,3.24,,0.27
MUFG,2021-01-01,4.7,,0.36
MUFG,2022-01-01,4.8,,0.44
MUFG,2023-01-01,6.91,,0.59
MUFG,2024-01-01,10.42,,0.89
MUFG,2025-01-01,14.05,,1.0950000000000002
PDD,2018-01-01,24.365000000000002,,4.565
PDD,2019-01-01,28.8675,,3.105
PDD,2020-01-01,93.4225,,11.2725
PDD,2021-01-01,102.4675,,1.5625
PDD,2022-01-01,61.51,,1.575
PDD,2023-01-01,97.355,,1.9075
PDD,2024-01-01,120.25,,0.7875
PDD,2025-01-01,116.27,,0.0
QCOM,2010-01-01,28.9575,,2.225
QCOM,2011-01-01,37.3175,,2.3499999999999996
QCOM,2012-01-01,43.7525,,2.25
QCOM,2013-01-01,48.4225,,2.2275
QCOM,2014-01-01,56.2825,,2.4274999999999998
QCOM,2015-01-01,44.2825,,2.0775
QCOM,2016-01-01,46.5375,,2.22
QCOM,2017-01-01,46.2225,,2.38
QCOM,2018-01-01,50.5475,,28.485
QCOM,2019-01-01,65.145,,16.41
QCOM,2020-01-01,96.7375,,22.8425
QCOM,2021-01-01,134.935,,16.6675
QCOM,2022-01-01,117.7175,,8.2625
QCOM,2023-01-01,120.58,,6.3275
QCOM,2024-01-01,169.7525,,7.425
QCOM,2025-01-01,152.61666666666667,,6.07
SONY,2010-01-01,5.7475,,0.0
SONY,2011-01-01,4.2175,,0.0
SONY,2012-01-01,2.6225,,0.0
SONY,2013-01-01,3.585,,0.0
SONY,2014-01-01,3.4875,,0.1675
SONY,2015-01-01,4.895,,0.275
SONY,2016-01-01,5.5075,,0.61
SONY,2017-01-01,7.35,,0.3475
SONY,2018-01-01,9.99,,0.445
SONY,2019-01-01,10.7,,0.3175
SONY,2020-01-01,14.875,,0.3975
SONY,2021-01-01,21.4975,,0.6075
SONY,2022-01-01,15.9475,,1.3825
SONY,2023-01-01,17.6925,,1.625
SONY,2024-01-01,18.57,,2.0825
SONY,2025-01-01,25.71,,2.755
AMGN,2010-01-01,38.455,,1.57
AMGN,2011-01-01,40.095,,1.5374999999999999
AMGN,2012-01-01,55.1,,2.1975
AMGN,2013-01-01,76.99,,2.7625
AMGN,2014-01-01,99.4825,,3.0675
AMGN,2015-01-01,114.9325,,3.1675
AMGN,2016-01-01,117.9025,,2.9425
AMGN,2017-01-01,137.1975,,3.3649999999999998
AMGN,2018-01-01,153.4675,,6.97
AMGN,2019-01-01,168.98250000000002,,9.685
AMGN,2020-01-01,198.1275,,11.425
AMGN,2021-01-01,205.42000000000002,,14.485000000000001
AMGN,2022-01-01,222.02249999999998,,60.4
AMGN,2023-01-01,240.7425,,20.085
AMGN,2024-01-01,286.695,,25.6275
AMGN,2025-01-01,296.76,,25.705
BSX,2010-01-01,6.68,,0.9225
BSX,2011-01-01,6.3375,,0.835
BSX,2012-01-01,5.78,,1.0175
BSX,2013-01-01,10.209999999999999,,2.08
BSX,2014-01-01,12.8375,,2.595
BSX,2015-01-01,17.575,,3.66
BSX,2016-01-01,21.9025,,4.6075
BSX,2017-01-01,26.6375,,5.055
BSX,2018-01-01,33.465,,5.8075
BSX,2019-01-01,41.817499999999995,,5.6325
BSX,2020-01-01,35.475,,3.34
BSX,2021-01-01,41.82,,3.675
BSX,2022-01-01,41.64,,3.445
BSX,2023-01-01,53.682500000000005,,4.1575
BSX,2024-01-01,79.655,,5.5925
BSX,2025-01-01,101.91999999999999,,6.720000000000001
ACN,2010-01-01,29.7325,,6.1775
ACN,2011-01-01,42.4125,,7.03
ACN,2012-01-01,48.43,,6.8925
ACN,2013-01-01,61.6025,,7.335
ACN,2014-01-01,68.515,,7.45
ACN,2015-01-01,81.89,,8.1825
ACN,2016-01-01,97.835,,8.0475
ACN,2017-01-01,115.7175,,7.9525
ACN,2018-01-01,145.7775,,8.4675
ACN,2019-01-01,168.3675,,7.3475
ACN,2020-01-01,201.6575,,7.4725
ACN,2021-01-01,287.915,,9.1175
ACN,2022-01-01,285.775,,8.0875
ACN,2023-01-01,296.3375,,7.13
ACN,2024-01-01,333.5025,,7.220000000000001
ACN,2025-01-01,300.67333333333335,,6.0566666666666675
UL,2010-01-01,17.4525,,0.0
UL,2011-01-01,20.725,,0.0
UL,2012-01-01,23.634999999999998,,0.0
UL,2013-01-01,27.525,,0.0
UL,2014-01-01,29.975,,0.0
UL,2015-01-01,31.045,,0.0
UL,2016-01-01,32.94,,0.0
UL,2017-01-01,42.0,,0.0
UL,2018-01-01,42.629999999999995,,0.0
UL,2019-01-01,48.754999999999995,,0.0
UL,2020-01-01,48.72,,0.0
UL,2021-01-01,49.129999999999995,,0.0
UL,2022-01-01,43.745000000000005,,0.0
UL,2023-01-01,47.4,,0.0
UL,2024-01-01,55.76,,0.0
UL,2025-01-01,61.32,,0.0
NEE,2010-01-01,8.305,,0.9975
NEE,2011-01-01,9.655000000000001,,1.0975000000000001
NEE,2012-01-01,11.885,,1.2725
NEE,2013-01-01,14.845,,1.495
NEE,2014-01-01,18.7675,,1.7325
NEE,2015-01-01,19.585,,1.6225
NEE,2016-01-01,24.5275,,1.8675
NEE,2017-01-01,29.415,,2.0025
NEE,2018-01-01,35.52,,1.8375
NEE,2019-01-01,47.375,,2.3200000000000003
NEE,2020-01-01,59.129999999999995,,2.725
NEE,2021-01-01,72.535,,3.1475
NEE,2022-01-01,74.7825,,3.2225
NEE,2023-01-01,63.6025,,2.37
NEE,2024-01-01,70.89,,2.445
NEE,2025-01-01,70.77333333333333,,2.4
APP,2021-01-01,80.60000000000001,,14.583333333333334
APP,2022-01-01,29.8825,,5.7325
APP,2023-01-01,30.3225,,8.0025
APP,2024-01-01,151.70499999999998,,52.95
APP,2025-01-01,351.08000000000004,,206.445
TJX,2010-01-01,8.79,,4.717499999999999
TJX,2011-01-01,11.165,,5.4675
TJX,2012-01-01,16.9775,,7.4725
TJX,2013-01-01,21.950000000000003,,8.1525
TJX,2014-01-01,24.9025,,8.085
TJX,2015-01-01,29.6825,,9.3525
TJX,2016-01-01,33.230000000000004,,9.925
TJX,2017-01-01,32.705,,9.175
TJX,2018-01-01,42.214999999999996,,10.0525
TJX,2019-01-01,49.9475,,11.495000000000001
TJX,2020-01-01,49.2,,11.35
TJX,2021-01-01,63.2575,,12.265
TJX,2022-01-01,63.5925,,13.0975
TJX,2023-01-01,81.39,,14.2425
TJX,2024-01-01,102.2825,,14.99
TJX,2025-01-01,128.08333333333334,,16.896666666666665
AMAT,2010-01-01,9.785,,1.7875
AMAT,2011-01-01,11.1775,,1.7725
AMAT,2012-01-01,9.385000000000002,,1.43
AMAT,2013-01-01,13.0375,,2.235
AMAT,2014-01-01,17.1,,2.745
AMAT,2015-01-01,16.9225,,2.55
AMAT,2016-01-01,21.0775,,3.31
AMAT,2017-01-01,40.09,,5.01
AMAT,2018-01-01,42.56,,5.845
AMAT,2019-01-01,43.894999999999996,,4.985
AMAT,2020-01-01,55.182500000000005,,5.3575
AMAT,2021-01-01,122.085,,9.235
AMAT,2022-01-01,107.5825,,7.8225
AMAT,2023-01-01,124.8075,,7.0875
AMAT,2024-01-01,187.265,,8.405
AMAT,2025-01-01,170.95333333333335,,7.31
SYK,2010-01-01,43.695,,2.4875
SYK,2011-01-01,45.3625,,2.295
SYK,2012-01-01,47.1075,,2.18
SYK,2013-01-01,59.087500000000006,,2.5625
SYK,2014-01-01,75.0125,,3.2175000000000002
SYK,2015-01-01,83.6975,,3.7225
SYK,2016-01-01,104.96,,4.2700000000000005
SYK,2017-01-01,130.18,,4.855
SYK,2018-01-01,154.1925,,5.79
SYK,2019-01-01,194.68,,5.98
SYK,2020-01-01,190.16750000000002,,5.5024999999999995
SYK,2021-01-01,248.35,,6.6475
SYK,2022-01-01,221.7275,,5.28
SYK,2023-01-01,285.7325,,6.1425
SYK,2024-01-01,352.08,,6.7375
SYK,2025-01-01,381.15333333333336,,6.903333333333333
PGR,2010-01-01,12.3025,,1.2974999999999999
PGR,2011-01-01,13.2275,,1.38
PGR,2012-01-01,14.684999999999999,,1.4225
PGR,2013-01-01,18.85,,1.7475
PGR,2014-01-01,19.4175,,1.6949999999999998
PGR,2015-01-01,23.005,,1.8375
PGR,2016-01-01,27.34,,2.0275
PGR,2017-01-01,38.6,,2.48
PGR,2018-01-01,52.7225,,2.7925
PGR,2019-01-01,65.83500000000001,,2.8975
PGR,2020-01-01,78.58,,2.7775
PGR,2021-01-01,92.405,,2.95
PGR,2022-01-01,115.41499999999999,,4.2725
PGR,2023-01-01,139.56,,4.59
PGR,2024-01-01,222.2425,,5.32
PGR,2025-01-01,264.95666666666665,,4.973333333333334
ARM,2023-01-01,64.33500000000001,,13.469999999999999
ARM,2024-01-01,138.745,,25.025
ARM,2025-01-01,134.70000000000002,,20.476666666666667
ADBE,2010-01-01,30.557499999999997,,3.0625
ADBE,2011-01-01,30.4475,,2.7375
ADBE,2012-01-01,32.455,,2.55
ADBE,2013-01-01,46.1875,,3.39
ADBE,2014-01-01,69.6875,,5.1899999999999995
ADBE,2015-01-01,82.05499999999999,,6.0475
ADBE,2016-01-01,97.435,,6.675
ADBE,2017-01-01,149.2075,,9.147499999999999
ADBE,2018-01-01,243.2025,,13.397499999999999
ADBE,2019-01-01,281.86,,13.48
ADBE,2020-01-01,430.895,,17.825
ADBE,2021-01-01,574.45,,19.2625
ADBE,2022-01-01,400.6325,,13.3825
ADBE,2023-01-01,478.02250000000004,,14.0775
ADBE,2024-01-01,523.845,,15.8925
ADBE,2025-01-01,397.3066666666667,,14.223333333333334
DHR,2010-01-01,16.62,,0.8525
DHR,2011-01-01,19.58,,0.825
DHR,2012-01-01,22.1725,,0.83
DHR,2013-01-01,27.5675,,0.9125
DHR,2014-01-01,32.09,,0.9575
DHR,2015-01-01,35.7125,,1.0425
DHR,2016-01-01,53.46,,1.555
DHR,2017-01-01,74.4825,,2.07
DHR,2018-01-01,87.83,,2.23
DHR,2019-01-01,123.88,,2.77
DHR,2020-01-01,163.53,,3.16
DHR,2021-01-01,245.6325,,4.0675
DHR,2022-01-01,234.10999999999999,,3.575
DHR,2023-01-01,219.8025,,3.0949999999999998
DHR,2024-01-01,250.5875,,3.5675
DHR,2025-01-01,200.23333333333335,,2.763333333333333
SPOT,2018-01-01,154.19000000000003,,17.12
SPOT,2019-01-01,137.1425,,10.5725
SPOT,2020-01-01,234.215,,16.28
SPOT,2021-01-01,250.7275,,16.1325
SPOT,2022-01-01,102.525,,8.1625
SPOT,2023-01-01,159.18,,12.7025
SPOT,2024-01-01,348.4,,14.5575
SPOT,2025-01-01,668.0366666666667,,19.05
ETN,2010-01-01,27.005000000000003,,1.295
ETN,2011-01-01,31.655,,1.37
ETN,2012-01-01,33.582499999999996,,1.3025
ETN,2013-01-01,49.2675,,1.4675
ETN,2014-01-01,52.6825,,1.5
ETN,2015-01-01,45.725,,1.375
ETN,2016-01-01,50.7875,,1.5025
ETN,2017-01-01,63.3675,,1.7375
ETN,2018-01-01,65.935,,1.7
ETN,2019-01-01,75.32,,1.9449999999999998
ETN,2020-01-01,88.375,,2.4225
ETN,2021-01-01,142.065,,3.5949999999999998
ETN,2022-01-01,135.32999999999998,,3.2525
ETN,2023-01-01,200.93,,4.3825
ETN,2024-01-01,317.755,,6.6125
ETN,2025-01-01,328.7366666666667,,6.883333333333333
PFE,2010-01-01,8.530000000000001,,0.775
PFE,2011-01-01,10.7875,,0.95
PFE,2012-01-01,13.3825,,1.21
PFE,2013-01-01,16.8425,,1.4125
PFE,2014-01-01,18.3525,,1.525
PFE,2015-01-01,20.45,,1.89
PFE,2016-01-01,21.065,,2.0475
PFE,2017-01-01,23.3125,,2.23
PFE,2018-01-01,27.625,,2.3275
PFE,2019-01-01,28.814999999999998,,2.59
PFE,2020-01-01,26.2625,,2.2575
PFE,2021-01-01,36.335,,2.7675
PFE,2022-01-01,42.075,,2.6375
PFE,2023-01-01,30.5625,,1.7774999999999999
PFE,2024-01-01,25.7975,,1.6175
PFE,2025-01-01,24.166666666666668,,1.5333333333333332
HON,2010-01-01,37.55,,2.945
HON,2011-01-01,45.035,,3.0125
HON,2012-01-01,49.7025,,3.1
HON,2013-01-01,68.1225,,3.575
HON,2014-01-01,78.4,,3.335
HON,2015-01-01,83.74000000000001,,3.585
HON,2016-01-01,95.525,,3.8175
HON,2017-01-01,115.1825,,4.4925
HON,2018-01-01,123.6075,,5.0575
HON,2019-01-01,150.5525,,5.8425
HON,2020-01-01,148.6475,,5.7625
HON,2021-01-01,197.78,,7.3975
HON,2022-01-01,176.3875,,6.535
HON,2023-01-01,190.51749999999998,,7.24
HON,2024-01-01,209.055,,7.585
HON,2025-01-01,220.04333333333332,,8.216666666666667
DE,2010-01-01,47.31,,3.4525
DE,2011-01-01,65.11,,3.825
DE,2012-01-01,64.2375,,3.575
DE,2013-01-01,69.19,,3.13
DE,2014-01-01,71.2475,,2.515
DE,2015-01-01,72.85249999999999,,3.11
DE,2016-01-01,70.535,,3.2125
DE,2017-01-01,106.06,,4.175
DE,2018-01-01,130.85750000000002,,4.1225000000000005
DE,2019-01-01,153.4875,,4.1375
DE,2020-01-01,165.035,,4.1525
DE,2021-01-01,322.87,,6.3774999999999995
DE,2022-01-01,357.6425,,5.715
DE,2023-01-01,387.03000000000003,,5.07
DE,2024-01-01,384.2325,,4.63
DE,2025-01-01,480.7133333333333,,5.503333333333334
GILD,2010-01-01,13.345,,3.4425
GILD,2011-01-01,14.4,,3.4875
GILD,2012-01-01,21.1175,,3.7725
GILD,2013-01-01,41.93,,5.7275
GILD,2014-01-01,62.405,,6.3725
GILD,2015-01-01,73.4075,,6.03
GILD,2016-01-01,58.8425,,4.7925
GILD,2017-01-01,54.1125,,3.1575
GILD,2018-01-01,54.655,,3.255
GILD,2019-01-01,51.71,,2.975
GILD,2020-01-01,56.1625,,3.7199999999999998
GILD,2021-01-01,59.3025,,3.6675
GILD,2022-01-01,60.4775,,3.665
GILD,2023-01-01,73.785,,4.2325
GILD,2024-01-01,77.4075,,5.25
GILD,2025-01-01,110.64,,7.22
SAN,2010-01-01,4.6875,,0.0
SAN,2011-01-01,4.135,,0.0
SAN,2012-01-01,3.6225,,0.0
SAN,2013-01-01,4.2125,,0.0
SAN,2014-01-01,5.705,,0.0
SAN,2015-01-01,4.0125,,0.0
SAN,2016-01-01,3.07,,0.22499999999999998
SAN,2017-01-01,4.74,,0.3175
SAN,2018-01-01,4.0424999999999995,,0.5475
SAN,2019-01-01,3.625,,0.505
SAN,2020-01-01,1.705,,0.26
SAN,2021-01-01,3.055,,0.46499999999999997
SAN,2022-01-01,2.5375,,0.4125
SAN,2023-01-01,3.53,,0.5175000000000001
SAN,2024-01-01,4.505,,0.625
SAN,2025-01-01,7.84,,1.02
TTE,2010-01-01,23.47,,0.0
TTE,2011-01-01,25.4125,,0.0
TTE,2012-01-01,24.9025,,0.6175
TTE,2013-01-01,28.544999999999998,,0.6725
TTE,2014-01-01,34.927499999999995,,0.59
TTE,2015-01-01,27.2175,,0.6425000000000001
TTE,2016-01-01,29.18,,0.6925
TTE,2017-01-01,33.1725,,0.745
TTE,2018-01-01,38.91,,0.8575
TTE,2019-01-01,37.835,,0.84
TTE,2020-01-01,28.33,,0.845
TTE,2021-01-01,37.8175,,0.455
TTE,2022-01-01,45.03,,0.9775
TTE,2023-01-01,56.5775,,1.1525
TTE,2024-01-01,60.5125,,1.155
TTE,2025-01-01,61.97,,1.1466666666666665
LOW,2010-01-01,17.2175,,1.295
LOW,2011-01-01,18.095,,1.3599999999999999
LOW,2012-01-01,22.942500000000003,,1.78
LOW,2013-01-01,34.4325,,2.815
LOW,2014-01-01,40.365,,3.5775
LOW,2015-01-01,58.1425,,6.005
LOW,2016-01-01,62.6075,,7.7975
LOW,2017-01-01,67.8325,,9.9375
LOW,2018-01-01,83.6625,,12.005
LOW,2019-01-01,94.3975,,25.415
LOW,2020-01-01,120.35249999999999,,33.2475
LOW,2021-01-01,182.5975,,-109.63000000000001
LOW,2022-01-01,192.8975,,-17.6525
LOW,2023-01-01,201.6125,,-8.0625
LOW,2024-01-01,232.0475,,-9.3525
LOW,2025-01-01,239.41666666666666,,-6.510000000000001
COF,2010-01-01,32.2725,,0.5775
COF,2011-01-01,36.71,,0.585
COF,2012-01-01,44.775,,0.6725
COF,2013-01-01,52.795,,0.74
COF,2014-01-01,66.0675,,0.845
COF,2015-01-01,64.745,,0.7475
COF,2016-01-01,62.2725,,0.645
COF,2017-01-01,76.94,,0.76
COF,2018-01-01,79.32249999999999,,0.7525
COF,2019-01-01,82.655,,0.6825
COF,2020-01-01,65.0925,,0.5125
COF,2021-01-01,136.87,,0.9525
COF,2022-01-01,99.545,,0.72
COF,2023-01-01,105.16,,0.725
COF,2024-01-01,152.07999999999998,,0.97
COF,2025-01-01,193.01,,1.165
APH,2010-01-01,5.050000000000001,,3.3675
APH,2011-01-01,5.365,,3.1975
APH,2012-01-01,6.6025,,3.6375
APH,2013-01-01,8.91,,4.25
APH,2014-01-01,11.1375,,4.705
APH,2015-01-01,12.5075,,4.9425
APH,2016-01-01,14.195,,4.835
APH,2017-01-01,18.39,,5.67
APH,2018-01-01,20.36,,6.1625
APH,2019-01-01,23.3325,,6.465
APH,2020-01-01,24.3425,,5.8075
APH,2021-01-01,35.54,,7.17
APH,2022-01-01,34.4125,,6.1375
APH,2023-01-01,43.025,,6.5675
APH,2024-01-01,64.42500000000001,,8.3625
APH,2025-01-01,90.92333333333333,,9.823333333333332
UNP,2010-01-01,28.7825,,1.6375
UNP,2011-01-01,36.055,,1.905
UNP,2012-01-01,44.4975,,2.1774999999999998
UNP,2013-01-01,59.75,,2.6675
UNP,2014-01-01,82.7475,,3.465
UNP,2015-01-01,74.1325,,3.0700000000000003
UNP,2016-01-01,75.7125,,3.0925000000000002
UNP,2017-01-01,97.87,,3.745
UNP,2018-01-01,124.10499999999999,,4.3525
UNP,2019-01-01,149.18,,5.8
UNP,2020-01-01,160.7525,,6.5
UNP,2021-01-01,203.4025,,9.045
UNP,2022-01-01,207.52249999999998,,10.6425
UNP,2023-01-01,205.0475,,9.177499999999998
UNP,2024-01-01,231.995,,8.605
UNP,2025-01-01,229.18666666666664,,8.426666666666668
BHP,2010-01-01,29.73,,0.0
BHP,2011-01-01,32.385,,0.0
BHP,2012-01-01,29.07,,0.0
BHP,2013-01-01,26.32,,0.0
BHP,2014-01-01,25.025,,0.0
BHP,2015-01-01,16.14,,0.0
BHP,2016-01-01,16.245,,0.0
BHP,2017-01-01,21.355,,0.0
BHP,2018-01-01,26.945,,0.0
BHP,2019-01-01,33.91,,0.0
BHP,2020-01-01,36.585,,0.0
BHP,2021-01-01,45.09,,0.0
BHP,2022-01-01,50.365,,0.0
BHP,2023-01-01,58.74,,0.0
BHP,2024-01-01,54.42,,0.0
BHP,2025-01-01,52.11,,0.0
KKR,2010-01-01,6.6325,,0.03
KKR,2011-01-01,8.4675,,0.0525
KKR,2012-01-01,9.28,,0.055
KKR,2013-01-01,14.57,,0.095
KKR,2014-01-01,17.315,,0.1325
KKR,2015-01-01,15.690000000000001,,0.14
KKR,2016-01-01,12.120000000000001,,0.34750000000000003
KKR,2017-01-01,17.4025,,0.435
KKR,2018-01-01,21.1125,,0.5975
KKR,2019-01-01,24.560000000000002,,0.6599999999999999
KKR,2020-01-01,30.8375,,0.5900000000000001
KKR,2021-01-01,58.805,,0.6425
KKR,2022-01-01,47.345,,0.6849999999999999
KKR,2023-01-01,62.45,,0.925
KKR,2024-01-01,120.50750000000001,,1.82
KKR,2025-01-01,128.81,,1.705
LRCX,2010-01-01,3.605,,2.4225
LRCX,2011-01-01,3.7525,,1.915
LRCX,2012-01-01,3.205,,1.24
LRCX,2013-01-01,4.085,,1.4525000000000001
LRCX,2014-01-01,5.925000000000001,,1.9275
LRCX,2015-01-01,6.4175,,1.8775
LRCX,2016-01-01,8.0775,,2.0774999999999997
LRCX,2017-01-01,14.254999999999999,,3.3575
LRCX,2018-01-01,15.022499999999999,,3.82
LRCX,2019-01-01,20.685,,6.2575
LRCX,2020-01-01,32.36,,8.9525
LRCX,2021-01-01,60.56,,14.459999999999999
LRCX,2022-01-01,42.3025,,8.515
LRCX,2023-01-01,63.332499999999996,,10.23
LRCX,2024-01-01,88.465,,13.6275
LRCX,2025-01-01,85.83500000000001,,11.575
TD,2010-01-01,18.54,,0.0
TD,2011-01-01,22.28,,0.0
TD,2012-01-01,23.615000000000002,,0.0
TD,2013-01-01,26.035,,0.0
TD,2014-01-01,30.494999999999997,,0.0
TD,2015-01-01,27.425,,0.0
TD,2016-01-01,29.1825,,1.01
TD,2017-01-01,36.605000000000004,,1.2
TD,2018-01-01,42.3275,,1.295
TD,2019-01-01,43.4525,,1.24
TD,2020-01-01,36.8025,,0.975
TD,2021-01-01,54.8825,,1.2874999999999999
TD,2022-01-01,60.5225,,1.3525
TD,2023-01-01,56.595,,1.22
TD,2024-01-01,55.379999999999995,,1.175
TD,2025-01-01,63.91,,1.2699999999999998
MU,2010-01-01,7.785,,0.825
MU,2011-01-01,8.1125,,0.8175
MU,2012-01-01,6.4875,,0.7525
MU,2013-01-01,13.3625,,1.5125
MU,2014-01-01,29.625,,2.8200000000000003
MU,2015-01-01,22.207500000000003,,1.7825
MU,2016-01-01,14.497499999999999,,1.1725
MU,2017-01-01,31.3925,,1.865
MU,2018-01-01,48.22,,1.825
MU,2019-01-01,40.6,,1.24
MU,2020-01-01,51.295,,1.4849999999999999
MU,2021-01-01,81.43,,2.1175
MU,2022-01-01,67.92,,1.5325
MU,2023-01-01,67.3225,,1.6524999999999999
MU,2024-01-01,101.93,,2.515
MU,2025-01-01,99.88666666666667,,2.2333333333333334
UBS,2014-01-01,10.446666666666665,,0.0
UBS,2015-01-01,11.3525,,0.0
UBS,2016-01-01,9.2275,,0.6174999999999999
UBS,2017-01-01,11.4225,,0.7875
UBS,2018-01-01,10.575,,0.75
UBS,2019-01-01,8.715,,0.5825
UBS,2020-01-01,9.4025,,0.57
UBS,2021-01-01,13.975,,0.81
UBS,2022-01-01,15.2775,,0.86
UBS,2023-01-01,22.145,,0.905
UBS,2024-01-01,28.677500000000002,,1.065
UBS,2025-01-01,33.986666666666665,,1.21
ADP,2010-01-01,26.84,,2.3175
ADP,2011-01-01,32.7875,,2.64
ADP,2012-01-01,37.275,,2.865
ADP,2013-01-01,48.5825,,3.725
ADP,2014-01-01,58.004999999999995,,4.59
ADP,2015-01-01,66.88,,6.6425
ADP,2016-01-01,77.175,,8.275
ADP,2017-01-01,91.4075,,10.195
ADP,2018-01-01,114.59,,11.0325
ADP,2019-01-01,145.1225,,11.780000000000001
ADP,2020-01-01,135.95499999999998,,10.155
ADP,2021-01-01,192.445,,15.0775
ADP,2022-01-01,212.235,,28.0875
ADP,2023-01-01,219.945,,24.34
ADP,2024-01-01,259.8325,,21.6325
ADP,2025-01-01,303.75,,21.08
BTI,2010-01-01,14.735,,0.0
BTI,2011-01-01,20.025,,0.0
BTI,2012-01-01,23.21,,0.0
BTI,2013-01-01,25.0,,0.0
BTI,2014-01-01,28.165,,0.0
BTI,2015-01-01,28.325000000000003,,0.0
BTI,2016-01-01,30.45,,0.0
BTI,2017-01-01,37.885000000000005,,0.0
BTI,2018-01-01,24.21,,0.0
BTI,2019-01-01,24.564999999999998,,0.0
BTI,2020-01-01,25.855,,0.0
BTI,2021-01-01,28.04,,0.0
BTI,2022-01-01,32.665,,0.0
BTI,2023-01-01,26.695,,0.0
BTI,2024-01-01,35.1,,0.0
BTI,2025-01-01,56.69,,0.0
KLAC,2010-01-01,19.1225,,1.3825
KLAC,2011-01-01,25.7775,,1.51
KLAC,2012-01-01,30.3425,,1.5375
KLAC,2013-01-01,36.755,,1.7475
KLAC,2014-01-01,49.825,,5.484999999999999
KLAC,2015-01-01,48.525,,19.93
KLAC,2016-01-01,63.0775,,14.34
KLAC,2017-01-01,87.455,,10.68
KLAC,2018-01-01,90.7425,,9.1625
KLAC,2019-01-01,133.3975,,7.7725
KLAC,2020-01-01,187.0425,,10.695
KLAC,2021-01-01,340.0025,,14.4025
KLAC,2022-01-01,330.8625,,20.9
KLAC,2023-01-01,472.7525,,22.07
KLAC,2024-01-01,725.8775,,28.707500000000003
KLAC,2025-01-01,795.115,,26.255000000000003
BUD,2010-01-01,40.19,,0.0
BUD,2011-01-01,43.57,,0.0
BUD,2012-01-01,58.730000000000004,,1.185
BUD,2013-01-01,71.52,,2.21
BUD,2014-01-01,91.385,,1.305
BUD,2015-01-01,98.175,,1.7
BUD,2016-01-01,104.8425,,1.64
BUD,2017-01-01,98.6175,,1.0550000000000002
BUD,2018-01-01,81.87,,0.8625
BUD,2019-01-01,80.6375,,0.87
BUD,2020-01-01,51.0725,,0.635
BUD,2021-01-01,59.6975,,0.74
BUD,2022-01-01,52.3525,,0.605
BUD,2023-01-01,58.787499999999994,,0.6
BUD,2024-01-01,57.6725,,0.565
BUD,2025-01-01,60.965,,0.0
MELI,2010-01-01,58.04,,17.475
MELI,2011-01-01,71.475,,15.745
MELI,2012-01-01,81.69,,13.9675
MELI,2013-01-01,109.73,,15.18
MELI,2014-01-01,105.425,,13.4625
MELI,2015-01-01,116.4625,,14.990000000000002
MELI,2016-01-01,149.37,,17.07
MELI,2017-01-01,258.805,,28.557499999999997
MELI,2018-01-01,322.16,,57.975
MELI,2019-01-01,560.6675,,13.2875
MELI,2020-01-01,1058.0125,,30.3875
MELI,2021-01-01,1514.4325000000001,,-184.54999999999995
MELI,2022-01-01,875.0925,,26.7025
MELI,2023-01-01,1335.52,,27.0225
MELI,2024-01-01,1726.94,,22.799999999999997
MELI,2025-01-01,2299.773333333333,,21.223333333333333
IBN,2010-01-01,6.8825,,0.0
IBN,2011-01-01,6.2325,,0.0
IBN,2012-01-01,5.99,,0.0
IBN,2013-01-01,5.9975000000000005,,0.0
IBN,2014-01-01,7.75,,0.0
IBN,2015-01-01,7.7924999999999995,,0.0
IBN,2016-01-01,6.327500000000001,,0.0
IBN,2017-01-01,8.4275,,0.0
IBN,2018-01-01,8.625,,0.0
IBN,2019-01-01,11.75,,0.0
IBN,2020-01-01,11.036666666666667,,0.0
IBN,2021-01-01,17.5225,,0.5975
IBN,2022-01-01,19.5,,0.635
IBN,2023-01-01,22.62,,0.6675
IBN,2024-01-01,28.6175,,0.7025
IBN,2025-01-01,32.666666666666664,,0.9633333333333334
CMCSA,2010-01-01,6.8925,,0.88
CMCSA,2011-01-01,8.7325,,1.0150000000000001
CMCSA,2012-01-01,12.7325,,1.3900000000000001
CMCSA,2013-01-01,17.3625,,1.8225
CMCSA,2014-01-01,21.0675,,2.06
CMCSA,2015-01-01,22.8275,,2.145
CMCSA,2016-01-01,26.41,,2.2875
CMCSA,2017-01-01,31.8125,,2.515
CMCSA,2018-01-01,28.535,,1.8175000000000001
CMCSA,2019-01-01,36.7725,,2.1125
CMCSA,2020-01-01,37.620000000000005,,1.9749999999999999
CMCSA,2021-01-01,48.3025,,2.2925
CMCSA,2022-01-01,34.1,,1.6875
CMCSA,2023-01-01,39.2375,,1.9175
CMCSA,2024-01-01,38.93,,1.7725
CMCSA,2025-01-01,33.955,,1.46
MDT,2010-01-01,27.4225,,2.0475
MDT,2011-01-01,26.7125,,1.77
MDT,2012-01-01,28.69,,1.7149999999999999
MDT,2013-01-01,38.355000000000004,,2.09
MDT,2014-01-01,46.5975,,2.3825000000000003
MDT,2015-01-01,57.67,,1.8575
MDT,2016-01-01,64.0875,,1.7425
MDT,2017-01-01,65.2475,,1.7575
MDT,2018-01-01,71.3725,,1.9175
MDT,2019-01-01,81.8225,,2.1775
MDT,2020-01-01,88.33,,2.3275
MDT,2021-01-01,108.6375,,2.8325
MDT,2022-01-01,87.385,,2.2175000000000002
MDT,2023-01-01,77.5375,,2.0
MDT,2024-01-01,81.27,,2.1225
MDT,2025-01-01,88.21999999999998,,2.32
COP,2010-01-01,25.925,,0.5800000000000001
COP,2011-01-01,34.635,,0.695
COP,2012-01-01,37.25,,0.8925
COP,2013-01-01,44.3825,,1.08
COP,2014-01-01,53.345,,1.205
COP,2015-01-01,40.2475,,1.085
COP,2016-01-01,33.995,,1.135
COP,2017-01-01,38.9375,,1.4775
COP,2018-01-01,53.682500000000005,,1.965
COP,2019-01-01,50.845,,1.6524999999999999
COP,2020-01-01,30.6425,,1.065
COP,2021-01-01,55.4675,,1.6600000000000001
COP,2022-01-01,93.3925,,2.3925
COP,2023-01-01,104.3875,,2.5875
COP,2024-01-01,108.6425,,2.45
COP,2025-01-01,98.365,,1.905
DASH,2020-01-01,142.75,,9.67
DASH,2021-01-01,166.085,,12.145
DASH,2022-01-01,69.9075,,4.465
DASH,2023-01-01,79.58500000000001,,4.795
DASH,2024-01-01,139.245,,7.789999999999999
DASH,2025-01-01,226.88,,11.455
SNPS,2010-01-01,22.8375,,1.6525
SNPS,2011-01-01,26.325,,1.8
SNPS,2012-01-01,30.4175,,1.9124999999999999
SNPS,2013-01-01,35.6175,,2.0175
SNPS,2014-01-01,39.0575,,2.0549999999999997
SNPS,2015-01-01,47.6725,,2.4050000000000002
SNPS,2016-01-01,50.9725,,2.4775
SNPS,2017-01-01,74.92,,3.3675
SNPS,2018-01-01,89.27000000000001,,4.0825
SNPS,2019-01-01,120.735,,4.595
SNPS,2020-01-01,179.4275,,6.02
SNPS,2021-01-01,280.92,,8.375
SNPS,2022-01-01,314.33500000000004,,8.7025
SNPS,2023-01-01,411.5775,,10.59
SNPS,2024-01-01,533.9675,,10.8675
SNPS,2025-01-01,534.94,,8.540000000000001
SNY,2010-01-01,18.0325,,0.0
SNY,2011-01-01,20.6575,,0.0
SNY,2012-01-01,22.625,,0.0
SNY,2013-01-01,32.27,,0.0
SNY,2014-01-01,34.52,,0.0
SNY,2015-01-01,32.54,,0.695
SNY,2016-01-01,27.7925,,0.5925
SNY,2017-01-01,33.307500000000005,,0.6375
SNY,2018-01-01,28.94,,0.0
SNY,2019-01-01,35.1,,0.0
SNY,2020-01-01,37.834999999999994,,0.0
SNY,2021-01-01,40.769999999999996,,0.0
SNY,2022-01-01,41.08,,0.34
SNY,2023-01-01,48.144999999999996,,0.7525
SNY,2024-01-01,48.1175,,0.72
SNY,2025-01-01,50.269999999999996,,0.0
MSTR,2010-01-01,8.307500000000001,,5.3774999999999995
MSTR,2011-01-01,12.989999999999998,,8.725
MSTR,2012-01-01,12.435,,7.495
MSTR,2013-01-01,10.4025,,4.07
MSTR,2014-01-01,13.73,,5.05
MSTR,2015-01-01,17.8775,,5.135
MSTR,2016-01-01,17.987499999999997,,4.0625
MSTR,2017-01-01,15.9625,,3.0875
MSTR,2018-01-01,13.129999999999999,,2.465
MSTR,2019-01-01,14.465,,2.9524999999999997
MSTR,2020-01-01,19.39,,3.83
MSTR,2021-01-01,61.655,,30.265
MSTR,2022-01-01,25.1125,,-4.955
MSTR,2023-01-01,39.865,,6.2575
MSTR,2024-01-01,191.60750000000002,,8.685
MSTR,2025-01-01,364.83666666666664,,2.3833333333333333
WELL,2010-01-01,23.905,,0.77
WELL,2011-01-01,28.6125,,0.755
WELL,2012-01-01,34.0075,,0.855
WELL,2013-01-01,38.46,,0.9375
WELL,2014-01-01,42.055,,1.0325
WELL,2015-01-01,47.07,,1.1
WELL,2016-01-01,50.995000000000005,,1.2149999999999999
WELL,2017-01-01,52.2,,1.27
WELL,2018-01-01,49.615,,1.23
WELL,2019-01-01,68.72,,1.725
WELL,2020-01-01,47.167500000000004,,1.16
WELL,2021-01-01,72.74,,1.7925
WELL,2022-01-01,71.415,,1.7
WELL,2023-01-01,77.77250000000001,,1.7650000000000001
WELL,2024-01-01,111.1,,2.2525
WELL,2025-01-01,158.63666666666666,,2.9433333333333334
PANW,2012-01-01,9.34,,16.44
PANW,2013-01-01,8.36,,13.415
PANW,2014-01-01,12.9025,,16.1175
PANW,2015-01-01,25.8725,,26.265
PANW,2016-01-01,24.3825,,18.125
PANW,2017-01-01,22.2875,,16.0075
PANW,2018-01-01,30.4875,,19.37
PANW,2019-01-01,38.2325,,15.915000000000001
PANW,2020-01-01,37.85,,22.642500000000002
PANW,2021-01-01,67.18,,56.3575
PANW,2022-01-01,87.19,,234.2775
PANW,2023-01-01,104.26,,47.56
PANW,2024-01-01,164.3125,,21.63
PANW,2025-01-01,179.8166666666667,,17.266666666666666
ADI,2010-01-01,21.182499999999997,,2.12
ADI,2011-01-01,27.1275,,2.255
ADI,2012-01-01,29.1075,,2.1825
ADI,2013-01-01,35.78,,2.4299999999999997
ADI,2014-01-01,39.285,,2.5225
ADI,2015-01-01,47.2225,,2.965
ADI,2016-01-01,49.7975,,3.065
ADI,2017-01-01,68.8875,,2.8725
ADI,2018-01-01,78.5425,,2.7075
ADI,2019-01-01,98.07249999999999,,3.09
ADI,2020-01-01,103.2025,,3.235
ADI,2021-01-01,148.9925,,3.8425000000000002
ADI,2022-01-01,149.5225,,2.0949999999999998
ADI,2023-01-01,170.4725,,2.37
ADI,2024-01-01,207.8525,,2.9225
ADI,2025-01-01,209.06000000000003,,2.9600000000000004
NKE,2010-01-01,15.295,,3.0300000000000002
NKE,2011-01-01,18.6725,,3.525
NKE,2012-01-01,21.875,,3.9125000000000005
NKE,2013-01-01,27.9275,,4.4725
NKE,2014-01-01,36.4925,,5.657500000000001
NKE,2015-01-01,49.042500000000004,,6.52
NKE,2016-01-01,50.167500000000004,,6.8475
NKE,2017-01-01,50.605,,6.795
NKE,2018-01-01,67.995,,11.69
NKE,2019-01-01,79.155,,13.545
NKE,2020-01-01,101.97749999999999,,17.2125
NKE,2021-01-01,143.165,,16.755
NKE,2022-01-01,112.2625,,11.522499999999999
NKE,2023-01-01,105.0375,,11.33
NKE,2024-01-01,88.17,,9.32
NKE,2025-01-01,71.01666666666667,,7.77
ICE,2010-01-01,19.335,,2.6475
ICE,2011-01-01,20.97,,2.505
ICE,2012-01-01,22.845,,2.3674999999999997
ICE,2013-01-01,32.195,,2.55
ICE,2014-01-01,34.88,,1.555
ICE,2015-01-01,41.792500000000004,,1.82
ICE,2016-01-01,46.5575,,1.7925
ICE,2017-01-01,59.915,,2.175
ICE,2018-01-01,67.7925,,2.2925
ICE,2019-01-01,80.435,,2.6149999999999998
ICE,2020-01-01,91.07,,2.77
ICE,2021-01-01,114.4875,,3.0075000000000003
ICE,2022-01-01,100.7575,,2.48
ICE,2023-01-01,111.3725,,2.56
ICE,2024-01-01,144.5775,,3.0675
ICE,2025-01-01,180.065,,3.685
CB,2010-01-01,41.1275,,0.63
CB,2011-01-01,48.9525,,0.69
CB,2012-01-01,58.207499999999996,,0.7475
CB,2013-01-01,73.82,,0.8925
CB,2014-01-01,85.24000000000001,,0.9525
CB,2015-01-01,89.7175,,0.995
CB,2016-01-01,107.5425,,1.0550000000000002
CB,2017-01-01,123.3175,,1.14
CB,2018-01-01,116.2575,,1.0575
CB,2019-01-01,136.345,,1.1475
CB,2020-01-01,117.49000000000001,,0.9475
CB,2021-01-01,161.1525,,1.18
CB,2022-01-01,194.7375,,1.5775000000000001
CB,2023-01-01,200.0575,,1.4425
CB,2024-01-01,266.6925,,1.61
CB,2025-01-01,286.67,,1.5633333333333332
MO,2010-01-01,9.0175,,3.925
MO,2011-01-01,11.685,,5.4525
MO,2012-01-01,14.745000000000001,,8.02
MO,2013-01-01,16.9525,,8.9175
MO,2014-01-01,21.8925,,11.36
MO,2015-01-01,27.66,,19.6375
MO,2016-01-01,35.625,,18.884999999999998
MO,2017-01-01,39.455,,5.835
MO,2018-01-01,33.5925,,4.115
MO,2019-01-01,30.5225,,5.5925
MO,2020-01-01,26.7975,,12.285
MO,2021-01-01,35.1,,-11.8125
MO,2022-01-01,35.5325,,-24.07
MO,2023-01-01,37.005,,-18.2
MO,2024-01-01,45.197500000000005,,-25.21
MO,2025-01-01,60.39333333333334,,-19.826666666666664
CRWD,2019-01-01,69.49,,20.965
CRWD,2020-01-01,91.4475,,25.447499999999998
CRWD,2021-01-01,239.93,,60.34
CRWD,2022-01-01,181.04999999999998,,36.037499999999994
CRWD,2023-01-01,141.095,,18.8625
CRWD,2024-01-01,278.4675,,25.3125
CRWD,2025-01-01,417.53999999999996,,30.233333333333334
CEG,2022-01-01,69.0175,,1.9875
CEG,2023-01-01,97.6675,,2.715
CEG,2024-01-01,216.0125,,5.4275
CEG,2025-01-01,268.885,,6.315
SO,2010-01-01,18.5125,,0.9299999999999999
SO,2011-01-01,22.89,,1.095
SO,2012-01-01,25.735,,1.1625
SO,2013-01-01,25.85,,1.1575
SO,2014-01-01,28.509999999999998,,1.2325
SO,2015-01-01,29.1425,,1.2225
SO,2016-01-01,35.332499999999996,,1.3725
SO,2017-01-01,35.0325,,1.34
SO,2018-01-01,33.74,,1.2275
SO,2019-01-01,46.16,,1.525
SO,2020-01-01,45.885,,1.4925
SO,2021-01-01,54.665,,1.7525
SO,2022-01-01,63.5775,,2.0075
SO,2023-01-01,64.155,,2.005
SO,2024-01-01,78.1725,,2.355
SO,2025-01-01,92.78666666666668,,2.736666666666667
BBVA,2010-01-01,5.135,,0.0
BBVA,2011-01-01,4.7375,,0.0
BBVA,2012-01-01,4.03,,0.0
BBVA,2013-01-01,5.435,,0.0
BBVA,2014-01-01,6.4375,,0.0
BBVA,2015-01-01,5.1625,,0.39749999999999996
BBVA,2016-01-01,3.85,,0.405
BBVA,2017-01-01,5.58,,0.6
BBVA,2018-01-01,4.68,,0.5
BBVA,2019-01-01,3.87,,0.415
BBVA,2020-01-01,2.6550000000000002,,0.25
BBVA,2021-01-01,4.6025,,0.515
BBVA,2022-01-01,4.2075,,0.375
BBVA,2023-01-01,7.0,,0.5575
BBVA,2024-01-01,9.8775,,0.9175
BBVA,2025-01-01,15.615,,1.44
SBUX,2010-01-01,10.84,,4.3475
SBUX,2011-01-01,16.295,,5.467499999999999
SBUX,2012-01-01,21.785,,6.3149999999999995
SBUX,2013-01-01,28.3425,,8.495000000000001
SBUX,2014-01-01,31.447499999999998,,8.8475
SBUX,2015-01-01,44.6575,,11.2525
SBUX,2016-01-01,47.037499999999994,,12.2825
SBUX,2017-01-01,48.1475,,12.17
SBUX,2018-01-01,49.24,,14.875
SBUX,2019-01-01,73.745,,-16.1625
SBUX,2020-01-01,74.7475,,-11.0275
SBUX,2021-01-01,102.60249999999999,,-17.5425
SBUX,2022-01-01,81.975,,-10.815
SBUX,2023-01-01,93.1925,,-12.7275
SBUX,2024-01-01,87.5675,,-12.75
SBUX,2025-01-01,93.35000000000001,,-9.363333333333333
RIO,2010-01-01,23.18,,0.0
RIO,2011-01-01,24.775,,0.0
RIO,2012-01-01,22.275,,0.0
RIO,2013-01-01,21.235,,0.0
RIO,2014-01-01,22.61,,0.0
RIO,2015-01-01,16.58,,0.0
RIO,2016-01-01,19.42,,0.0
RIO,2017-01-01,25.045,,0.0
RIO,2018-01-01,28.9,,0.0
RIO,2019-01-01,37.68,,0.0
RIO,2020-01-01,44.22,,0.0
RIO,2021-01-01,55.32,,0.0
RIO,2022-01-01,54.92,,0.0
RIO,2023-01-01,61.46000000000001,,0.0
RIO,2024-01-01,56.74,,0.0
RIO,2025-01-01,60.77,,0.0
ENB,2010-01-01,12.067499999999999,,0.0
ENB,2011-01-01,16.27,,0.0
ENB,2012-01-01,20.365000000000002,,0.0
ENB,2013-01-01,22.6175,,0.0
ENB,2014-01-01,25.705,,0.0
ENB,2015-01-01,22.7725,,0.0
ENB,2016-01-01,24.0375,,1.4
ENB,2017-01-01,24.315,,0.7825
ENB,2018-01-01,20.665,,0.695
ENB,2019-01-01,24.7925,,0.9275
ENB,2020-01-01,21.705,,0.865
ENB,2021-01-01,30.035,,1.1775
ENB,2022-01-01,33.8475,,1.3599999999999999
ENB,2023-01-01,31.7775,,1.3599999999999999
ENB,2024-01-01,36.7125,,1.575
ENB,2025-01-01,45.36,,1.9949999999999999
CME,2010-01-01,31.994999999999997,,0.5425
CME,2011-01-01,29.9125,,0.47250000000000003
CME,2012-01-01,31.7325,,0.4875
CME,2013-01-01,44.379999999999995,,0.6825
CME,2014-01-01,50.7,,0.7975
CME,2015-01-01,62.7275,,1.0
CME,2016-01-01,73.7825,,1.195
CME,2017-01-01,98.435,,1.5725
CME,2018-01-01,132.87,,1.92
CME,2019-01-01,153.64,,2.0775
CME,2020-01-01,140.5325,,1.8875
CME,2021-01-01,177.70250000000001,,2.36
CME,2022-01-01,172.6325,,2.235
CME,2023-01-01,181.6075,,2.3725
CME,2024-01-01,208.805,,2.745
CME,2025-01-01,273.55,,3.573333333333333
LMT,2010-01-01,47.1225,,4.4725
LMT,2011-01-01,51.6775,,8.1825
LMT,2012-01-01,62.3275,,140.31
LMT,2013-01-01,86.745,,34.56
LMT,2014-01-01,130.355,,9.895
LMT,2015-01-01,156.2575,,15.6375
LMT,2016-01-01,189.71,,23.805
LMT,2017-01-01,238.9775,,6.080000000000002
LMT,2018-01-01,258.1,,-111.5125
LMT,2019-01-01,308.525,,28.07
LMT,2020-01-01,315.845,,20.145
LMT,2021-01-01,326.1575,,11.4475
LMT,2022-01-01,404.0425,,10.085
LMT,2023-01-01,426.6925,,12.35
LMT,2024-01-01,486.775,,17.5275
LMT,2025-01-01,445.84666666666664,,18.223333333333333
PLD,2010-01-01,17.235,,0.725
PLD,2011-01-01,20.4925,,0.7225
PLD,2012-01-01,24.025000000000002,,0.7825
PLD,2013-01-01,26.7725,,0.935
PLD,2014-01-01,29.5275,,1.02
PLD,2015-01-01,30.5475,,0.91
PLD,2016-01-01,38.9675,,1.12
PLD,2017-01-01,48.0925,,1.4
PLD,2018-01-01,52.925,,1.405
PLD,2019-01-01,69.66499999999999,,1.6975
PLD,2020-01-01,81.965,,1.655
PLD,2021-01-01,116.39,,2.3325
PLD,2022-01-01,112.83,,2.0675
PLD,2023-01-01,116.0125,,1.8525
PLD,2024-01-01,114.9825,,1.835
PLD,2025-01-01,107.38,,1.7299999999999998
SMFG,2010-01-01,3.225,,0.0
SMFG,2011-01-01,3.2775,,0.0
SMFG,2012-01-01,4.0225,,0.0
SMFG,2013-01-01,5.9,,0.0
SMFG,2014-01-01,5.2524999999999995,,0.0
SMFG,2015-01-01,5.48,,0.225
SMFG,2016-01-01,3.93,,0.28
SMFG,2017-01-01,5.6,,0.38
SMFG,2018-01-01,5.75,,0.37
SMFG,2019-01-01,5.45,,0.37
SMFG,2020-01-01,4.6,,0.31
SMFG,2021-01-01,5.96,,0.37
SMFG,2022-01-01,5.23,,0.37
SMFG,2023-01-01,8.03,,0.55
SMFG,2024-01-01,12.94,,0.88
SMFG,2025-01-01,15.59,,1.06
MMC,2010-01-01,18.1925,,1.5825
MMC,2011-01-01,22.72,,1.9075
MMC,2012-01-01,26.18,,2.2125
MMC,2013-01-01,34.207499999999996,,2.61
MMC,2014-01-01,43.3975,,3.0324999999999998
MMC,2015-01-01,46.355000000000004,,3.675
MMC,2016-01-01,56.7775,,4.445
MMC,2017-01-01,69.52250000000001,,5.035
MMC,2018-01-01,73.0375,,4.7725
MMC,2019-01-01,92.25,,5.8225
MMC,2020-01-01,98.6775,,5.890000000000001
MMC,2021-01-01,138.505,,6.8225
MMC,2022-01-01,152.9575,,7.1575
MMC,2023-01-01,177.95999999999998,,7.4225
MMC,2024-01-01,209.5,,7.6899999999999995
MMC,2025-01-01,221.05999999999997,,7.1066666666666665
BN,2010-01-01,6.6475,,0.0
BN,2011-01-01,7.4325,,0.0
BN,2012-01-01,9.33,,0.0
BN,2013-01-01,10.99,,0.0
BN,2014-01-01,13.6425,,0.1
BN,2015-01-01,15.455,,0.0925
BN,2016-01-01,16.225,,0.355
BN,2017-01-01,19.585,,0.3725
BN,2018-01-01,20.1175,,0.335
BN,2019-01-01,25.815,,0.3625
BN,2020-01-01,26.182499999999997,,0.34750000000000003
BN,2021-01-01,40.7675,,0.4925
BN,2022-01-01,35.615,,0.41000000000000003
BN,2023-01-01,33.955,,0.33
BN,2024-01-01,48.2375,,0.4325
BN,2025-01-01,58.615,,0.55
HOOD,2021-01-01,29.92,,3.4850000000000003
HOOD,2022-01-01,9.9925,,1.25
HOOD,2023-01-01,10.56,,1.3625
HOOD,2024-01-01,25.88,,3.0975
HOOD,2025-01-01,76.425,,8.5
AMT,2010-01-01,35.365,,4.0925
AMT,2011-01-01,40.635,,4.640000000000001
AMT,2012-01-01,53.13,,5.8100000000000005
AMT,2013-01-01,58.1375,,6.295
AMT,2014-01-01,70.75,,6.87
AMT,2015-01-01,73.55,,4.4275
AMT,2016-01-01,87.6575,,5.4125
AMT,2017-01-01,109.675,,6.64
AMT,2018-01-01,124.5275,,8.879999999999999
AMT,2019-01-01,182.565,,13.955
AMT,2020-01-01,205.43,,21.6825
AMT,2021-01-01,237.3375,,15.5275
AMT,2022-01-01,211.70499999999998,,8.9625
AMT,2023-01-01,182.14249999999998,,7.3475
AMT,2024-01-01,195.5025,,8.932500000000001
AMT,2025-01-01,215.05666666666664,,9.783333333333333
BAM,2022-01-01,26.22,,0.0
BAM,2023-01-01,32.56,,5.8
BAM,2024-01-01,44.1925,,6.815
BAM,2025-01-01,55.5,,9.985
DUK,2010-01-01,26.75,,0.535
DUK,2011-01-01,32.8725,,0.64
DUK,2012-01-01,37.942499999999995,,0.6975
DUK,2013-01-01,41.985,,0.725
DUK,2014-01-01,48.3225,,0.8325
DUK,2015-01-01,48.1725,,0.8325
DUK,2016-01-01,56.0975,,0.9624999999999999
DUK,2017-01-01,60.2725,,1.0150000000000001
DUK,2018-01-01,60.9875,,1.0150000000000001
DUK,2019-01-01,72.03,,1.1325
DUK,2020-01-01,70.185,,1.0925
DUK,2021-01-01,85.25999999999999,,1.3
DUK,2022-01-01,92.3275,,1.375
DUK,2023-01-01,86.1675,,1.2974999999999999
DUK,2024-01-01,101.6975,,1.55
DUK,2025-01-01,121.60000000000001,,1.8166666666666667
CDNS,2010-01-01,7.0875,,9.875
CDNS,2011-01-01,9.9875,,7.7425
CDNS,2012-01-01,12.3025,,5.835
CDNS,2013-01-01,13.985,,3.715
CDNS,2014-01-01,17.3025,,3.95
CDNS,2015-01-01,19.8975,,4.295
CDNS,2016-01-01,24.6575,,7.430000000000001
CDNS,2017-01-01,36.545,,10.8125
CDNS,2018-01-01,42.22,,9.75
CDNS,2019-01-01,67.44,,12.175
CDNS,2020-01-01,101.265,,12.02
CDNS,2021-01-01,152.9,,16.2025
CDNS,2022-01-01,159.64,,16.1475
CDNS,2023-01-01,237.82,,20.9025
CDNS,2024-01-01,297.63,,19.355
CDNS,2025-01-01,305.6033333333333,,16.866666666666664
VRTX,2010-01-01,35.8425,,10.3375
VRTX,2011-01-01,44.3975,,18.0275
VRTX,2012-01-01,48.68,,8.89
VRTX,2013-01-01,71.2875,,12.5425
VRTX,2014-01-01,99.1275,,20.57
VRTX,2015-01-01,117.855,,27.4225
VRTX,2016-01-01,81.5975,,16.8525
VRTX,2017-01-01,135.03,,18.34
VRTX,2018-01-01,172.8475,,14.842500000000001
VRTX,2019-01-01,188.92499999999998,,9.22
VRTX,2020-01-01,259.18,,8.837499999999999
VRTX,2021-01-01,204.3775,,5.57
VRTX,2022-01-01,280.27,,5.8
VRTX,2023-01-01,355.40250000000003,,5.7175
VRTX,2024-01-01,438.6275,,6.9975
VRTX,2025-01-01,435.2166666666667,,6.6000000000000005
TT,2010-01-01,18.572499999999998,,0.8025
TT,2011-01-01,18.7375,,0.76
TT,2012-01-01,22.044999999999998,,0.9025
TT,2013-01-01,32.055,,1.2875
TT,2014-01-01,38.6375,,1.6400000000000001
TT,2015-01-01,39.635000000000005,,1.79
TT,2016-01-01,45.05,,1.795
TT,2017-01-01,60.0375,,2.21
TT,2018-01-01,64.3775,,2.225
TT,2019-01-01,87.345,,2.92
TT,2020-01-01,102.4575,,3.96
TT,2021-01-01,171.8275,,6.39
TT,2022-01-01,143.5,,5.58
TT,2023-01-01,201.425,,7.025
TT,2024-01-01,344.0025,,10.682500000000001
TT,2025-01-01,400.57,,11.51
WM,2010-01-01,23.825,,1.7550000000000001
WM,2011-01-01,24.9875,,1.7999999999999998
WM,2012-01-01,25.02,,1.7675
WM,2013-01-01,32.14,,2.2775
WM,2014-01-01,37.28,,2.9074999999999998
WM,2015-01-01,42.1525,,3.515
WM,2016-01-01,55.3225,,4.6
WM,2017-01-01,67.735,,5.29
WM,2018-01-01,76.7575,,5.3275
WM,2019-01-01,101.745,,6.46
WM,2020-01-01,99.36,,5.930000000000001
WM,2021-01-01,137.805,,7.955
WM,2022-01-01,150.25,,8.775
WM,2023-01-01,162.465,,9.5125
WM,2024-01-01,206.3775,,10.82
WM,2025-01-01,230.91666666666666,,10.313333333333333
PH,2010-01-01,53.567499999999995,,1.7774999999999999
PH,2011-01-01,63.662499999999994,,1.8375
PH,2012-01-01,66.1875,,1.8925
PH,2013-01-01,86.7675,,2.19
PH,2014-01-01,101.53,,2.3575
PH,2015-01-01,91.02250000000001,,2.505
PH,2016-01-01,105.27250000000001,,3.0100000000000002
PH,2017-01-01,153.66,,3.8850000000000002
PH,2018-01-01,148.26,,3.2975
PH,2019-01-01,166.785,,3.5
PH,2020-01-01,184.09,,3.5825
PH,2021-01-01,288.995,,4.5225
PH,2022-01-01,255.6875,,3.6475
PH,2023-01-01,385.7725,,4.7
PH,2024-01-01,577.235,,5.97
PH,2025-01-01,665.75,,6.35
BMY,2010-01-01,15.9,,1.7425
BMY,2011-01-01,19.2975,,2.0325
BMY,2012-01-01,22.265,,2.485
BMY,2013-01-01,31.587500000000002,,3.5575
BMY,2014-01-01,36.95,,4.0
BMY,2015-01-01,46.6475,,5.115
BMY,2016-01-01,46.025,,4.98
BMY,2017-01-01,44.375,,5.2375
BMY,2018-01-01,45.0475,,5.54
BMY,2019-01-01,41.595,,3.415
BMY,2020-01-01,48.9675,,2.3975
BMY,2021-01-01,53.692499999999995,,3.2125
BMY,2022-01-01,64.55,,4.2749999999999995
BMY,2023-01-01,54.92,,3.685
BMY,2024-01-01,48.3825,,5.8525
BMY,2025-01-01,52.455,,6.12
MCO,2010-01-01,21.255,,-13.2225
MCO,2011-01-01,29.1175,,-138.3325
MCO,2012-01-01,37.5975,,51.4625
MCO,2013-01-01,57.9925,,34.2025
MCO,2014-01-01,79.82249999999999,,127.30499999999999
MCO,2015-01-01,92.805,,-111.3
MCO,2016-01-01,90.2,,-40.707499999999996
MCO,2017-01-01,121.2125,,-115.32
MCO,2018-01-01,150.3675,,56.0925
MCO,2019-01-01,194.7825,,66.3175
MCO,2020-01-01,255.92000000000002,,37.065
MCO,2021-01-01,340.27750000000003,,25.0425
MCO,2022-01-01,275.78999999999996,,19.884999999999998
MCO,2023-01-01,335.0775,,18.5625
MCO,2024-01-01,437.66499999999996,,20.5475
MCO,2025-01-01,493.48,,22.006666666666664
DELL,2016-01-01,12.67,,0.5
DELL,2017-01-01,17.877499999999998,,0.8200000000000001
DELL,2018-01-01,21.052500000000002,,1.025
DELL,2019-01-01,26.4075,,-4.9875
DELL,2020-01-01,24.6525,,4.4975
DELL,2021-01-01,44.03,,3.4275
DELL,2022-01-01,43.519999999999996,,-14.445
DELL,2023-01-01,49.0775,,-12.852500000000001
DELL,2024-01-01,109.07249999999999,,-31.4325
DELL,2025-01-01,109.28000000000002,,-24.03
CTAS,2010-01-01,5.3225,,1.2925
CTAS,2011-01-01,6.48,,1.565
CTAS,2012-01-01,8.415,,1.98
CTAS,2013-01-01,10.475,,2.3425000000000002
CTAS,2014-01-01,14.4825,,3.0625
CTAS,2015-01-01,19.5175,,4.475
CTAS,2016-01-01,23.447499999999998,,5.0625
CTAS,2017-01-01,30.9925,,5.4575
CTAS,2018-01-01,44.010000000000005,,6.085
CTAS,2019-01-01,56.0575,,7.5525
CTAS,2020-01-01,71.73,,8.657499999999999
CTAS,2021-01-01,90.225,,10.504999999999999
CTAS,2022-01-01,100.035,,12.2775
CTAS,2023-01-01,121.1275,,12.635
CTAS,2024-01-01,187.25,,17.9775
CTAS,2025-01-01,219.00666666666666,,18.97
RELX,2010-01-01,4.914999999999999,,0.0
RELX,2011-01-01,5.720000000000001,,0.0
RELX,2012-01-01,6.605,,0.0
RELX,2013-01-01,9.725,,0.0
RELX,2014-01-01,12.775,,0.0
RELX,2015-01-01,13.645,,0.0
RELX,2016-01-01,14.79,,0.0
RELX,2017-01-01,19.13,,0.0
RELX,2018-01-01,18.17,,0.0
RELX,2019-01-01,21.89,,0.0
RELX,2020-01-01,21.825,,0.0
RELX,2021-01-01,27.515,,0.0
RELX,2022-01-01,25.939999999999998,,0.0
RELX,2023-01-01,35.41,,0.0
RELX,2024-01-01,44.95,,0.0
RELX,2025-01-01,49.32,,0.0
RBLX,2021-01-01,83.38,,82.9525
RBLX,2022-01-01,35.85,,47.7275
RBLX,2023-01-01,39.989999999999995,,208.6425
RBLX,2024-01-01,44.3775,,239.8025
RBLX,2025-01-01,93.96,,214.715
BP,2010-01-01,19.2275,,0.63
BP,2011-01-01,19.2125,,0.56
BP,2012-01-01,20.3275,,0.5475000000000001
BP,2013-01-01,22.0325,,0.545
BP,2014-01-01,24.169999999999998,,0.585
BP,2015-01-01,19.705000000000002,,0.5700000000000001
BP,2016-01-01,20.8375,,0.515
BP,2017-01-01,24.16,,0.7975
BP,2018-01-01,29.08,,0.9450000000000001
BP,2019-01-01,29.1625,,0.9824999999999999
BP,2020-01-01,16.6525,,0.6775
BP,2021-01-01,21.65,,0.8075
BP,2022-01-01,26.2175,,1.055
BP,2023-01-01,33.254999999999995,,1.1225
BP,2024-01-01,31.93,,1.08
BP,2025-01-01,32.45666666666667,,1.0566666666666666
SE,2017-01-01,13.33,,9.4
SE,2018-01-01,12.855,,-4.05
SE,2019-01-01,28.369999999999997,,0.0
SE,2020-01-01,126.16,,27.439999999999998
SE,2021-01-01,260.0675,,14.4625
SE,2022-01-01,73.6825,,1.265
SE,2023-01-01,57.26,,0.865
SE,2024-01-01,81.3775,,0.0
SE,2025-01-01,139.675,,0.0
ORLY,2010-01-01,3.3825,,2.34
ORLY,2011-01-01,4.4925,,2.9775
ORLY,2012-01-01,5.8,,4.2524999999999995
ORLY,2013-01-01,7.8575,,6.32
ORLY,2014-01-01,10.6975,,8.055
ORLY,2015-01-01,15.762500000000001,,11.65
ORLY,2016-01-01,18.384999999999998,,14.68
ORLY,2017-01-01,15.7425,,25.11
ORLY,2018-01-01,20.21,,59.6275
ORLY,2019-01-01,26.575,,135.585
ORLY,2020-01-01,27.2725,,133.83249999999998
ORLY,2021-01-01,39.8475,,-1468.36
ORLY,2022-01-01,47.735,,-65.04249999999999
ORLY,2023-01-01,61.055,,-32.597500000000004
ORLY,2024-01-01,75.37,,-45.6775
ORLY,2025-01-01,99.49000000000001,,-30.14
HCA,2011-01-01,20.1875,,-1.27
HCA,2012-01-01,24.6925,,-1.5025
HCA,2013-01-01,38.97,,-2.3674999999999997
HCA,2014-01-01,58.9375,,-3.9924999999999997
HCA,2015-01-01,72.4975,,-4.9825
HCA,2016-01-01,71.0425,,-4.455
HCA,2017-01-01,80.115,,-5.6225000000000005
HCA,2018-01-01,108.88749999999999,,-10.3025
HCA,2019-01-01,126.92750000000001,,-38.775
HCA,2020-01-01,114.1825,,15.92
HCA,2021-01-01,216.1925,,37.95
HCA,2022-01-01,205.405,,-205.89
HCA,2023-01-01,266.815,,183.5575
HCA,2024-01-01,337.93,,98.8875
HCA,2025-01-01,367.1033333333333,,-88.12333333333333
SHW,2010-01-01,21.0575,,4.355
SHW,2011-01-01,24.0275,,4.6674999999999995
SHW,2012-01-01,40.0325,,7.452500000000001
SHW,2013-01-01,52.94,,8.8325
SHW,2014-01-01,66.69,,14.845
SHW,2015-01-01,79.14500000000001,,31.697499999999998
SHW,2016-01-01,86.3425,,17.8325
SHW,2017-01-01,111.0625,,11.7575
SHW,2018-01-01,129.21,,9.64
SHW,2019-01-01,160.0425,,11.4975
SHW,2020-01-01,197.1725,,14.265
SHW,2021-01-01,277.8325,,26.93
SHW,2022-01-01,222.96,,23.2175
SHW,2023-01-01,260.1375,,18.6325
SHW,2024-01-01,339.365,,22.1875
SHW,2025-01-01,347.24,,20.136666666666667
INTC,2010-01-01,13.525,,1.6225
INTC,2011-01-01,14.9975,,1.6525
INTC,2012-01-01,17.27,,1.7650000000000001
INTC,2013-01-01,17.4125,,1.5825
INTC,2014-01-01,24.29,,2.07
INTC,2015-01-01,24.6825,,2.0275
INTC,2016-01-01,28.0925,,2.1075
INTC,2017-01-01,32.035,,2.1825
INTC,2018-01-01,41.78,,2.6825
INTC,2019-01-01,46.5575,,2.7175000000000002
INTC,2020-01-01,48.207499999999996,,2.56
INTC,2021-01-01,51.605000000000004,,2.415
INTC,2022-01-01,32.8925,,1.325
INTC,2023-01-01,37.305,,1.4825
INTC,2024-01-01,29.497500000000002,,1.14
INTC,2025-01-01,21.626666666666665,,0.8933333333333334
RCL,2010-01-01,27.905,,0.78
RCL,2011-01-01,26.095,,0.6775
RCL,2012-01-01,25.310000000000002,,0.6525
RCL,2013-01-01,32.735,,0.84
RCL,2014-01-01,56.9875,,1.45
RCL,2015-01-01,78.15,,2.105
RCL,2016-01-01,69.5475,,1.7675
RCL,2017-01-01,103.2425,,2.205
RCL,2018-01-01,106.275,,2.035
RCL,2019-01-01,115.88499999999999,,2.0675
RCL,2020-01-01,54.87,,1.365
RCL,2021-01-01,83.2675,,3.0875000000000004
RCL,2022-01-01,50.945,,3.8049999999999997
RCL,2023-01-01,96.605,,6.165
RCL,2024-01-01,175.0675,,6.93
RCL,2025-01-01,275.9266666666667,,8.303333333333333
NOC,2010-01-01,41.035,,0.9275
NOC,2011-01-01,46.345,,1.075
NOC,2012-01-01,51.2525,,1.2125
NOC,2013-01-01,74.19,,1.7125
NOC,2014-01-01,109.14,,2.4475
NOC,2015-01-01,143.6925,,4.4825
NOC,2016-01-01,187.88,,6.0
NOC,2017-01-01,239.73999999999998,,6.6525
NOC,2018-01-01,271.9875,,5.715
NOC,2019-01-01,297.745,,5.5
NOC,2020-01-01,283.6175,,4.7675
NOC,2021-01-01,336.7175,,4.66
NOC,2022-01-01,463.0925,,5.085
NOC,2023-01-01,442.02250000000004,,4.3625
NOC,2024-01-01,470.6825,,4.7075
NOC,2025-01-01,532.3100000000001,,4.99
GD,2010-01-01,47.1725,,1.365
GD,2011-01-01,49.2675,,1.305
GD,2012-01-01,50.805,,1.3675
GD,2013-01-01,63.2125,,1.7625000000000002
GD,2014-01-01,95.655,,2.4975
GD,2015-01-01,110.255,,3.1925
GD,2016-01-01,122.455,,3.4575
GD,2017-01-01,165.3275,,4.4399999999999995
GD,2018-01-01,162.7525,,3.9775
GD,2019-01-01,153.60250000000002,,3.3825000000000003
GD,2020-01-01,126.34,,2.525
GD,2021-01-01,176.85750000000002,,3.0925
GD,2022-01-01,215.905,,3.3175
GD,2023-01-01,220.9125,,3.025
GD,2024-01-01,278.0075,,3.44
GD,2025-01-01,290.86333333333334,,3.3800000000000003
NTES,2010-01-01,5.6475,,0.0
NTES,2011-01-01,7.02,,0.0
NTES,2012-01-01,8.5225,,0.0
NTES,2013-01-01,10.8825,,0.0
NTES,2014-01-01,13.73,,0.0
NTES,2015-01-01,23.2425,,1.115
NTES,2016-01-01,33.9525,,1.0975
NTES,2017-01-01,51.7725,,1.3825
NTES,2018-01-01,43.567499999999995,,0.9875
NTES,2019-01-01,47.5675,,0.9975
NTES,2020-01-01,76.92,,2.1975
NTES,2021-01-01,93.3675,,0.9875
NTES,2022-01-01,77.295,,0.6975
NTES,2023-01-01,89.98,,0.795
NTES,2024-01-01,93.04,,0.7125
NTES,2025-01-01,116.63999999999999,,0.0
MCK,2010-01-01,59.0,,2.17
MCK,2011-01-01,70.4575,,2.4275
MCK,2012-01-01,82.77250000000001,,2.65
MCK,2013-01-01,117.255,,3.5075000000000003
MCK,2014-01-01,176.1225,,4.03
MCK,2015-01-01,192.6975,,5.1225000000000005
MCK,2016-01-01,151.5175,,3.7425
MCK,2017-01-01,145.9325,,2.6425
MCK,2018-01-01,122.455,,2.4975
MCK,2019-01-01,126.1575,,3.1825
MCK,2020-01-01,148.185,,-21.2625
MCK,2021-01-01,204.095,,-215.5075
MCK,2022-01-01,331.9575,,-29.5425
MCK,2023-01-01,416.6375,,-38.3025
MCK,2024-01-01,544.2075,,-37.08
MCK,2025-01-01,667.79,,-24.805
TRI,2010-01-01,24.27,,0.23
TRI,2011-01-01,22.285,,0.37
TRI,2012-01-01,20.6525,,0.8725
TRI,2013-01-01,25.83,,1.1025
TRI,2014-01-01,28.6875,,1.295
TRI,2015-01-01,31.622500000000002,,1.5775000000000001
TRI,2016-01-01,34.754999999999995,,1.795
TRI,2017-01-01,38.7225,,1.865
TRI,2018-01-01,38.695,,1.425
TRI,2019-01-01,59.87,,0.825
TRI,2020-01-01,69.3075,,0.9225
TRI,2021-01-01,98.83500000000001,,1.8325
TRI,2022-01-01,103.425,,1.105
TRI,2023-01-01,130.15,,1.4675
TRI,2024-01-01,161.9575,,0.0
TRI,2025-01-01,176.89499999999998,,0.0
BMO,2010-01-01,30.0725,,0.0
BMO,2011-01-01,33.415,,0.0
BMO,2012-01-01,33.39,,0.0
BMO,2013-01-01,38.575,,0.0
BMO,2014-01-01,43.265,,0.0
BMO,2015-01-01,38.4425,,0.0
BMO,2016-01-01,41.7875,,0.4475
BMO,2017-01-01,52.6175,,0.2
BMO,2018-01-01,57.010000000000005,,0.8825000000000001
BMO,2019-01-01,57.175,,0.98
BMO,2020-01-01,47.9825,,0.7625
BMO,2021-01-01,78.3225,,1.1225
BMO,2022-01-01,88.6575,,1.1525
BMO,2023-01-01,81.05000000000001,,1.03
BMO,2024-01-01,85.1825,,1.0425
BMO,2025-01-01,101.32333333333334,,1.21
MMM,2010-01-01,44.527499999999996,,2.1174999999999997
MMM,2011-01-01,46.4725,,1.9325
MMM,2012-01-01,50.875,,2.0225
MMM,2013-01-01,68.08,,2.525
MMM,2014-01-01,85.73,,3.475
MMM,2015-01-01,91.8175,,4.5024999999999995
MMM,2016-01-01,107.455,,5.640000000000001
MMM,2017-01-01,133.61,,6.85
MMM,2018-01-01,132.35750000000002,,7.4350000000000005
MMM,2019-01-01,120.42750000000001,,6.8225
MMM,2020-01-01,108.69500000000001,,5.445
MMM,2021-01-01,133.10250000000002,,5.3025
MMM,2022-01-01,94.3175,,3.665
MMM,2023-01-01,79.825,,6.7225
MMM,2024-01-01,112.2225,,14.2
MMM,2025-01-01,150.04,,18.203333333333333
PBR,2010-01-01,10.045,,0.405
PBR,2011-01-01,8.254999999999999,,0.22249999999999998
PBR,2012-01-01,6.1675,,0.235
PBR,2013-01-01,4.217499999999999,,0.175
PBR,2014-01-01,3.6125,,0.1575
PBR,2015-01-01,1.7550000000000001,,0.135
PBR,2016-01-01,2.4,,0.195
PBR,2017-01-01,2.815,,0.225
PBR,2018-01-01,3.6625,,0.315
PBR,2019-01-01,4.66,,0.40249999999999997
PBR,2020-01-01,1.955,,0.28500000000000003
PBR,2021-01-01,3.4933333333333336,,0.35000000000000003
PBR,2022-01-01,6.105,,0.525
PBR,2023-01-01,10.1025,,0.8425
PBR,2024-01-01,12.325,,1.1575
PBR,2025-01-01,13.355,,1.245
PBR.A,2010-01-01,8.1675,,0.32999999999999996
PBR.A,2011-01-01,6.865,,0.1825
PBR.A,2012-01-01,5.485,,0.20750000000000002
PBR.A,2013-01-01,4.265000000000001,,0.1775
PBR.A,2014-01-01,3.655,,0.1575
PBR.A,2015-01-01,1.5225,,0.11499999999999999
PBR.A,2016-01-01,1.9649999999999999,,0.16
PBR.A,2017-01-01,2.585,,0.2075
PBR.A,2018-01-01,3.175,,0.27
PBR.A,2019-01-01,4.2575,,0.365
PBR.A,2020-01-01,1.905,,0.28
PBR.A,2021-01-01,3.2733333333333334,,0.32666666666666666
PBR.A,2022-01-01,5.5475,,0.475
PBR.A,2023-01-01,9.7075,,0.8125
PBR.A,2024-01-01,11.8925,,1.115
PBR.A,2025-01-01,12.24,,1.1400000000000001
MDLZ,2010-01-01,22.09,,1.1099999999999999
MDLZ,2011-01-01,25.785,,1.2275
MDLZ,2012-01-01,27.42,,1.3599999999999999
MDLZ,2013-01-01,24.5275,,1.335
MDLZ,2014-01-01,28.2775,,1.5525
MDLZ,2015-01-01,33.0025,,1.9725
MDLZ,2016-01-01,35.5725,,2.035
MDLZ,2017-01-01,35.35,,2.0524999999999998
MDLZ,2018-01-01,35.2725,,2.005
MDLZ,2019-01-01,46.6225,,2.5275
MDLZ,2020-01-01,48.315,,2.5825
MDLZ,2021-01-01,55.8,,2.815
MDLZ,2022-01-01,57.28,,2.875
MDLZ,2023-01-01,67.6925,,3.23
MDLZ,2024-01-01,65.555,,3.15
MDLZ,2025-01-01,65.74,,3.26
CVS,2010-01-01,22.88,,0.855
CVS,2011-01-01,25.6675,,0.8975
CVS,2012-01-01,33.515,,1.1225
CVS,2013-01-01,43.4825,,1.3675000000000002
CVS,2014-01-01,59.8675,,1.815
CVS,2015-01-01,74.85000000000001,,2.2475
CVS,2016-01-01,69.4175,,2.07
CVS,2017-01-01,60.475,,1.7525
CVS,2018-01-01,53.83,,1.4125
CVS,2019-01-01,50.4875,,1.0525
CVS,2020-01-01,53.165,,1.02
CVS,2021-01-01,75.57,,1.35
CVS,2022-01-01,85.1925,,1.5275
CVS,2023-01-01,66.9675,,1.1625
CVS,2024-01-01,58.5125,,0.98
CVS,2025-01-01,64.96000000000001,,1.065
TDG,2010-01-01,27.3175,,2.435
TDG,2011-01-01,40.427499999999995,,2.64
TDG,2012-01-01,62.099999999999994,,3.575
TDG,2013-01-01,82.5625,,-5.6825
TDG,2014-01-01,118.4625,,-14.4875
TDG,2015-01-01,147.6525,,-7.140000000000001
TDG,2016-01-01,174.54250000000002,,-10.175
TDG,2017-01-01,194.4225,,-4.3525
TDG,2018-01-01,270.585,,-7.385
TDG,2019-01-01,419.675,,-10.7075
TDG,2020-01-01,412.21500000000003,,-5.65
TDG,2021-01-01,554.3050000000001,,-10.175
TDG,2022-01-01,527.54,,-8.9925
TDG,2023-01-01,804.6525,,-17.072499999999998
TDG,2024-01-01,1248.8975,,-18.0225
TDG,2025-01-01,1444.36,,-10.290000000000001
COIN,2021-01-01,244.38333333333333,,9.72
COIN,2022-01-01,84.19,,3.0949999999999998
COIN,2023-01-01,97.03,,3.8675
COIN,2024-01-01,228.45499999999998,,6.4725
COIN,2025-01-01,241.635,,5.875
APO,2011-01-01,5.7975,,0.23249999999999998
APO,2012-01-01,6.4675,,0.1875
APO,2013-01-01,13.345,,0.2975
APO,2014-01-01,15.282499999999999,,0.375
APO,2015-01-01,12.085,,1.1225
APO,2016-01-01,11.975000000000001,,1.4525000000000001
APO,2017-01-01,21.195,,1.595
APO,2018-01-01,23.7325,,1.7075
APO,2019-01-01,31.125,,2.4125
APO,2020-01-01,39.255,,2.07
APO,2021-01-01,56.1175,,1.56
APO,2022-01-01,52.3075,,5.365
APO,2023-01-01,78.475,,2.3525
APO,2024-01-01,128.72,,2.4725
APO,2025-01-01,138.78500000000003,,2.45
RACE,2015-01-01,44.06,,-386.53
RACE,2016-01-01,44.65,,48.52
RACE,2017-01-01,88.0025,,25.275
RACE,2018-01-01,116.05499999999999,,17.45
RACE,2019-01-01,146.2775,,17.235
RACE,2020-01-01,176.76749999999998,,18.66
RACE,2021-01-01,212.9275,,16.75
RACE,2022-01-01,194.215,,14.1075
RACE,2023-01-01,300.56,,17.5275
RACE,2024-01-01,427.675,,21.33
RACE,2025-01-01,435.105,,20.59
AON,2010-01-01,35.3525,,1.6275
AON,2011-01-01,41.91,,1.64
AON,2012-01-01,44.795,,1.75
AON,2013-01-01,63.207499999999996,,2.475
AON,2014-01-01,80.1825,,3.13
AON,2015-01-01,85.605,,3.8
AON,2016-01-01,100.7825,,4.8525
AON,2017-01-01,123.885,,5.967499999999999
AON,2018-01-01,135.7675,,7.17
AON,2019-01-01,182.095,,11.1425
AON,2020-01-01,186.0875,,12.030000000000001
AON,2021-01-01,255.5225,,25.935000000000002
AON,2022-01-01,283.7,,-24.705000000000005
AON,2023-01-01,313.4375,,326.53999999999996
AON,2024-01-01,330.1475,,-575.885
AON,2025-01-01,372.82,,10.453333333333333
SCCO,2010-01-01,19.63,,4.359999999999999
SCCO,2011-01-01,18.6625,,3.99
SCCO,2012-01-01,21.2425,,3.6325000000000003
SCCO,2013-01-01,20.41,,3.2775
SCCO,2014-01-01,20.095,,2.855
SCCO,2015-01-01,19.3375,,2.7575000000000003
SCCO,2016-01-01,19.7475,,2.73
SCCO,2017-01-01,27.89,,3.46
SCCO,2018-01-01,31.619999999999997,,3.7775
SCCO,2019-01-01,29.685,,3.41
SCCO,2020-01-01,35.557500000000005,,3.94
SCCO,2021-01-01,51.6325,,5.0675
SCCO,2022-01-01,50.685,,4.9725
SCCO,2023-01-01,71.75,,7.13
SCCO,2024-01-01,101.245,,9.295
SCCO,2025-01-01,94.71000000000001,,7.825
CVNA,2017-01-01,18.09,,9.296666666666667
CVNA,2018-01-01,39.0825,,19.58
CVNA,2019-01-01,69.675,,46.06
CVNA,2020-01-01,159.4725,,186.2025
CVNA,2021-01-01,274.3875,,70.0575
CVNA,2022-01-01,41.727500000000006,,102.79249999999999
CVNA,2023-01-01,32.6575,,-18.479999999999997
CVNA,2024-01-01,148.525,,82.9625
CVNA,2025-01-01,301.2633333333333,,31.909999999999997
MFG,2010-01-01,1.72,,0.0
MFG,2011-01-01,1.675,,0.0
MFG,2012-01-01,2.0,,0.0
MFG,2013-01-01,2.625,,0.0
MFG,2014-01-01,2.3899999999999997,,0.0
MFG,2015-01-01,2.5700000000000003,,0.225
MFG,2016-01-01,1.93,,0.3
MFG,2017-01-01,2.58,,0.39
MFG,2018-01-01,2.48,,0.35
MFG,2019-01-01,2.19,,0.34
MFG,2020-01-01,1.98,,0.31
MFG,2021-01-01,2.4,,0.04
MFG,2022-01-01,1.97,,0.04
MFG,2023-01-01,2.84,,0.05
MFG,2024-01-01,4.06,,0.71
MFG,2025-01-01,6.14,,1.07
ECL,2010-01-01,40.0175,,4.76
ECL,2011-01-01,45.705,,3.935
ECL,2012-01-01,57.7475,,2.8575
ECL,2013-01-01,80.64,,3.545
ECL,2014-01-01,96.9825,,3.895
ECL,2015-01-01,100.97749999999999,,4.325
ECL,2016-01-01,106.45,,4.565
ECL,2017-01-01,119.6875,,4.81
ECL,2018-01-01,135.175,,4.93
ECL,2019-01-01,179.68,,6.1125
ECL,2020-01-01,182.88,,8.095
ECL,2021-01-01,206.5575,,8.685
ECL,2022-01-01,150.11,,5.9925
ECL,2023-01-01,176.60500000000002,,6.5275
ECL,2024-01-01,237.57,,7.97
ECL,2025-01-01,261.335,,8.32
EQIX,2010-01-01,68.105,,1.8625
EQIX,2011-01-01,71.9025,,1.6800000000000002
EQIX,2012-01-01,140.16,,3.1125
EQIX,2013-01-01,143.32,,2.9725
EQIX,2014-01-01,158.535,,3.3925
EQIX,2015-01-01,213.7075,,6.032500000000001
EQIX,2016-01-01,303.4625,,4.657500000000001
EQIX,2017-01-01,372.725,,4.415
EQIX,2018-01-01,359.3425,,4.045
EQIX,2019-01-01,476.435,,4.6475
EQIX,2020-01-01,640.465,,5.6175
EQIX,2021-01-01,724.0225,,6.1025
EQIX,2022-01-01,618.86,,5.14
EQIX,2023-01-01,730.7375,,5.665
EQIX,2024-01-01,838.1925,,6.215
EQIX,2025-01-01,795.2633333333333,,5.553333333333334
NEM,2010-01-01,42.3,,1.44
NEM,2011-01-01,41.879999999999995,,1.25
NEM,2012-01-01,37.4675,,1.13
NEM,2013-01-01,23.5625,,0.7825
NEM,2014-01-01,17.805,,0.6825
NEM,2015-01-01,15.5825,,0.5775
NEM,2016-01-01,27.505,,1.075
NEM,2017-01-01,27.927500000000002,,1.25
NEM,2018-01-01,28.525,,1.3125
NEM,2019-01-01,32.4875,,1.2875
NEM,2020-01-01,49.1075,,1.6925000000000001
NEM,2021-01-01,52.72,,1.8125
NEM,2022-01-01,51.9075,,1.955
NEM,2023-01-01,40.3825,,1.6375
NEM,2024-01-01,41.31,,1.5924999999999998
NEM,2025-01-01,58.46,,2.02
ITW,2010-01-01,33.265,,1.845
ITW,2011-01-01,35.8475,,1.725
ITW,2012-01-01,42.78,,1.94
ITW,2013-01-01,55.290000000000006,,2.4125
ITW,2014-01-01,67.605,,3.415
ITW,2015-01-01,72.21,,5.1225
ITW,2016-01-01,91.175,,6.7625
ITW,2017-01-01,122.385,,8.91
ITW,2018-01-01,119.1625,,10.7975
ITW,2019-01-01,137.3625,,14.4375
ITW,2020-01-01,159.7475,,19.2425
ITW,2021-01-01,205.2925,,18.5525
ITW,2022-01-01,185.3825,,17.564999999999998
ITW,2023-01-01,236.04500000000002,,23.322499999999998
ITW,2024-01-01,249.935,,23.3825
ITW,2025-01-01,251.64499999999998,,22.745
GSK,2010-01-01,17.75,,0.0
GSK,2011-01-01,20.825,,0.0
GSK,2012-01-01,23.5325,,0.0
GSK,2013-01-01,27.55,,0.0
GSK,2014-01-01,28.1875,,0.0
GSK,2015-01-01,25.355,,0.0
GSK,2016-01-01,27.52333333333333,,0.0
GSK,2017-01-01,27.697499999999998,,2.97
GSK,2018-01-01,28.665,,3.105
GSK,2019-01-01,32.815,,0.84
GSK,2020-01-01,30.725,,0.6075
GSK,2021-01-01,33.52,,0.7
GSK,2022-01-01,33.71,,1.37
GSK,2023-01-01,33.4675,,1.18
GSK,2024-01-01,37.53,,1.065
GSK,2025-01-01,38.089999999999996,,0.0
EMR,2010-01-01,33.8,,2.6475
EMR,2011-01-01,34.4125,,2.395
EMR,2012-01-01,35.0875,,2.41
EMR,2013-01-01,44.345,,2.96
EMR,2014-01-01,47.755,,3.2375
EMR,2015-01-01,39.0425,,3.0825
EMR,2016-01-01,43.1275,,3.575
EMR,2017-01-01,51.8575,,3.995
EMR,2018-01-01,57.957499999999996,,4.2325
EMR,2019-01-01,60.705,,4.3675
EMR,2020-01-01,57.542500000000004,,4.1625
EMR,2021-01-01,86.0725,,5.3125
EMR,2022-01-01,81.675,,3.3675
EMR,2023-01-01,89.595,,2.1675
EMR,2024-01-01,112.4975,,2.39
EMR,2025-01-01,120.995,,3.535
AJG,2010-01-01,18.1575,,1.9175
AJG,2011-01-01,21.595,,2.02
AJG,2012-01-01,26.755000000000003,,2.1475
AJG,2013-01-01,34.457499999999996,,2.4325
AJG,2014-01-01,37.7725,,1.9975
AJG,2015-01-01,36.805,,1.79
AJG,2016-01-01,42.135,,2.035
AJG,2017-01-01,53.0525,,2.3775
AJG,2018-01-01,64.2625,,2.575
AJG,2019-01-01,81.5325,,3.0375
AJG,2020-01-01,96.725,,3.2575000000000003
AJG,2021-01-01,140.1975,,3.5675
AJG,2022-01-01,169.6925,,4.005
AJG,2023-01-01,212.465,,4.3950000000000005
AJG,2024-01-01,266.805,,4.54
AJG,2025-01-01,317.275,,3.635
MSI,2010-01-01,24.74,,0.79
MSI,2011-01-01,35.3,,1.9125
MSI,2012-01-01,41.22,,3.11
MSI,2013-01-01,50.9025,,4.37
MSI,2014-01-01,54.5375,,3.8425000000000002
MSI,2015-01-01,55.6475,,-32.5925
MSI,2016-01-01,65.6725,,-31.83
MSI,2017-01-01,77.7125,,-11.8875
MSI,2018-01-01,106.2825,,-12.24
MSI,2019-01-01,147.73499999999999,,-27.125
MSI,2020-01-01,141.0775,,-33.5775
MSI,2021-01-01,217.005,,-557.025
MSI,2022-01-01,225.815,,4.609999999999999
MSI,2023-01-01,285.47249999999997,,128.0475
MSI,2024-01-01,409.72249999999997,,71.7975
MSI,2025-01-01,440.88,,44.355000000000004
PNC,2010-01-01,37.165,,0.62
PNC,2011-01-01,37.585,,0.555
PNC,2012-01-01,41.665,,0.545
PNC,2013-01-01,50.1175,,0.625
PNC,2014-01-01,62.525,,0.725
PNC,2015-01-01,67.6525,,0.75
PNC,2016-01-01,69.27250000000001,,0.73
PNC,2017-01-01,99.45,,1.0225
PNC,2018-01-01,104.55,,1.0274999999999999
PNC,2019-01-01,111.92500000000001,,1.0075
PNC,2020-01-01,95.475,,0.77
PNC,2021-01-01,163.355,,1.2525
PNC,2022-01-01,143.0775,,1.2275
PNC,2023-01-01,122.0575,,0.975
PNC,2024-01-01,166.89999999999998,,1.2325
PNC,2025-01-01,179.79000000000002,,1.26
RSG,2010-01-01,21.62,,1.0725
RSG,2011-01-01,21.7225,,1.0575
RSG,2012-01-01,21.9175,,1.0350000000000001
RSG,2013-01-01,26.505000000000003,,1.2325
RSG,2014-01-01,30.975,,1.4024999999999999
RSG,2015-01-01,34.692499999999995,,1.555
RSG,2016-01-01,44.57,,1.975
RSG,2017-01-01,57.39,,2.4825
RSG,2018-01-01,62.895,,2.59
RSG,2019-01-01,78.765,,3.1550000000000002
RSG,2020-01-01,81.1575,,3.1075
RSG,2021-01-01,111.58749999999999,,4.015
RSG,2022-01-01,127.48,,4.3125
RSG,2023-01-01,145.8525,,4.4875
RSG,2024-01-01,194.635,,5.4875
RSG,2025-01-01,240.89,,6.3066666666666675
ABNB,2020-01-01,146.8,,30.31
ABNB,2021-01-01,168.82999999999998,,21.925
ABNB,2022-01-01,112.845,,14.03
ABNB,2023-01-01,131.4775,,12.8975
ABNB,2024-01-01,143.7025,,11.135
ABNB,2025-01-01,119.745,,9.34
NET,2019-01-01,17.814999999999998,,7.295
NET,2020-01-01,44.12,,16.795
NET,2021-01-01,105.0625,,40.83
NET,2022-01-01,65.9925,,38.69
NET,2023-01-01,68.33250000000001,,33.105
NET,2024-01-01,92.0575,,34.34
NET,2025-01-01,161.565,,39.265
UPS,2010-01-01,40.197500000000005,,4.9575
UPS,2011-01-01,44.9825,,5.5775
UPS,2012-01-01,49.81,,7.18
UPS,2013-01-01,62.14,,13.557500000000001
UPS,2014-01-01,70.855,,16.2325
UPS,2015-01-01,69.1425,,30.35
UPS,2016-01-01,80.1125,,62.6325
UPS,2017-01-01,86.3125,,76.975
UPS,2018-01-01,82.8,,31.855
UPS,2019-01-01,91.08500000000001,,19.47
UPS,2020-01-01,112.81,,60.82
UPS,2021-01-01,165.575,,13.575
UPS,2022-01-01,160.735,,8.2525
UPS,2023-01-01,156.16750000000002,,6.9725
UPS,2024-01-01,130.37,,6.592499999999999
UPS,2025-01-01,97.35,,5.255
HWM,2016-01-01,13.65,,1.16
HWM,2017-01-01,18.735,,1.58
HWM,2018-01-01,14.7725,,1.3325
HWM,2019-01-01,19.225,,1.755
HWM,2020-01-01,18.130000000000003,,2.1375
HWM,2021-01-01,32.027499999999996,,3.82
HWM,2022-01-01,34.11,,4.105
HWM,2023-01-01,47.8,,5.09
HWM,2024-01-01,88.71000000000001,,8.2375
HWM,2025-01-01,155.615,,13.11
