Ticker,Date,ROA,TotalAssets
NVDA,2010-01-01,4.4625,
NVDA,2011-01-01,9.42,
NVDA,2012-01-01,9.5525,
NVDA,2013-01-01,8.92,
NVDA,2014-01-01,7.817500000000001,
NVDA,2015-01-01,8.425,
NVDA,2016-01-01,11.565,
NVDA,2017-01-01,22.997500000000002,
NVDA,2018-01-01,35.67,
NVDA,2019-01-01,23.2675,
NVDA,2020-01-01,17.465,
NVDA,2021-01-01,20.4975,
NVDA,2022-01-01,19.825,
NVDA,2023-01-01,21.2425,
NVDA,2024-01-01,69.4425,
NVDA,2025-01-01,76.13,
MSFT,2010-01-01,22.67,
MSFT,2011-01-01,23.0325,
MSFT,2012-01-01,15.4025,
MSFT,2013-01-01,15.5125,
MSFT,2014-01-01,13.66,
MSFT,2015-01-01,8.094999999999999,
MSFT,2016-01-01,9.8475,
MSFT,2017-01-01,9.8225,
MSFT,2018-01-01,8.35,
MSFT,2019-01-01,14.8075,
MSFT,2020-01-01,16.2975,
MSFT,2021-01-01,20.215,
MSFT,2022-01-01,20.255,
MSFT,2023-01-01,19.115,
MSFT,2024-01-01,18.427500000000002,
MSFT,2025-01-01,18.165,
AAPL,2010-01-01,22.165,
AAPL,2011-01-01,26.2,
AAPL,2012-01-01,27.3125,
AAPL,2013-01-01,19.48,
AAPL,2014-01-01,18.262500000000003,
AAPL,2015-01-01,19.544999999999998,
AAPL,2016-01-01,15.6675,
AAPL,2017-01-01,13.9825,
AAPL,2018-01-01,15.3925,
AAPL,2019-01-01,16.259999999999998,
AAPL,2020-01-01,18.0325,
AAPL,2021-01-01,26.27,
AAPL,2022-01-01,28.125,
AAPL,2023-01-01,28.2725,
AAPL,2024-01-01,28.43,
AAPL,2025-01-01,28.37,
AMZN,2010-01-01,8.86,
AMZN,2011-01-01,5.22,
AMZN,2012-01-01,1.12,
AMZN,2013-01-01,0.145,
AMZN,2014-01-01,0.057499999999999996,
AMZN,2015-01-01,0.10500000000000001,
AMZN,2016-01-01,2.925,
AMZN,2017-01-01,2.71,
AMZN,2018-01-01,5.532500000000001,
AMZN,2019-01-01,6.7425,
AMZN,2020-01-01,6.45,
AMZN,2021-01-01,8.695,
AMZN,2022-01-01,2.5875000000000004,
AMZN,2023-01-01,3.5725,
AMZN,2024-01-01,8.8275,
AMZN,2025-01-01,10.96,
GOOGL,2010-01-01,17.3975,
GOOGL,2011-01-01,15.085,
GOOGL,2012-01-01,13.8025,
GOOGL,2013-01-01,12.315,
GOOGL,2014-01-01,11.3625,
GOOGL,2015-01-01,11.1375,
GOOGL,2016-01-01,12.07,
GOOGL,2017-01-01,10.695,
GOOGL,2018-01-01,9.942499999999999,
GOOGL,2019-01-01,13.27,
GOOGL,2020-01-01,12.725,
GOOGL,2021-01-01,19.97,
GOOGL,2022-01-01,19.265,
GOOGL,2023-01-01,17.335,
GOOGL,2024-01-01,22.169999999999998,
GOOGL,2025-01-01,24.975,
META,2010-01-01,81.07,
META,2011-01-01,79.7975,
META,2012-01-01,6.385,
META,2013-01-01,5.035,
META,2014-01-01,12.265,
META,2015-01-01,7.657500000000001,
META,2016-01-01,13.870000000000001,
META,2017-01-01,20.0475,
META,2018-01-01,22.4975,
META,2019-01-01,16.9575,
META,2020-01-01,17.9975,
META,2021-01-01,23.585,
META,2022-01-01,18.16,
META,2023-01-01,14.3825,
META,2024-01-01,23.1925,
META,2025-01-01,25.695,
AVGO,2010-01-01,9.99,
AVGO,2011-01-01,25.689999999999998,
AVGO,2012-01-01,22.4325,
AVGO,2013-01-01,18.68,
AVGO,2014-01-01,11.057500000000001,
AVGO,2015-01-01,8.7875,
AVGO,2016-01-01,1.5275000000000003,
AVGO,2017-01-01,0.03499999999999992,
AVGO,2018-01-01,20.0925,
AVGO,2019-01-01,6.3825,
AVGO,2020-01-01,3.2125,
AVGO,2021-01-01,6.67,
AVGO,2022-01-01,12.665,
AVGO,2023-01-01,18.705000000000002,
AVGO,2024-01-01,6.7325,
AVGO,2025-01-01,6.885,
TSLA,2010-01-01,-89.73333333333333,
TSLA,2011-01-01,-44.900000000000006,
TSLA,2012-01-01,-46.2,
TSLA,2013-01-01,-15.477500000000001,
TSLA,2014-01-01,-4.9875,
TSLA,2015-01-01,-9.7125,
TSLA,2016-01-01,-9.605,
TSLA,2017-01-01,-5.0825,
TSLA,2018-01-01,-7.0,
TSLA,2019-01-01,-2.7525,
TSLA,2020-01-01,0.905,
TSLA,2021-01-01,5.645,
TSLA,2022-01-01,15.670000000000002,
TSLA,2023-01-01,14.4575,
TSLA,2024-01-01,10.879999999999999,
TSLA,2025-01-01,4.915,
TSM,2010-01-01,22.6575,
TSM,2011-01-01,20.5525,
TSM,2012-01-01,18.06,
TSM,2013-01-01,17.4275,
TSM,2014-01-01,16.5675,
TSM,2015-01-01,19.240000000000002,
TSM,2016-01-01,17.6625,
TSM,2017-01-01,18.2675,
TSM,2018-01-01,17.875,
TSM,2019-01-01,15.76,
TSM,2020-01-01,20.2725,
TSM,2021-01-01,19.5325,
TSM,2022-01-01,20.2225,
TSM,2023-01-01,17.775,
TSM,2024-01-01,17.25,
TSM,2025-01-01,20.225,
BRK.B,2010-01-01,3.755,
BRK.B,2011-01-01,2.995,
BRK.B,2012-01-01,3.19,
BRK.B,2013-01-01,4.1275,
BRK.B,2014-01-01,4.1175,
BRK.B,2015-01-01,3.9975,
BRK.B,2016-01-01,4.220000000000001,
BRK.B,2017-01-01,4.1450000000000005,
BRK.B,2018-01-01,5.455,
BRK.B,2019-01-01,5.43,
BRK.B,2020-01-01,3.455,
BRK.B,2021-01-01,10.945,
BRK.B,2022-01-01,1.9125,
BRK.B,2023-01-01,6.665,
BRK.B,2024-01-01,7.755,
BRK.B,2025-01-01,6.255000000000001,
WMT,2010-01-01,8.5275,
WMT,2011-01-01,8.962499999999999,
WMT,2012-01-01,8.27,
WMT,2013-01-01,8.445,
WMT,2014-01-01,7.76,
WMT,2015-01-01,7.7575,
WMT,2016-01-01,7.265,
WMT,2017-01-01,6.3825,
WMT,2018-01-01,3.545,
WMT,2019-01-01,4.68,
WMT,2020-01-01,7.1175,
WMT,2021-01-01,4.4925,
WMT,2022-01-01,5.0725,
WMT,2023-01-01,5.38,
WMT,2024-01-01,6.8325,
WMT,2025-01-01,7.380000000000001,
JPM,2010-01-01,0.65,
JPM,2011-01-01,0.8325,
JPM,2012-01-01,0.7775,
JPM,2013-01-01,0.815,
JPM,2014-01-01,0.715,
JPM,2015-01-01,0.8575,
JPM,2016-01-01,0.9125000000000001,
JPM,2017-01-01,0.9475,
JPM,2018-01-01,1.0625,
JPM,2019-01-01,1.2225,
JPM,2020-01-01,0.85,
JPM,2021-01-01,1.2625,
JPM,2022-01-01,0.975,
JPM,2023-01-01,1.2075,
JPM,2024-01-01,1.2974999999999999,
JPM,2025-01-01,1.3399999999999999,
ORCL,2010-01-01,10.665,
ORCL,2011-01-01,12.515,
ORCL,2012-01-01,13.425,
ORCL,2013-01-01,13.5125,
ORCL,2014-01-01,12.345,
ORCL,2015-01-01,9.67,
ORCL,2016-01-01,8.0175,
ORCL,2017-01-01,7.4575,
ORCL,2018-01-01,2.74,
ORCL,2019-01-01,9.594999999999999,
ORCL,2020-01-01,9.855,
ORCL,2021-01-01,10.75,
ORCL,2022-01-01,6.23,
ORCL,2023-01-01,6.9475,
ORCL,2024-01-01,7.88,
ORCL,2025-01-01,8.085,
V,2010-01-01,8.8325,
V,2011-01-01,10.395,
V,2012-01-01,6.904999999999999,
V,2013-01-01,12.397499999999999,
V,2014-01-01,14.83,
V,2015-01-01,15.3125,
V,2016-01-01,11.285,
V,2017-01-01,9.7675,
V,2018-01-01,14.6325,
V,2019-01-01,16.7775,
V,2020-01-01,15.2225,
V,2021-01-01,14.4725,
V,2022-01-01,17.5375,
V,2023-01-01,19.302500000000002,
V,2024-01-01,21.0325,
V,2025-01-01,21.435000000000002,
LLY,2010-01-01,16.655,
LLY,2011-01-01,14.765,
LLY,2012-01-01,12.5475,
LLY,2013-01-01,14.1875,
LLY,2014-01-01,8.8825,
LLY,2015-01-01,6.3075,
LLY,2016-01-01,6.8975,
LLY,2017-01-01,4.297499999999999,
LLY,2018-01-01,2.665,
LLY,2019-01-01,18.875,
LLY,2020-01-01,13.95,
LLY,2021-01-01,12.7375,
LLY,2022-01-01,12.622499999999999,
LLY,2023-01-01,10.6525,
LLY,2024-01-01,12.09,
LLY,2025-01-01,14.08,
MA,2010-01-01,22.6025,
MA,2011-01-01,23.4125,
MA,2012-01-01,20.64,
MA,2013-01-01,24.355,
MA,2014-01-01,23.692500000000003,
MA,2015-01-01,25.134999999999998,
MA,2016-01-01,24.1375,
MA,2017-01-01,22.560000000000002,
MA,2018-01-01,22.485,
MA,2019-01-01,28.3925,
MA,2020-01-01,23.845,
MA,2021-01-01,22.2075,
MA,2022-01-01,26.3725,
MA,2023-01-01,26.990000000000002,
MA,2024-01-01,28.7725,
MA,2025-01-01,28.045,
XOM,2010-01-01,9.967500000000001,
XOM,2011-01-01,12.2825,
XOM,2012-01-01,13.045,
XOM,2013-01-01,10.89,
XOM,2014-01-01,9.4725,
XOM,2015-01-01,6.3475,
XOM,2016-01-01,2.96,
XOM,2017-01-01,3.9775,
XOM,2018-01-01,6.1125,
XOM,2019-01-01,4.5975,
XOM,2020-01-01,-0.07499999999999996,
XOM,2021-01-01,-1.0875,
XOM,2022-01-01,12.105,
XOM,2023-01-01,12.912500000000001,
XOM,2024-01-01,8.285,
XOM,2025-01-01,7.05,
COST,2010-01-01,5.385,
COST,2011-01-01,5.5375,
COST,2012-01-01,5.9825,
COST,2013-01-01,6.885,
COST,2014-01-01,6.345,
COST,2015-01-01,6.91,
COST,2016-01-01,6.9725,
COST,2017-01-01,7.26,
COST,2018-01-01,7.905,
COST,2019-01-01,8.29,
COST,2020-01-01,7.8025,
COST,2021-01-01,8.3775,
COST,2022-01-01,9.095,
COST,2023-01-01,9.295,
COST,2024-01-01,10.434999999999999,
COST,2025-01-01,10.735,
PLTR,2020-01-01,-173.17,
PLTR,2021-01-01,-44.4175,
PLTR,2022-01-01,-15.025,
PLTR,2023-01-01,0.06000000000000005,
PLTR,2024-01-01,8.3175,
PLTR,2025-01-01,10.58,
JNJ,2010-01-01,14.29,
JNJ,2011-01-01,10.6025,
JNJ,2012-01-01,8.265,
JNJ,2013-01-01,10.175,
JNJ,2014-01-01,12.18,
JNJ,2015-01-01,11.835,
JNJ,2016-01-01,11.54,
JNJ,2017-01-01,8.61,
JNJ,2018-01-01,3.1325,
JNJ,2019-01-01,9.8,
JNJ,2020-01-01,10.055,
JNJ,2021-01-01,10.275,
JNJ,2022-01-01,10.5125,
JNJ,2023-01-01,13.0125,
JNJ,2024-01-01,15.1325,
JNJ,2025-01-01,12.030000000000001,
HD,2010-01-01,6.79,
HD,2011-01-01,8.407499999999999,
HD,2012-01-01,9.89,
HD,2013-01-01,11.595,
HD,2014-01-01,13.385,
HD,2015-01-01,15.765,
HD,2016-01-01,16.845,
HD,2017-01-01,18.6475,
HD,2018-01-01,20.9175,
HD,2019-01-01,23.485,
HD,2020-01-01,20.9925,
HD,2021-01-01,21.34,
HD,2022-01-01,22.71,
HD,2023-01-01,21.5325,
HD,2024-01-01,18.475,
HD,2025-01-01,15.535,
PG,2010-01-01,9.135,
PG,2011-01-01,8.157499999999999,
PG,2012-01-01,7.895,
PG,2013-01-01,8.2525,
PG,2014-01-01,7.365,
PG,2015-01-01,5.945,
PG,2016-01-01,8.7475,
PG,2017-01-01,11.325,
PG,2018-01-01,8.0975,
PG,2019-01-01,4.8275,
PG,2020-01-01,9.4625,
PG,2021-01-01,11.7625,
PG,2022-01-01,11.9775,
PG,2023-01-01,12.1125,
PG,2024-01-01,12.0375,
PG,2025-01-01,12.455,
ABBV,2011-01-01,70.34,
ABBV,2012-01-01,27.5475,
ABBV,2013-01-01,18.372500000000002,
ABBV,2014-01-01,12.03,
ABBV,2015-01-01,7.6125,
ABBV,2016-01-01,9.9175,
ABBV,2017-01-01,9.3025,
ABBV,2018-01-01,9.735,
ABBV,2019-01-01,8.32,
ABBV,2020-01-01,7.0225,
ABBV,2021-01-01,5.175,
ABBV,2022-01-01,8.715,
ABBV,2023-01-01,4.995,
ABBV,2024-01-01,3.6475,
ABBV,2025-01-01,2.845,
SAP,2010-01-01,14.2275,
SAP,2011-01-01,12.0275,
SAP,2012-01-01,13.247499999999999,
SAP,2013-01-01,11.535,
SAP,2014-01-01,11.53,
SAP,2015-01-01,8.1225,
SAP,2016-01-01,8.16,
SAP,2017-01-01,8.32,
SAP,2018-01-01,9.645,
SAP,2019-01-01,5.9375,
SAP,2020-01-01,7.8125,
SAP,2021-01-01,8.7825,
SAP,2022-01-01,5.0,
SAP,2023-01-01,6.6,
SAP,2024-01-01,4.547499999999999,
SAP,2025-01-01,8.475,
BAC,2010-01-01,-0.16,
BAC,2011-01-01,-0.2675,
BAC,2012-01-01,0.18,
BAC,2013-01-01,0.3,
BAC,2014-01-01,0.2825,
BAC,2015-01-01,0.5575,
BAC,2016-01-01,0.6875,
BAC,2017-01-01,0.8,
BAC,2018-01-01,0.94,
BAC,2019-01-01,1.1275,
BAC,2020-01-01,0.735,
BAC,2021-01-01,0.9025,
BAC,2022-01-01,0.86,
BAC,2023-01-01,0.8725,
BAC,2024-01-01,0.7225,
BAC,2025-01-01,0.8,
CVX,2010-01-01,9.7025,
CVX,2011-01-01,12.64,
CVX,2012-01-01,12.102500000000001,
CVX,2013-01-01,10.0275,
CVX,2014-01-01,7.7524999999999995,
CVX,2015-01-01,4.0075,
CVX,2016-01-01,-0.13749999999999998,
CVX,2017-01-01,2.3775,
CVX,2018-01-01,5.01,
CVX,2019-01-01,4.3775,
CVX,2020-01-01,-2.3675,
CVX,2021-01-01,2.1875,
CVX,2022-01-01,11.9125,
CVX,2023-01-01,10.955,
CVX,2024-01-01,7.04,
CVX,2025-01-01,6.06,
KO,2010-01-01,16.7275,
KO,2011-01-01,15.9975,
KO,2012-01-01,10.5825,
KO,2013-01-01,9.842500000000001,
KO,2014-01-01,8.6775,
KO,2015-01-01,7.765000000000001,
KO,2016-01-01,7.7775,
KO,2017-01-01,4.45,
KO,2018-01-01,3.66,
KO,2019-01-01,8.71,
KO,2020-01-01,9.6475,
KO,2021-01-01,9.305,
KO,2022-01-01,10.58,
KO,2023-01-01,10.9125,
KO,2024-01-01,10.615,
KO,2025-01-01,11.165,
GE,2010-01-01,1.3425,
GE,2011-01-01,1.8025,
GE,2012-01-01,1.8325,
GE,2013-01-01,2.0475,
GE,2014-01-01,2.0625,
GE,2015-01-01,-0.8625,
GE,2016-01-01,1.9875,
GE,2017-01-01,0.46499999999999997,
GE,2018-01-01,-5.6,
GE,2019-01-01,-3.83,
GE,2020-01-01,0.09749999999999998,
GE,2021-01-01,-1.415,
GE,2022-01-01,-1.8925,
GE,2023-01-01,5.3975,
GE,2024-01-01,3.5524999999999998,
GE,2025-01-01,5.925,
AMD,2010-01-01,15.315,
AMD,2011-01-01,15.247499999999999,
AMD,2012-01-01,-16.9875,
AMD,2013-01-01,-13.982500000000002,
AMD,2014-01-01,-1.4225000000000003,
AMD,2015-01-01,-20.03,
AMD,2016-01-01,-15.315000000000001,
AMD,2017-01-01,-7.7575,
AMD,2018-01-01,5.944999999999999,
AMD,2019-01-01,5.1775,
AMD,2020-01-01,16.9625,
AMD,2021-01-01,35.0475,
AMD,2022-01-01,6.8825,
AMD,2023-01-01,0.5275,
AMD,2024-01-01,2.175,
AMD,2025-01-01,3.585,
CSCO,2010-01-01,9.5875,
CSCO,2011-01-01,8.335,
CSCO,2012-01-01,8.6125,
CSCO,2013-01-01,10.129999999999999,
CSCO,2014-01-01,7.827500000000001,
CSCO,2015-01-01,8.4925,
CSCO,2016-01-01,9.1,
CSCO,2017-01-01,7.775,
CSCO,2018-01-01,-0.23249999999999998,
CSCO,2019-01-01,11.885,
CSCO,2020-01-01,11.675,
CSCO,2021-01-01,11.1275,
CSCO,2022-01-01,12.46,
CSCO,2023-01-01,12.7175,
CSCO,2024-01-01,10.515,
CSCO,2025-01-01,7.74,
ASML,2010-01-01,11.0875,
ASML,2011-01-01,21.5975,
ASML,2012-01-01,14.932500000000001,
ASML,2013-01-01,9.9825,
ASML,2014-01-01,10.2025,
ASML,2015-01-01,10.4575,
ASML,2016-01-01,9.2575,
ASML,2017-01-01,11.4175,
ASML,2018-01-01,12.905,
ASML,2019-01-01,11.76,
ASML,2020-01-01,13.317499999999999,
ASML,2021-01-01,18.965,
ASML,2022-01-01,17.91,
ASML,2023-01-01,20.795,
ASML,2024-01-01,17.6425,
ASML,2025-01-01,20.205,
TMUS,2010-01-01,2.5675,
TMUS,2011-01-01,2.8425000000000002,
TMUS,2012-01-01,-29.330000000000002,
TMUS,2013-01-01,-18.509999999999998,
TMUS,2014-01-01,0.15000000000000002,
TMUS,2015-01-01,0.7749999999999999,
TMUS,2016-01-01,2.0075,
TMUS,2017-01-01,3.8075,
TMUS,2018-01-01,6.0475,
TMUS,2019-01-01,4.16,
TMUS,2020-01-01,2.63,
TMUS,2021-01-01,1.665,
TMUS,2022-01-01,1.0375,
TMUS,2023-01-01,3.0975,
TMUS,2024-01-01,4.7925,
TMUS,2025-01-01,5.720000000000001,
BABA,2014-01-01,19.09,
BABA,2015-01-01,17.8325,
BABA,2016-01-01,12.58,
BABA,2017-01-01,10.5425,
BABA,2018-01-01,9.0425,
BABA,2019-01-01,12.8375,
BABA,2020-01-01,11.66,
BABA,2021-01-01,7.779999999999999,
BABA,2022-01-01,2.315,
BABA,2023-01-01,5.4625,
BABA,2024-01-01,4.9775,
BABA,2025-01-01,7.14,
PM,2010-01-01,20.2475,
PM,2011-01-01,22.485,
PM,2012-01-01,23.86,
PM,2013-01-01,23.0075,
PM,2014-01-01,21.615000000000002,
PM,2015-01-01,21.285,
PM,2016-01-01,19.2975,
PM,2017-01-01,17.935000000000002,
PM,2018-01-01,16.252499999999998,
PM,2019-01-01,18.9525,
PM,2020-01-01,19.075,
PM,2021-01-01,21.625,
PM,2022-01-01,21.0675,
PM,2023-01-01,14.08,
PM,2024-01-01,12.9275,
PM,2025-01-01,12.094999999999999,
WFC,2010-01-01,0.7424999999999999,
WFC,2011-01-01,1.1099999999999999,
WFC,2012-01-01,1.25,
WFC,2013-01-01,1.395,
WFC,2014-01-01,1.395,
WFC,2015-01-01,1.2650000000000001,
WFC,2016-01-01,1.13,
WFC,2017-01-01,1.0525,
WFC,2018-01-01,1.0575,
WFC,2019-01-01,1.0925,
WFC,2020-01-01,0.2375,
WFC,2021-01-01,0.7775,
WFC,2022-01-01,0.85,
WFC,2023-01-01,0.8624999999999999,
WFC,2024-01-01,0.9175,
WFC,2025-01-01,0.99,
TM,2010-01-01,1.4475,
TM,2011-01-01,0.8975,
TM,2012-01-01,1.9549999999999998,
TM,2013-01-01,3.5,
TM,2014-01-01,4.6,
TM,2015-01-01,4.6725,
TM,2016-01-01,4.5075,
TM,2017-01-01,4.1425,
TM,2018-01-01,4.7375,
TM,2019-01-01,3.92,
TM,2020-01-01,3.0575,
TM,2021-01-01,4.7250000000000005,
TM,2022-01-01,3.855,
TM,2023-01-01,4.5,
TM,2024-01-01,5.68,
IBM,2010-01-01,13.425,
IBM,2011-01-01,13.865,
IBM,2012-01-01,14.1975,
IBM,2013-01-01,13.855,
IBM,2014-01-01,11.7675,
IBM,2015-01-01,11.105,
IBM,2016-01-01,10.5525,
IBM,2017-01-01,8.46,
IBM,2018-01-01,5.2475000000000005,
IBM,2019-01-01,6.365,
IBM,2020-01-01,4.9625,
IBM,2021-01-01,3.56,
IBM,2022-01-01,2.595,
IBM,2023-01-01,3.4875,
IBM,2024-01-01,5.4,
IBM,2025-01-01,4.045,
CRM,2010-01-01,3.615,
CRM,2011-01-01,1.2675,
CRM,2012-01-01,-1.96,
CRM,2013-01-01,-4.3725000000000005,
CRM,2014-01-01,-3.5100000000000002,
CRM,2015-01-01,-1.56,
CRM,2016-01-01,0.6725,
CRM,2017-01-01,1.5025,
CRM,2018-01-01,3.43,
CRM,2019-01-01,3.3075,
CRM,2020-01-01,2.6525,
CRM,2021-01-01,4.9175,
CRM,2022-01-01,0.925,
CRM,2023-01-01,1.265,
CRM,2024-01-01,5.5875,
CRM,2025-01-01,6.460000000000001,
ABT,2010-01-01,9.39,
ABT,2011-01-01,7.865,
ABT,2012-01-01,9.067499999999999,
ABT,2013-01-01,7.1325,
ABT,2014-01-01,5.3475,
ABT,2015-01-01,10.42,
ABT,2016-01-01,4.54,
ABT,2017-01-01,2.1925,
ABT,2018-01-01,1.6475,
ABT,2019-01-01,4.5725,
ABT,2020-01-01,5.3225,
ABT,2021-01-01,9.115,
ABT,2022-01-01,10.495000000000001,
ABT,2023-01-01,7.4325,
ABT,2024-01-01,10.26,
ABT,2025-01-01,17.41,
AZN,2010-01-01,15.1325,
AZN,2011-01-01,16.7825,
AZN,2012-01-01,14.1025,
AZN,2013-01-01,8.2925,
AZN,2014-01-01,2.7824999999999998,
AZN,2015-01-01,3.1225,
AZN,2016-01-01,4.5175,
AZN,2017-01-01,5.470000000000001,
AZN,2018-01-01,3.9975,
AZN,2019-01-01,3.275,
AZN,2020-01-01,3.8600000000000003,
AZN,2021-01-01,3.4574999999999996,
AZN,2022-01-01,0.7825,
AZN,2023-01-01,5.885,
AZN,2024-01-01,6.46,
AZN,2025-01-01,7.585,
MS,2010-01-01,0.37,
MS,2011-01-01,0.26749999999999996,
MS,2012-01-01,0.08499999999999999,
MS,2013-01-01,0.2525,
MS,2014-01-01,0.4675,
MS,2015-01-01,0.51,
MS,2016-01-01,0.5775,
MS,2017-01-01,0.75,
MS,2018-01-01,0.8375,
MS,2019-01-01,0.91,
MS,2020-01-01,0.9575,
MS,2021-01-01,1.2275,
MS,2022-01-01,1.0475,
MS,2023-01-01,0.7875,
MS,2024-01-01,0.87,
MS,2025-01-01,1.1,
NVS,2010-01-01,9.76,
NVS,2011-01-01,7.8675,
NVS,2012-01-01,7.145,
NVS,2013-01-01,7.57,
NVS,2014-01-01,8.0725,
NVS,2015-01-01,14.49,
NVS,2016-01-01,5.109999999999999,
NVS,2017-01-01,5.145,
NVS,2018-01-01,8.685,
NVS,2019-01-01,8.9575,
NVS,2020-01-01,7.095000000000001,
NVS,2021-01-01,10.165000000000001,
NVS,2022-01-01,15.21,
NVS,2023-01-01,8.2925,
NVS,2024-01-01,15.1025,
NVS,2025-01-01,13.04,
UNH,2010-01-01,7.3075,
UNH,2011-01-01,7.577500000000001,
UNH,2012-01-01,7.5024999999999995,
UNH,2013-01-01,6.8325,
UNH,2014-01-01,6.6125,
UNH,2015-01-01,6.515,
UNH,2016-01-01,5.5925,
UNH,2017-01-01,6.5649999999999995,
UNH,2018-01-01,8.015,
UNH,2019-01-01,8.1775,
UNH,2020-01-01,8.5425,
UNH,2021-01-01,7.875,
UNH,2022-01-01,8.4025,
UNH,2023-01-01,8.0575,
UNH,2024-01-01,5.109999999999999,
UNH,2025-01-01,7.21,
LIN,2010-01-01,9.01,
LIN,2011-01-01,9.0225,
LIN,2012-01-01,10.1,
LIN,2013-01-01,8.9375,
LIN,2014-01-01,8.8375,
LIN,2015-01-01,7.92,
LIN,2016-01-01,7.9625,
LIN,2017-01-01,7.4925,
LIN,2018-01-01,7.9625,
LIN,2019-01-01,5.49,
LIN,2020-01-01,2.725,
LIN,2021-01-01,3.9825,
LIN,2022-01-01,4.8275,
LIN,2023-01-01,7.0975,
LIN,2024-01-01,7.99,
LIN,2025-01-01,8.11,
MCD,2010-01-01,16.1125,
MCD,2011-01-01,16.57,
MCD,2012-01-01,16.5,
MCD,2013-01-01,15.975,
MCD,2014-01-01,14.365,
MCD,2015-01-01,12.73,
MCD,2016-01-01,13.9125,
MCD,2017-01-01,16.0425,
MCD,2018-01-01,16.455,
MCD,2019-01-01,14.385,
MCD,2020-01-01,10.315,
MCD,2021-01-01,12.9625,
MCD,2022-01-01,12.3625,
MCD,2023-01-01,15.49,
MCD,2024-01-01,15.42,
MCD,2025-01-01,17.38,
HSBC,2010-01-01,1.05,
HSBC,2011-01-01,0.7050000000000001,
HSBC,2012-01-01,0.535,
HSBC,2013-01-01,0.6174999999999999,
HSBC,2014-01-01,0.5475,
HSBC,2015-01-01,0.6950000000000001,
HSBC,2016-01-01,0.27999999999999997,
HSBC,2017-01-01,0.03,
HSBC,2018-01-01,0.345,
HSBC,2019-01-01,0.535,
HSBC,2020-01-01,0.415,
HSBC,2021-01-01,0.355,
HSBC,2022-01-01,0.4,
HSBC,2023-01-01,0.655,
HSBC,2024-01-01,0.835,
NVO,2010-01-01,23.2775,
NVO,2011-01-01,26.9725,
NVO,2012-01-01,30.75,
NVO,2013-01-01,37.41,
NVO,2014-01-01,38.79,
NVO,2015-01-01,40.46,
NVO,2016-01-01,41.6475,
NVO,2017-01-01,40.307500000000005,
NVO,2018-01-01,38.8525,
NVO,2019-01-01,32.97,
NVO,2020-01-01,31.79,
NVO,2021-01-01,30.1,
NVO,2022-01-01,25.415,
NVO,2023-01-01,27.27,
NVO,2024-01-01,27.9,
NVO,2025-01-01,24.22,
INTU,2010-01-01,10.940000000000001,
INTU,2011-01-01,11.9175,
INTU,2012-01-01,15.467500000000001,
INTU,2013-01-01,16.7925,
INTU,2014-01-01,17.085,
INTU,2015-01-01,9.305,
INTU,2016-01-01,19.71,
INTU,2017-01-01,22.189999999999998,
INTU,2018-01-01,27.305,
INTU,2019-01-01,26.505,
INTU,2020-01-01,22.6025,
INTU,2021-01-01,15.3875,
INTU,2022-01-01,9.7675,
INTU,2023-01-01,8.225,
INTU,2024-01-01,9.765,
INTU,2025-01-01,9.915,
SHEL,2010-01-01,5.425,
SHEL,2011-01-01,8.445,
SHEL,2012-01-01,7.89,
SHEL,2013-01-01,6.2075,
SHEL,2014-01-01,4.145,
SHEL,2015-01-01,2.2475,
SHEL,2016-01-01,0.07,
SHEL,2017-01-01,2.3850000000000002,
SHEL,2018-01-01,4.9025,
SHEL,2019-01-01,4.9425,
SHEL,2020-01-01,-2.6025,
SHEL,2021-01-01,0.8625,
SHEL,2022-01-01,8.405,
SHEL,2023-01-01,7.065,
SHEL,2024-01-01,4.235,
SHEL,2025-01-01,3.45,
RTX,2010-01-01,7.2025,
RTX,2011-01-01,7.8675,
RTX,2012-01-01,6.5275,
RTX,2013-01-01,6.8825,
RTX,2014-01-01,6.555,
RTX,2015-01-01,7.1425,
RTX,2016-01-01,7.522500000000001,
RTX,2017-01-01,5.515,
RTX,2018-01-01,4.82,
RTX,2019-01-01,3.9975,
RTX,2020-01-01,-0.5225,
RTX,2021-01-01,1.0474999999999999,
RTX,2022-01-01,2.875,
RTX,2023-01-01,2.7225,
RTX,2024-01-01,2.35,
RTX,2025-01-01,3.27,
GS,2010-01-01,1.2325,
GS,2011-01-01,0.475,
GS,2012-01-01,0.53,
GS,2013-01-01,0.8425,
GS,2014-01-01,0.875,
GS,2015-01-01,0.8475,
GS,2016-01-01,0.61,
GS,2017-01-01,0.7775000000000001,
GS,2018-01-01,0.6475,
GS,2019-01-01,0.915,
GS,2020-01-01,0.6275,
GS,2021-01-01,1.4875,
GS,2022-01-01,0.9575,
GS,2023-01-01,0.54,
GS,2024-01-01,0.665,
GS,2025-01-01,0.84,
BX,2010-01-01,-4.2825,
BX,2011-01-01,-0.575,
BX,2012-01-01,-0.20249999999999999,
BX,2013-01-01,2.455,
BX,2014-01-01,5.11,
BX,2015-01-01,4.512499999999999,
BX,2016-01-01,2.625,
BX,2017-01-01,5.1425,
BX,2018-01-01,5.3825,
BX,2019-01-01,5.3025,
BX,2020-01-01,2.705,
BX,2021-01-01,15.6875,
BX,2022-01-01,8.4075,
BX,2023-01-01,3.0475,
BX,2024-01-01,5.58,
BX,2025-01-01,6.2,
AXP,2010-01-01,2.6025,
AXP,2011-01-01,3.1625,
AXP,2012-01-01,3.195,
AXP,2013-01-01,3.0925000000000002,
AXP,2014-01-01,3.7075,
AXP,2015-01-01,3.5949999999999998,
AXP,2016-01-01,3.3275,
AXP,2017-01-01,2.5875,
AXP,2018-01-01,2.3025,
AXP,2019-01-01,3.5025,
AXP,2020-01-01,2.0525,
AXP,2021-01-01,3.6225,
AXP,2022-01-01,3.8075,
AXP,2023-01-01,3.2525,
AXP,2024-01-01,3.62,
AXP,2025-01-01,3.64,
DIS,2010-01-01,5.9075,
DIS,2011-01-01,6.61,
DIS,2012-01-01,7.3575,
DIS,2013-01-01,7.7125,
DIS,2014-01-01,8.9475,
DIS,2015-01-01,9.7525,
DIS,2016-01-01,10.1775,
DIS,2017-01-01,10.27,
DIS,2018-01-01,12.0425,
DIS,2019-01-01,7.422499999999999,
DIS,2020-01-01,-0.4275,
DIS,2021-01-01,0.2124999999999999,
DIS,2022-01-01,1.51,
DIS,2023-01-01,1.4375,
DIS,2024-01-01,2.1599999999999997,
DIS,2025-01-01,5.205,
MRK,2010-01-01,8.5125,
MRK,2011-01-01,3.525,
MRK,2012-01-01,6.2875000000000005,
MRK,2013-01-01,4.7275,
MRK,2014-01-01,6.6375,
MRK,2015-01-01,8.8475,
MRK,2016-01-01,4.83,
MRK,2017-01-01,3.8575,
MRK,2018-01-01,3.63,
MRK,2019-01-01,11.057500000000001,
MRK,2020-01-01,11.34,
MRK,2021-01-01,8.8625,
MRK,2022-01-01,14.545,
MRK,2023-01-01,4.91,
MRK,2024-01-01,10.2475,
MRK,2025-01-01,14.559999999999999,
T,2010-01-01,6.07,
T,2011-01-01,5.27,
T,2012-01-01,1.8775,
T,2013-01-01,3.7275,
T,2014-01-01,5.327500000000001,
T,2015-01-01,2.3049999999999997,
T,2016-01-01,3.495,
T,2017-01-01,4.06,
T,2018-01-01,6.1075,
T,2019-01-01,3.065,
T,2020-01-01,1.45,
T,2021-01-01,0.7374999999999999,
T,2022-01-01,2.235,
T,2023-01-01,-0.945,
T,2024-01-01,2.835,
T,2025-01-01,3.075,
PEP,2010-01-01,11.5425,
PEP,2011-01-01,8.785,
PEP,2012-01-01,8.3025,
PEP,2013-01-01,8.665,
PEP,2014-01-01,8.73,
PEP,2015-01-01,8.11,
PEP,2016-01-01,8.175,
PEP,2017-01-01,8.4225,
PEP,2018-01-01,8.5725,
PEP,2019-01-01,14.8025,
PEP,2020-01-01,8.3825,
PEP,2021-01-01,8.5425,
PEP,2022-01-01,10.22,
PEP,2023-01-01,8.3725,
PEP,2024-01-01,9.43,
PEP,2025-01-01,8.379999999999999,
SHOP,2014-01-01,-92.63,
SHOP,2015-01-01,-19.9425,
SHOP,2016-01-01,-10.245000000000001,
SHOP,2017-01-01,-6.6175,
SHOP,2018-01-01,-3.575,
SHOP,2019-01-01,-4.07,
SHOP,2020-01-01,0.8674999999999999,
SHOP,2021-01-01,25.2175,
SHOP,2022-01-01,-18.0575,
SHOP,2023-01-01,-11.5725,
SHOP,2024-01-01,9.532499999999999,
SHOP,2025-01-01,12.63,
CAT,2010-01-01,3.1025,
CAT,2011-01-01,6.1674999999999995,
CAT,2012-01-01,6.9775,
CAT,2013-01-01,4.6575,
CAT,2014-01-01,4.1075,
CAT,2015-01-01,3.015,
CAT,2016-01-01,1.1975,
CAT,2017-01-01,0.515,
CAT,2018-01-01,4.8925,
CAT,2019-01-01,7.8775,
CAT,2020-01-01,5.095,
CAT,2021-01-01,6.075,
CAT,2022-01-01,8.3575,
CAT,2023-01-01,10.395,
CAT,2024-01-01,12.7975,
CAT,2025-01-01,11.21,
UBER,2018-01-01,-31.27,
UBER,2019-01-01,-32.565,
UBER,2020-01-01,-25.442500000000003,
UBER,2021-01-01,-5.925,
UBER,2022-01-01,-25.39,
UBER,2023-01-01,-0.8250000000000002,
UBER,2024-01-01,10.3575,
UBER,2025-01-01,24.939999999999998,
RY,2010-01-01,0.79,
RY,2011-01-01,0.72,
RY,2012-01-01,0.77,
RY,2013-01-01,0.9475,
RY,2014-01-01,0.95,
RY,2015-01-01,0.92,
RY,2016-01-01,0.8725,
RY,2017-01-01,0.92,
RY,2018-01-01,0.9325,
RY,2019-01-01,0.92,
RY,2020-01-01,0.7825,
RY,2021-01-01,0.855,
RY,2022-01-01,0.8975,
RY,2023-01-01,0.7475,
RY,2024-01-01,0.77,
RY,2025-01-01,0.82,
NOW,2011-01-01,0.0,
NOW,2012-01-01,-22.84,
NOW,2013-01-01,-11.22,
NOW,2014-01-01,-12.6675,
NOW,2015-01-01,-13.4825,
NOW,2016-01-01,-25.275,
NOW,2017-01-01,-4.484999999999999,
NOW,2018-01-01,-1.7650000000000001,
NOW,2019-01-01,3.12,
NOW,2020-01-01,9.2975,
NOW,2021-01-01,2.19,
NOW,2022-01-01,2.1425,
NOW,2023-01-01,9.1275,
NOW,2024-01-01,8.425,
NOW,2025-01-01,8.004999999999999,
VZ,2010-01-01,0.86,
VZ,2011-01-01,2.1550000000000002,
VZ,2012-01-01,1.0425,
VZ,2013-01-01,1.68,
VZ,2014-01-01,5.755,
VZ,2015-01-01,5.0725,
VZ,2016-01-01,6.1775,
VZ,2017-01-01,7.465,
VZ,2018-01-01,10.545,
VZ,2019-01-01,6.055,
VZ,2020-01-01,6.275,
VZ,2021-01-01,6.21,
VZ,2022-01-01,5.65,
VZ,2023-01-01,4.9625,
VZ,2024-01-01,3.2725,
VZ,2025-01-01,4.71,
BKNG,2010-01-01,24.1275,
BKNG,2011-01-01,25.927500000000002,
BKNG,2012-01-01,26.335,
BKNG,2013-01-01,21.595,
BKNG,2014-01-01,19.1575,
BKNG,2015-01-01,15.4425,
BKNG,2016-01-01,12.7625,
BKNG,2017-01-01,11.817499999999999,
BKNG,2018-01-01,12.105,
BKNG,2019-01-01,19.5025,
BKNG,2020-01-01,9.0225,
BKNG,2021-01-01,2.8899999999999997,
BKNG,2022-01-01,8.0825,
BKNG,2023-01-01,18.009999999999998,
BKNG,2024-01-01,19.23,
BKNG,2025-01-01,18.240000000000002,
GEV,2023-01-01,-3.8,
GEV,2024-01-01,2.005,
GEV,2025-01-01,3.0300000000000002,
HDB,2010-01-01,1.4675,
HDB,2011-01-01,1.5525,
HDB,2012-01-01,1.63,
HDB,2013-01-01,1.7525,
HDB,2014-01-01,1.815,
HDB,2020-01-01,0.96,
HDB,2021-01-01,2.6,
HDB,2022-01-01,1.6625,
HDB,2023-01-01,2.035,
HDB,2024-01-01,1.6425,
HDB,2025-01-01,1.525,
ANET,2013-01-01,30.68,
ANET,2014-01-01,12.43,
ANET,2015-01-01,11.3475,
ANET,2016-01-01,12.342500000000001,
ANET,2017-01-01,16.947499999999998,
ANET,2018-01-01,12.6625,
ANET,2019-01-01,20.5475,
ANET,2020-01-01,17.6075,
ANET,2021-01-01,15.280000000000001,
ANET,2022-01-01,18.9425,
ANET,2023-01-01,23.747500000000002,
ANET,2024-01-01,23.775,
ANET,2025-01-01,22.645,
SCHW,2010-01-01,0.68,
SCHW,2011-01-01,0.815,
SCHW,2012-01-01,0.7625,
SCHW,2013-01-01,0.69,
SCHW,2014-01-01,0.8375,
SCHW,2015-01-01,0.8075000000000001,
SCHW,2016-01-01,0.8374999999999999,
SCHW,2017-01-01,0.9199999999999999,
SCHW,2018-01-01,1.1275,
SCHW,2019-01-01,1.2625,
SCHW,2020-01-01,0.8675,
SCHW,2021-01-01,0.825,
SCHW,2022-01-01,0.9450000000000001,
SCHW,2023-01-01,1.0925,
SCHW,2024-01-01,1.0025,
SCHW,2025-01-01,1.615,
BLK,2010-01-01,1.1275,
BLK,2011-01-01,1.315,
BLK,2012-01-01,1.2775,
BLK,2013-01-01,1.3675,
BLK,2014-01-01,1.4525,
BLK,2015-01-01,1.4249999999999998,
BLK,2016-01-01,1.4124999999999999,
BLK,2017-01-01,1.7125,
BLK,2018-01-01,2.505,
BLK,2019-01-01,2.5549999999999997,
BLK,2020-01-01,2.8425000000000002,
BLK,2021-01-01,3.2925,
BLK,2022-01-01,4.0075,
BLK,2023-01-01,4.3625,
BLK,2024-01-01,4.869999999999999,
BLK,2025-01-01,5.4399999999999995,
BA,2010-01-01,3.52,
BA,2011-01-01,5.235,
BA,2012-01-01,5.2875,
BA,2013-01-01,4.79,
BA,2014-01-01,5.422499999999999,
BA,2015-01-01,5.7025,
BA,2016-01-01,4.8825,
BA,2017-01-01,7.6825,
BA,2018-01-01,9.1325,
BA,2019-01-01,3.8575,
BA,2020-01-01,-3.795,
BA,2021-01-01,-5.4575,
BA,2022-01-01,-4.2525,
BA,2023-01-01,-2.5075,
BA,2024-01-01,-4.5475,
BA,2025-01-01,-7.535,
TMO,2010-01-01,4.59,
TMO,2011-01-01,5.395,
TMO,2012-01-01,4.387499999999999,
TMO,2013-01-01,4.5825,
TMO,2014-01-01,4.16,
TMO,2015-01-01,4.547499999999999,
TMO,2016-01-01,4.665,
TMO,2017-01-01,4.6825,
TMO,2018-01-01,4.5725,
TMO,2019-01-01,6.205,
TMO,2020-01-01,7.6825,
TMO,2021-01-01,11.9175,
TMO,2022-01-01,8.2,
TMO,2023-01-01,6.2475000000000005,
TMO,2024-01-01,6.315,
TMO,2025-01-01,6.605,
SPGI,2010-01-01,12.5325,
SPGI,2011-01-01,12.6075,
SPGI,2012-01-01,11.325,
SPGI,2013-01-01,17.185,
SPGI,2014-01-01,10.7975,
SPGI,2015-01-01,4.154999999999999,
SPGI,2016-01-01,18.9725,
SPGI,2017-01-01,22.2025,
SPGI,2018-01-01,19.0625,
SPGI,2019-01-01,20.4775,
SPGI,2020-01-01,22.1875,
SPGI,2021-01-01,20.785,
SPGI,2022-01-01,8.49,
SPGI,2023-01-01,4.165,
SPGI,2024-01-01,5.5925,
SPGI,2025-01-01,6.605,
TXN,2010-01-01,21.905,
TXN,2011-01-01,19.0775,
TXN,2012-01-01,8.6,
TXN,2013-01-01,9.99,
TXN,2014-01-01,13.185,
TXN,2015-01-01,17.155,
TXN,2016-01-01,20.4575,
TXN,2017-01-01,24.4775,
TXN,2018-01-01,26.2,
TXN,2019-01-01,29.3675,
TXN,2020-01-01,28.77,
TXN,2021-01-01,34.3775,
TXN,2022-01-01,34.7,
TXN,2023-01-01,25.565,
TXN,2024-01-01,15.4575,
TXN,2025-01-01,14.135000000000002,
ISRG,2010-01-01,16.5425,
ISRG,2011-01-01,17.4675,
ISRG,2012-01-01,18.065,
ISRG,2013-01-01,17.2075,
ISRG,2014-01-01,12.0075,
ISRG,2015-01-01,12.692499999999999,
ISRG,2016-01-01,12.907499999999999,
ISRG,2017-01-01,14.200000000000001,
ISRG,2018-01-01,13.665,
ISRG,2019-01-01,15.3575,
ISRG,2020-01-01,11.7975,
ISRG,2021-01-01,13.165000000000001,
ISRG,2022-01-01,10.8125,
ISRG,2023-01-01,11.0775,
ISRG,2024-01-01,13.445,
ISRG,2025-01-01,13.715,
C,2010-01-01,0.31,
C,2011-01-01,0.5325,
C,2012-01-01,0.47250000000000003,
C,2013-01-01,0.5775,
C,2014-01-01,0.51,
C,2015-01-01,0.67,
C,2016-01-01,0.7775,
C,2017-01-01,0.48750000000000004,
C,2018-01-01,-0.052500000000000005,
C,2019-01-01,0.875,
C,2020-01-01,0.585,
C,2021-01-01,0.8475,
C,2022-01-01,0.635,
C,2023-01-01,0.48750000000000004,
C,2024-01-01,0.33,
C,2025-01-01,0.515,
MUFG,2010-01-01,0.3025,
MUFG,2011-01-01,0.3975,
MUFG,2012-01-01,0.3375,
MUFG,2013-01-01,0.39,
MUFG,2014-01-01,0.45,
MUFG,2015-01-01,0.44,
MUFG,2016-01-01,0.36,
MUFG,2017-01-01,0.35,
MUFG,2018-01-01,0.36,
MUFG,2019-01-01,0.39,
MUFG,2020-01-01,0.37,
MUFG,2021-01-01,0.39,
MUFG,2022-01-01,0.31,
MUFG,2023-01-01,0.33,
MUFG,2024-01-01,0.41,
MUFG,2025-01-01,0.42,
PDD,2018-01-01,-32.23,
PDD,2019-01-01,-17.302500000000002,
PDD,2020-01-01,-10.2575,
PDD,2021-01-01,-0.7050000000000001,
PDD,2022-01-01,12.34,
PDD,2023-01-01,17.89,
PDD,2024-01-01,25.759999999999998,
PDD,2025-01-01,20.21,
QCOM,2010-01-01,11.3925,
QCOM,2011-01-01,12.4075,
QCOM,2012-01-01,15.09,
QCOM,2013-01-01,14.52,
QCOM,2014-01-01,16.0775,
QCOM,2015-01-01,11.87,
QCOM,2016-01-01,10.155000000000001,
QCOM,2017-01-01,3.185,
QCOM,2018-01-01,-4.6175,
QCOM,2019-01-01,10.377500000000001,
QCOM,2020-01-01,13.977500000000001,
QCOM,2021-01-01,23.895,
QCOM,2022-01-01,27.2575,
QCOM,2023-01-01,17.3275,
QCOM,2024-01-01,17.8825,
QCOM,2025-01-01,20.57,
SONY,2010-01-01,0.2825,
SONY,2011-01-01,-2.8925,
SONY,2012-01-01,-3.1425,
SONY,2013-01-01,0.47,
SONY,2014-01-01,-1.0175,
SONY,2015-01-01,-2.7755575615628914e-17,
SONY,2016-01-01,0.39,
SONY,2017-01-01,1.37,
SONY,2018-01-01,3.3725,
SONY,2019-01-01,3.87,
SONY,2020-01-01,3.49,
SONY,2021-01-01,3.8425000000000002,
SONY,2022-01-01,2.9625,
SONY,2023-01-01,2.88,
SONY,2024-01-01,3.0675,
SONY,2025-01-01,3.27,
AMGN,2010-01-01,11.3825,
AMGN,2011-01-01,9.370000000000001,
AMGN,2012-01-01,8.1575,
AMGN,2013-01-01,8.775,
AMGN,2014-01-01,7.5275,
AMGN,2015-01-01,8.865,
AMGN,2016-01-01,10.07,
AMGN,2017-01-01,8.3775,
AMGN,2018-01-01,5.3525,
AMGN,2019-01-01,12.605,
AMGN,2020-01-01,11.95,
AMGN,2021-01-01,9.692499999999999,
AMGN,2022-01-01,10.48,
AMGN,2023-01-01,9.545,
AMGN,2024-01-01,4.109999999999999,
AMGN,2025-01-01,6.945,
BSX,2010-01-01,-9.045,
BSX,2011-01-01,2.4975,
BSX,2012-01-01,-14.115,
BSX,2013-01-01,-8.254999999999999,
BSX,2014-01-01,1.165,
BSX,2015-01-01,-1.5274999999999999,
BSX,2016-01-01,0.06999999999999999,
BSX,2017-01-01,2.995,
BSX,2018-01-01,3.77,
BSX,2019-01-01,9.274999999999999,
BSX,2020-01-01,10.120000000000001,
BSX,2021-01-01,2.25,
BSX,2022-01-01,2.2,
BSX,2023-01-01,3.3625,
BSX,2024-01-01,4.9875,
BSX,2025-01-01,6.885,
ACN,2010-01-01,13.93,
ACN,2011-01-01,15.66,
ACN,2012-01-01,16.325,
ACN,2013-01-01,19.55,
ACN,2014-01-01,17.465,
ACN,2015-01-01,17.3625,
ACN,2016-01-01,21.1725,
ACN,2017-01-01,17.28,
ACN,2018-01-01,16.9425,
ACN,2019-01-01,17.145,
ACN,2020-01-01,15.0825,
ACN,2021-01-01,14.575,
ACN,2022-01-01,15.035,
ACN,2023-01-01,14.3475,
ACN,2024-01-01,13.6175,
ACN,2025-01-01,13.335,
UL,2010-01-01,10.719999999999999,
NEE,2010-01-01,3.82,
NEE,2011-01-01,3.2175000000000002,
NEE,2012-01-01,3.525,
NEE,2013-01-01,2.85,
NEE,2014-01-01,2.99,
NEE,2015-01-01,3.7825,
NEE,2016-01-01,3.1799999999999997,
NEE,2017-01-01,4.76,
NEE,2018-01-01,8.1525,
NEE,2019-01-01,3.0725,
NEE,2020-01-01,2.895,
NEE,2021-01-01,2.5175,
NEE,2022-01-01,2.0300000000000002,
NEE,2023-01-01,4.5225,
NEE,2024-01-01,3.8525,
NEE,2025-01-01,3.0,
APP,2020-01-01,-23.57,
APP,2021-01-01,-4.0425,
APP,2022-01-01,-1.97,
APP,2023-01-01,1.8375000000000001,
APP,2024-01-01,19.38,
APP,2025-01-01,34.42,
TJX,2010-01-01,17.3,
TJX,2011-01-01,16.509999999999998,
TJX,2012-01-01,19.685000000000002,
TJX,2013-01-01,21.1575,
TJX,2014-01-01,20.585,
TJX,2015-01-01,20.075,
TJX,2016-01-01,19.735,
TJX,2017-01-01,18.405,
TJX,2018-01-01,20.6525,
TJX,2019-01-01,17.7675,
TJX,2020-01-01,6.640000000000001,
TJX,2021-01-01,5.64,
TJX,2022-01-01,11.7025,
TJX,2023-01-01,13.525,
TJX,2024-01-01,15.655,
TJX,2025-01-01,15.45,
AMAT,2010-01-01,4.575,
AMAT,2011-01-01,14.450000000000001,
AMAT,2012-01-01,7.465,
AMAT,2013-01-01,-1.145,
AMAT,2014-01-01,6.9025,
AMAT,2015-01-01,9.6125,
AMAT,2016-01-01,10.4525,
AMAT,2017-01-01,17.505,
AMAT,2018-01-01,16.71,
AMAT,2019-01-01,16.6925,
AMAT,2020-01-01,15.5225,
AMAT,2021-01-01,20.884999999999998,
AMAT,2022-01-01,25.9875,
AMAT,2023-01-01,23.4125,
AMAT,2024-01-01,23.0225,
AMAT,2025-01-01,19.525,
SYK,2010-01-01,12.6025,
SYK,2011-01-01,11.2975,
SYK,2012-01-01,11.1775,
SYK,2013-01-01,7.76,
SYK,2014-01-01,4.0525,
SYK,2015-01-01,6.305,
SYK,2016-01-01,8.7775,
SYK,2017-01-01,7.4475,
SYK,2018-01-01,7.63,
SYK,2019-01-01,12.27,
SYK,2020-01-01,5.9575000000000005,
SYK,2021-01-01,5.495,
SYK,2022-01-01,6.2725,
SYK,2023-01-01,7.4575,
SYK,2024-01-01,8.3975,
SYK,2025-01-01,6.585,
PGR,2010-01-01,5.225,
PGR,2011-01-01,5.055,
PGR,2012-01-01,3.9125,
PGR,2013-01-01,4.6625,
PGR,2014-01-01,4.8475,
PGR,2015-01-01,4.6925,
PGR,2016-01-01,3.4575,
PGR,2017-01-01,3.9275,
PGR,2018-01-01,5.7725,
PGR,2019-01-01,6.7325,
PGR,2020-01-01,8.0825,
PGR,2021-01-01,7.33,
PGR,2022-01-01,1.5474999999999999,
PGR,2023-01-01,2.7975,
PGR,2024-01-01,7.7,
PGR,2025-01-01,8.915,
ARM,2023-01-01,11.8025,
ARM,2024-01-01,7.0525,
ARM,2025-01-01,8.75,
ADBE,2010-01-01,6.5525,
ADBE,2011-01-01,10.895,
ADBE,2012-01-01,8.695,
ADBE,2013-01-01,5.0275,
ADBE,2014-01-01,2.585,
ADBE,2015-01-01,4.055,
ADBE,2016-01-01,8.0475,
ADBE,2017-01-01,11.5025,
ADBE,2018-01-01,15.0575,
ADBE,2019-01-01,14.7625,
ADBE,2020-01-01,18.7425,
ADBE,2021-01-01,22.1275,
ADBE,2022-01-01,18.23,
ADBE,2023-01-01,18.3175,
ADBE,2024-01-01,17.682499999999997,
ADBE,2025-01-01,22.880000000000003,
DHR,2010-01-01,7.3149999999999995,
DHR,2011-01-01,8.27,
DHR,2012-01-01,7.6025,
DHR,2013-01-01,7.7700000000000005,
DHR,2014-01-01,7.5425,
DHR,2015-01-01,7.637499999999999,
DHR,2016-01-01,6.395,
DHR,2017-01-01,5.1625,
DHR,2018-01-01,5.6475,
DHR,2019-01-01,4.8725000000000005,
DHR,2020-01-01,5.0825,
DHR,2021-01-01,7.15,
DHR,2022-01-01,7.96,
DHR,2023-01-01,7.04,
DHR,2024-01-01,4.9575,
DHR,2025-01-01,4.525,
SPOT,2018-01-01,-2.06,
SPOT,2019-01-01,2.8775,
SPOT,2020-01-01,-7.3975,
SPOT,2021-01-01,-3.5125,
SPOT,2022-01-01,-1.9175,
SPOT,2023-01-01,-10.1225,
SPOT,2024-01-01,5.5375,
SPOT,2025-01-01,8.375,
ETN,2010-01-01,4.8525,
ETN,2011-01-01,6.955,
ETN,2012-01-01,7.135,
ETN,2013-01-01,4.73,
ETN,2014-01-01,4.995,
ETN,2015-01-01,6.065,
ETN,2016-01-01,6.0775,
ETN,2017-01-01,7.7875,
ETN,2018-01-01,8.115,
ETN,2019-01-01,7.07,
ETN,2020-01-01,5.1375,
ETN,2021-01-01,5.59,
ETN,2022-01-01,6.665,
ETN,2023-01-01,7.9925,
ETN,2024-01-01,9.49,
ETN,2025-01-01,10.030000000000001,
PFE,2010-01-01,4.095,
PFE,2011-01-01,4.9575,
PFE,2012-01-01,5.8975,
PFE,2013-01-01,12.307500000000001,
PFE,2014-01-01,7.449999999999999,
PFE,2015-01-01,5.035,
PFE,2016-01-01,4.1775,
PFE,2017-01-01,6.835,
PFE,2018-01-01,11.817499999999999,
PFE,2019-01-01,8.747499999999999,
PFE,2020-01-01,6.86,
PFE,2021-01-01,9.645,
PFE,2022-01-01,15.46,
PFE,2023-01-01,7.8775,
PFE,2024-01-01,1.075,
PFE,2025-01-01,4.38,
HON,2010-01-01,4.9275,
HON,2011-01-01,6.1625,
HON,2012-01-01,6.0525,
HON,2013-01-01,7.925,
HON,2014-01-01,9.0625,
HON,2015-01-01,9.785,
HON,2016-01-01,9.782499999999999,
HON,2017-01-01,7.58,
HON,2018-01-01,5.215,
HON,2019-01-01,11.1075,
HON,2020-01-01,9.1,
HON,2021-01-01,8.0575,
HON,2022-01-01,8.195,
HON,2023-01-01,8.875,
HON,2024-01-01,8.64,
HON,2025-01-01,7.66,
DE,2010-01-01,2.9924999999999997,
DE,2011-01-01,5.645,
DE,2012-01-01,5.975,
DE,2013-01-01,5.9425,
DE,2014-01-01,5.6850000000000005,
DE,2015-01-01,4.02,
DE,2016-01-01,2.8175,
DE,2017-01-01,3.1125,
DE,2018-01-01,2.88,
DE,2019-01-01,4.68,
DE,2020-01-01,3.8925,
DE,2021-01-01,6.245,
DE,2022-01-01,7.492500000000001,
DE,2023-01-01,9.94,
DE,2024-01-01,8.375,
DE,2025-01-01,5.595000000000001,
GILD,2010-01-01,29.145,
GILD,2011-01-01,21.9825,
GILD,2012-01-01,14.09,
GILD,2013-01-01,13.615,
GILD,2014-01-01,30.2925,
GILD,2015-01-01,41.81,
GILD,2016-01-01,31.035,
GILD,2017-01-01,17.6575,
GILD,2018-01-01,4.865,
GILD,2019-01-01,7.91,
GILD,2020-01-01,2.5100000000000002,
GILD,2021-01-01,7.0975,
GILD,2022-01-01,6.4075,
GILD,2023-01-01,9.055,
GILD,2024-01-01,0.92,
GILD,2025-01-01,10.67,
SAN,2010-01-01,0.7375,
SAN,2011-01-01,0.5625,
SAN,2012-01-01,0.24500000000000002,
SAN,2013-01-01,0.2575,
SAN,2014-01-01,0.4275,
SAN,2015-01-01,0.47,
SAN,2016-01-01,0.4575,
SAN,2017-01-01,0.4625,
SAN,2018-01-01,0.475,
SAN,2019-01-01,0.45499999999999996,
SAN,2020-01-01,0.33,
SAN,2021-01-01,0.43,
SAN,2022-01-01,0.5525,
SAN,2023-01-01,0.5425,
SAN,2024-01-01,0.615,
SAN,2025-01-01,0.53,
TTE,2010-01-01,7.4775,
TTE,2011-01-01,8.2075,
TTE,2012-01-01,6.577500000000001,
TTE,2013-01-01,5.125,
TTE,2014-01-01,4.3125,
TTE,2015-01-01,1.4125,
TTE,2016-01-01,1.915,
TTE,2017-01-01,3.4,
TTE,2018-01-01,4.115,
TTE,2019-01-01,4.165,
TTE,2020-01-01,-0.7275,
TTE,2021-01-01,2.6725,
TTE,2022-01-01,6.1125,
TTE,2023-01-01,7.1925,
TTE,2024-01-01,6.65,
TTE,2025-01-01,4.655,
LOW,2010-01-01,5.2925,
LOW,2011-01-01,5.565,
LOW,2012-01-01,5.4,
LOW,2013-01-01,6.1,
LOW,2014-01-01,7.1525,
LOW,2015-01-01,8.43,
LOW,2016-01-01,7.695,
LOW,2017-01-01,8.605,
LOW,2018-01-01,10.105,
LOW,2019-01-01,6.6175,
LOW,2020-01-01,11.435,
LOW,2021-01-01,14.0425,
LOW,2022-01-01,16.630000000000003,
LOW,2023-01-01,14.545,
LOW,2024-01-01,16.37,
LOW,2025-01-01,15.455,
COF,2010-01-01,1.0925,
COF,2011-01-01,1.6475,
COF,2012-01-01,1.225,
COF,2013-01-01,1.27,
COF,2014-01-01,1.43,
COF,2015-01-01,1.31,
COF,2016-01-01,1.1,
COF,2017-01-01,0.8425,
COF,2018-01-01,0.9975,
COF,2019-01-01,1.46,
COF,2020-01-01,0.35,
COF,2021-01-01,2.5125,
COF,2022-01-01,2.0625,
COF,2023-01-01,1.0975000000000001,
COF,2024-01-01,0.91,
COF,2025-01-01,0.43999999999999995,
APH,2010-01-01,12.1725,
APH,2011-01-01,12.895,
APH,2012-01-01,11.440000000000001,
APH,2013-01-01,11.3775,
APH,2014-01-01,10.7625,
APH,2015-01-01,10.5425,
APH,2016-01-01,9.9525,
APH,2017-01-01,9.844999999999999,
APH,2018-01-01,8.7925,
APH,2019-01-01,11.59,
APH,2020-01-01,10.092500000000001,
APH,2021-01-01,10.8575,
APH,2022-01-01,12.15,
APH,2023-01-01,12.4525,
APH,2024-01-01,12.5275,
APH,2025-01-01,13.43,
UNP,2010-01-01,5.69,
UNP,2011-01-01,7.0175,
UNP,2012-01-01,8.235,
UNP,2013-01-01,8.725,
UNP,2014-01-01,9.515,
UNP,2015-01-01,9.525,
UNP,2016-01-01,7.885,
UNP,2017-01-01,10.684999999999999,
UNP,2018-01-01,17.189999999999998,
UNP,2019-01-01,9.95,
UNP,2020-01-01,8.9175,
UNP,2021-01-01,9.530000000000001,
UNP,2022-01-01,10.842500000000001,
UNP,2023-01-01,10.0525,
UNP,2024-01-01,9.765,
UNP,2025-01-01,10.05,
KKR,2010-01-01,3.4166666666666665,
KKR,2011-01-01,0.6,
KKR,2012-01-01,0.7275,
KKR,2013-01-01,1.2075,
KKR,2014-01-01,1.2475,
KKR,2015-01-01,0.8150000000000001,
KKR,2016-01-01,0.042500000000000024,
KKR,2017-01-01,2.45,
KKR,2018-01-01,2.5375,
KKR,2019-01-01,2.855,
KKR,2020-01-01,1.1825,
KKR,2021-01-01,3.2275,
KKR,2022-01-01,0.3125,
KKR,2023-01-01,0.6525,
KKR,2024-01-01,1.0625,
KKR,2025-01-01,0.675,
LRCX,2010-01-01,17.1925,
LRCX,2011-01-01,19.2675,
LRCX,2012-01-01,3.245,
LRCX,2013-01-01,2.38,
LRCX,2014-01-01,8.157499999999999,
LRCX,2015-01-01,8.62,
LRCX,2016-01-01,8.365,
LRCX,2017-01-01,14.122499999999999,
LRCX,2018-01-01,19.025,
LRCX,2019-01-01,19.0075,
LRCX,2020-01-01,18.5275,
LRCX,2021-01-01,26.1875,
LRCX,2022-01-01,28.1525,
LRCX,2023-01-01,22.384999999999998,
LRCX,2024-01-01,21.0025,
LRCX,2025-01-01,25.21,
TD,2010-01-01,0.79,
TD,2011-01-01,0.8425,
TD,2012-01-01,0.8225,
TD,2013-01-01,0.8049999999999999,
TD,2014-01-01,0.8075,
TD,2015-01-01,0.75,
TD,2016-01-01,0.7275,
TD,2017-01-01,0.8049999999999999,
TD,2018-01-01,0.8375,
TD,2019-01-01,0.845,
TD,2020-01-01,0.715,
TD,2021-01-01,0.8125,
TD,2022-01-01,0.85,
TD,2023-01-01,0.7050000000000001,
TD,2024-01-01,0.48750000000000004,
TD,2025-01-01,0.61,
MU,2010-01-01,9.9475,
MU,2011-01-01,3.685,
MU,2012-01-01,-6.3075,
MU,2013-01-01,1.335,
MU,2014-01-01,16.305,
MU,2015-01-01,13.355,
MU,2016-01-01,0.9024999999999999,
MU,2017-01-01,12.1525,
MU,2018-01-01,31.885,
MU,2019-01-01,18.1075,
MU,2020-01-01,5.055,
MU,2021-01-01,9.23,
MU,2022-01-01,13.4825,
MU,2023-01-01,-5.335,
MU,2024-01-01,-0.32999999999999985,
MU,2025-01-01,7.595,
UBS,2015-01-01,0.7075,
UBS,2016-01-01,0.425,
UBS,2017-01-01,0.33999999999999997,
UBS,2018-01-01,0.13499999999999998,
UBS,2019-01-01,0.5225,
UBS,2020-01-01,0.515,
UBS,2021-01-01,0.6725,
UBS,2022-01-01,0.685,
UBS,2023-01-01,1.7774999999999999,
UBS,2024-01-01,0.595,
UBS,2025-01-01,0.355,
ADP,2010-01-01,4.1775,
ADP,2011-01-01,3.7475,
ADP,2012-01-01,4.1850000000000005,
ADP,2013-01-01,4.17,
ADP,2014-01-01,4.2675,
ADP,2015-01-01,4.045,
ADP,2016-01-01,3.7624999999999997,
ADP,2017-01-01,4.635,
ADP,2018-01-01,4.805,
ADP,2019-01-01,5.395,
ADP,2020-01-01,5.7825,
ADP,2021-01-01,5.1725,
ADP,2022-01-01,4.9425,
ADP,2023-01-01,6.335,
ADP,2024-01-01,6.7425,
ADP,2025-01-01,7.215,
KLAC,2010-01-01,7.3475,
KLAC,2011-01-01,17.377499999999998,
KLAC,2012-01-01,14.8825,
KLAC,2013-01-01,10.935,
KLAC,2014-01-01,9.915000000000001,
KLAC,2015-01-01,8.4125,
KLAC,2016-01-01,15.182500000000001,
KLAC,2017-01-01,16.79,
KLAC,2018-01-01,17.2275,
KLAC,2019-01-01,15.5225,
KLAC,2020-01-01,13.3275,
KLAC,2021-01-01,23.674999999999997,
KLAC,2022-01-01,27.495,
KLAC,2023-01-01,23.205,
KLAC,2024-01-01,19.4125,
KLAC,2025-01-01,24.11,
BUD,2010-01-01,7.6075,
BUD,2011-01-01,15.77,
BUD,2012-01-01,18.009999999999998,
BUD,2013-01-01,14.26,
BUD,2014-01-01,14.295,
BUD,2015-01-01,17.965,
BUD,2016-01-01,4.5475,
BUD,2017-01-01,3.9825,
BUD,2018-01-01,5.555,
BUD,2019-01-01,7.01,
BUD,2020-01-01,1.1175000000000002,
BUD,2021-01-01,4.43,
BUD,2022-01-01,4.45,
BUD,2023-01-01,5.915,
BUD,2024-01-01,5.3975,
BUD,2025-01-01,6.62,
MELI,2010-01-01,23.12,
MELI,2011-01-01,23.8325,
MELI,2012-01-01,24.395,
MELI,2013-01-01,21.1325,
MELI,2014-01-01,13.215,
MELI,2015-01-01,8.555,
MELI,2016-01-01,11.83,
MELI,2017-01-01,7.965,
MELI,2018-01-01,-3.6675,
MELI,2019-01-01,-1.905,
MELI,2020-01-01,-2.0700000000000003,
MELI,2021-01-01,0.565,
MELI,2022-01-01,2.745,
MELI,2023-01-01,5.8025,
MELI,2024-01-01,7.5925,
MELI,2025-01-01,8.100000000000001,
IBN,2010-01-01,1.355,
IBN,2011-01-01,1.5375,
IBN,2012-01-01,4.075,
IBN,2013-01-01,5.38,
IBN,2014-01-01,5.453333333333333,
IBN,2015-01-01,4.7325,
IBN,2016-01-01,3.8875,
IBN,2017-01-01,3.67,
IBN,2018-01-01,1.5924999999999998,
IBN,2019-01-01,0.9,
IBN,2020-01-01,0.82,
IBN,2021-01-01,1.31,
IBN,2022-01-01,1.6524999999999999,
IBN,2023-01-01,1.9475,
IBN,2024-01-01,2.005,
IBN,2025-01-01,2.0199999999999996,
CMCSA,2010-01-01,3.1725000000000003,
CMCSA,2011-01-01,2.775,
CMCSA,2012-01-01,3.37,
CMCSA,2013-01-01,4.16,
CMCSA,2014-01-01,4.984999999999999,
CMCSA,2015-01-01,5.26,
CMCSA,2016-01-01,4.9275,
CMCSA,2017-01-01,7.0575,
CMCSA,2018-01-01,10.842500000000001,
CMCSA,2019-01-01,5.0825,
CMCSA,2020-01-01,4.175,
CMCSA,2021-01-01,4.8,
CMCSA,2022-01-01,3.5999999999999996,
CMCSA,2023-01-01,4.1025,
CMCSA,2024-01-01,5.8075,
CMCSA,2025-01-01,7.195,
MDT,2010-01-01,11.53,
MDT,2011-01-01,10.675,
MDT,2012-01-01,10.969999999999999,
MDT,2013-01-01,10.375,
MDT,2014-01-01,8.5075,
MDT,2015-01-01,4.4475,
MDT,2016-01-01,3.4,
MDT,2017-01-01,4.3475,
MDT,2018-01-01,3.005,
MDT,2019-01-01,5.205,
MDT,2020-01-01,4.9125,
MDT,2021-01-01,3.9975,
MDT,2022-01-01,5.3149999999999995,
MDT,2023-01-01,4.2225,
MDT,2024-01-01,4.455,
MDT,2025-01-01,4.95,
COP,2010-01-01,5.9775,
COP,2011-01-01,7.5375,
COP,2012-01-01,7.4350000000000005,
COP,2013-01-01,6.885,
COP,2014-01-01,7.24,
COP,2015-01-01,0.4075,
COP,2016-01-01,-6.0175,
COP,2017-01-01,-2.5675,
COP,2018-01-01,5.725,
COP,2019-01-01,10.5625,
COP,2020-01-01,0.6325,
COP,2021-01-01,4.43,
COP,2022-01-01,17.785,
COP,2023-01-01,13.717500000000001,
COP,2024-01-01,10.475,
COP,2025-01-01,8.68,
DASH,2020-01-01,-30.47,
DASH,2021-01-01,-9.93,
DASH,2022-01-01,-10.7375,
DASH,2023-01-01,-10.8375,
DASH,2024-01-01,-2.04,
DASH,2025-01-01,2.68,
SNPS,2010-01-01,8.0775,
SNPS,2011-01-01,5.965,
SNPS,2012-01-01,5.5425,
SNPS,2013-01-01,5.5649999999999995,
SNPS,2014-01-01,5.7025,
SNPS,2015-01-01,5.1175,
SNPS,2016-01-01,4.8775,
SNPS,2017-01-01,4.9,
SNPS,2018-01-01,2.7275,
SNPS,2019-01-01,9.5725,
SNPS,2020-01-01,8.01,
SNPS,2021-01-01,9.3875,
SNPS,2022-01-01,11.0225,
SNPS,2023-01-01,10.715,
SNPS,2024-01-01,15.2025,
SNPS,2025-01-01,15.68,
SNY,2010-01-01,17.825,
SNY,2011-01-01,13.02,
SNY,2012-01-01,12.42,
SNY,2013-01-01,6.44,
SNY,2014-01-01,5.83,
SNY,2015-01-01,4.6,
SNY,2016-01-01,12.7975,
SNY,2017-01-01,17.3625,
SNY,2018-01-01,8.37,
SNY,2019-01-01,17.435,
SNY,2020-01-01,0.0,
SNY,2021-01-01,10.2,
SNY,2022-01-01,19.80666666666667,
SNY,2023-01-01,12.365,
SNY,2024-01-01,7.3525,
SNY,2025-01-01,6.4,
MSTR,2010-01-01,14.4625,
MSTR,2011-01-01,7.202500000000001,
MSTR,2012-01-01,4.4625,
MSTR,2013-01-01,14.175,
MSTR,2014-01-01,2.0825,
MSTR,2015-01-01,12.155,
MSTR,2016-01-01,14.1025,
MSTR,2017-01-01,8.855,
MSTR,2018-01-01,0.6375,
MSTR,2019-01-01,2.8024999999999998,
MSTR,2020-01-01,1.8375,
MSTR,2021-01-01,-17.1375,
MSTR,2022-01-01,-38.5,
MSTR,2023-01-01,-2.8149999999999995,
MSTR,2024-01-01,-5.4375,
MSTR,2025-01-01,-5.92,
WELL,2010-01-01,1.685,
WELL,2011-01-01,1.1875,
WELL,2012-01-01,1.1175,
WELL,2013-01-01,0.8049999999999999,
WELL,2014-01-01,0.995,
WELL,2015-01-01,2.9525,
WELL,2016-01-01,2.825,
WELL,2017-01-01,3.26,
WELL,2018-01-01,2.1550000000000002,
WELL,2019-01-01,2.81,
WELL,2020-01-01,3.4875,
WELL,2021-01-01,1.6075,
WELL,2022-01-01,0.755,
WELL,2023-01-01,0.515,
WELL,2024-01-01,1.5975000000000001,
WELL,2025-01-01,2.17,
PANW,2013-01-01,-4.795,
PANW,2014-01-01,-22.0275,
PANW,2015-01-01,-10.6125,
PANW,2016-01-01,-7.7675,
PANW,2017-01-01,-6.71,
PANW,2018-01-01,-3.5549999999999997,
PANW,2019-01-01,-1.3225,
PANW,2020-01-01,-3.3575,
PANW,2021-01-01,-4.875,
PANW,2022-01-01,-2.98,
PANW,2023-01-01,2.3775,
PANW,2024-01-01,14.62,
PANW,2025-01-01,6.135,
ADI,2010-01-01,14.15,
ADI,2011-01-01,18.6575,
ADI,2012-01-01,13.125,
ADI,2013-01-01,11.3225,
ADI,2014-01-01,10.3575,
ADI,2015-01-01,9.5375,
ADI,2016-01-01,9.5825,
ADI,2017-01-01,6.375,
ADI,2018-01-01,6.05,
ADI,2019-01-01,6.9875,
ADI,2020-01-01,5.4275,
ADI,2021-01-01,6.6175,
ADI,2022-01-01,4.0825,
ADI,2023-01-01,7.065,
ADI,2024-01-01,4.2225,
ADI,2025-01-01,3.52,
NKE,2010-01-01,13.8575,
NKE,2011-01-01,14.8375,
NKE,2012-01-01,14.48,
NKE,2013-01-01,15.9275,
NKE,2014-01-01,15.485,
NKE,2015-01-01,16.630000000000003,
NKE,2016-01-01,17.7425,
NKE,2017-01-01,17.675,
NKE,2018-01-01,8.665000000000001,
NKE,2019-01-01,18.1,
NKE,2020-01-01,11.04,
NKE,2021-01-01,14.8,
NKE,2022-01-01,14.955,
NKE,2023-01-01,13.53,
NKE,2024-01-01,14.08,
NKE,2025-01-01,10.225000000000001,
ICE,2010-01-01,1.5550000000000002,
ICE,2011-01-01,1.5375,
ICE,2012-01-01,1.4725,
ICE,2013-01-01,1.18,
ICE,2014-01-01,0.9125,
ICE,2015-01-01,1.7125,
ICE,2016-01-01,1.86,
ICE,2017-01-01,2.3225,
ICE,2018-01-01,2.9275,
ICE,2019-01-01,2.1950000000000003,
ICE,2020-01-01,1.795,
ICE,2021-01-01,2.1950000000000003,
ICE,2022-01-01,1.5150000000000001,
ICE,2023-01-01,1.2425,
ICE,2024-01-01,1.8425,
ICE,2025-01-01,2.075,
CB,2010-01-01,3.6975,
CB,2011-01-01,2.46,
CB,2012-01-01,2.675,
CB,2013-01-01,3.5375,
CB,2014-01-01,3.4275,
CB,2015-01-01,2.8674999999999997,
CB,2016-01-01,2.2275,
CB,2017-01-01,2.77,
CB,2018-01-01,2.505,
CB,2019-01-01,2.3025,
CB,2020-01-01,1.635,
CB,2021-01-01,4.0225,
CB,2022-01-01,3.3525,
CB,2023-01-01,3.2725,
CB,2024-01-01,4.0875,
CB,2025-01-01,3.535,
MO,2010-01-01,9.875,
MO,2011-01-01,9.5425,
MO,2012-01-01,11.085,
MO,2013-01-01,13.0525,
MO,2014-01-01,12.9925,
MO,2015-01-01,15.3575,
MO,2016-01-01,22.435000000000002,
MO,2017-01-01,32.307500000000005,
MO,2018-01-01,22.035,
MO,2019-01-01,6.1675,
MO,2020-01-01,1.7725000000000002,
MO,2021-01-01,7.625,
MO,2022-01-01,9.9525,
MO,2023-01-01,19.935000000000002,
MO,2024-01-01,27.79,
MO,2025-01-01,27.35,
CRWD,2019-01-01,-55.0625,
CRWD,2020-01-01,-9.405,
CRWD,2021-01-01,-6.5125,
CRWD,2022-01-01,-5.38,
CRWD,2023-01-01,-2.3725,
CRWD,2024-01-01,2.0075000000000003,
CRWD,2025-01-01,-1.185,
CEG,2021-01-01,-1.71,
CEG,2022-01-01,1.025,
CEG,2023-01-01,2.0625,
CEG,2024-01-01,5.5825,
CEG,2025-01-01,5.73,
SO,2010-01-01,3.8475,
SO,2011-01-01,3.6775,
SO,2012-01-01,3.7125,
SO,2013-01-01,2.7875,
SO,2014-01-01,3.1225,
SO,2015-01-01,3.1275,
SO,2016-01-01,2.8375,
SO,2017-01-01,1.085,
SO,2018-01-01,1.8224999999999998,
SO,2019-01-01,3.7125000000000004,
SO,2020-01-01,2.735,
SO,2021-01-01,2.3925,
SO,2022-01-01,2.3575,
SO,2023-01-01,2.4775,
SO,2024-01-01,3.1925,
SO,2025-01-01,3.05,
BBVA,2010-01-01,0.7475,
BBVA,2011-01-01,0.71,
BBVA,2012-01-01,0.33999999999999997,
BBVA,2013-01-01,0.4325,
BBVA,2014-01-01,0.21750000000000003,
BBVA,2015-01-01,0.45,
BBVA,2016-01-01,0.365,
BBVA,2017-01-01,0.535,
BBVA,2018-01-01,0.6,
BBVA,2019-01-01,0.65,
BBVA,2020-01-01,0.057499999999999996,
BBVA,2021-01-01,0.635,
BBVA,2022-01-01,0.8925000000000001,
BBVA,2023-01-01,0.9725,
BBVA,2024-01-01,1.2,
BBVA,2025-01-01,1.37,
SBUX,2010-01-01,14.59,
SBUX,2011-01-01,17.1325,
SBUX,2012-01-01,17.3925,
SBUX,2013-01-01,9.502500000000001,
SBUX,2014-01-01,11.7125,
SBUX,2015-01-01,21.6575,
SBUX,2016-01-01,20.7,
SBUX,2017-01-01,22.4925,
SBUX,2018-01-01,23.17,
SBUX,2019-01-01,17.125,
SBUX,2020-01-01,6.24,
SBUX,2021-01-01,10.5075,
SBUX,2022-01-01,13.07,
SBUX,2023-01-01,13.7625,
SBUX,2024-01-01,13.004999999999999,
SBUX,2025-01-01,9.1,
ENB,2010-01-01,4.0024999999999995,
ENB,2011-01-01,3.5149999999999997,
ENB,2012-01-01,2.0175,
ENB,2013-01-01,1.615,
ENB,2014-01-01,2.0125,
ENB,2015-01-01,0.455,
ENB,2016-01-01,1.9675,
ENB,2017-01-01,1.4975,
ENB,2018-01-01,1.375,
ENB,2019-01-01,2.9375,
ENB,2020-01-01,1.3399999999999999,
ENB,2021-01-01,3.7125,
ENB,2022-01-01,2.765,
ENB,2023-01-01,2.07,
ENB,2024-01-01,2.9175,
ENB,2025-01-01,2.76,
CME,2010-01-01,2.62,
CME,2011-01-01,3.79,
CME,2012-01-01,3.5625,
CME,2013-01-01,2.145,
CME,2014-01-01,1.8800000000000001,
CME,2015-01-01,1.6975,
CME,2016-01-01,2.0275,
CME,2017-01-01,2.965,
CME,2018-01-01,5.18,
CME,2019-01-01,2.665,
CME,2020-01-01,2.1275,
CME,2021-01-01,1.425,
CME,2022-01-01,1.4449999999999998,
CME,2023-01-01,1.8925,
CME,2024-01-01,2.5324999999999998,
CME,2025-01-01,2.5,
LMT,2010-01-01,7.932499999999999,
LMT,2011-01-01,7.8075,
LMT,2012-01-01,7.395,
LMT,2013-01-01,7.585,
LMT,2014-01-01,8.83,
LMT,2015-01-01,9.1275,
LMT,2016-01-01,9.254999999999999,
LMT,2017-01-01,8.015,
LMT,2018-01-01,7.0024999999999995,
LMT,2019-01-01,12.595,
LMT,2020-01-01,13.2425,
LMT,2021-01-01,12.9175,
LMT,2022-01-01,10.895,
LMT,2023-01-01,12.237499999999999,
LMT,2024-01-01,11.6125,
LMT,2025-01-01,8.65,
PLD,2010-01-01,-2.9075,
PLD,2011-01-01,-8.115,
PLD,2012-01-01,0.25,
PLD,2013-01-01,0.3175,
PLD,2014-01-01,1.1,
PLD,2015-01-01,3.66,
PLD,2016-01-01,2.9475,
PLD,2017-01-01,4.835,
PLD,2018-01-01,5.3675,
PLD,2019-01-01,4.359999999999999,
PLD,2020-01-01,3.3275,
PLD,2021-01-01,3.455,
PLD,2022-01-01,6.125,
PLD,2023-01-01,3.565,
PLD,2024-01-01,3.42,
PLD,2025-01-01,3.75,
SMFG,2010-01-01,0.3433333333333333,
SMFG,2011-01-01,0.2933333333333334,
SMFG,2012-01-01,0.4075,
SMFG,2013-01-01,0.615,
SMFG,2014-01-01,0.4975,
SMFG,2015-01-01,0.42,
SMFG,2016-01-01,0.39,
SMFG,2017-01-01,0.4,
SMFG,2018-01-01,0.48,
SMFG,2019-01-01,0.44,
SMFG,2020-01-01,0.37,
SMFG,2021-01-01,0.34,
SMFG,2022-01-01,0.32,
SMFG,2023-01-01,0.3,
SMFG,2024-01-01,0.39,
MMC,2010-01-01,4.155,
MMC,2011-01-01,6.2375,
MMC,2012-01-01,7.2325,
MMC,2013-01-01,8.1425,
MMC,2014-01-01,8.4175,
MMC,2015-01-01,8.725,
MMC,2016-01-01,9.2975,
MMC,2017-01-01,9.4275,
MMC,2018-01-01,7.73,
MMC,2019-01-01,5.895,
MMC,2020-01-01,6.1675,
MMC,2021-01-01,8.065,
MMC,2022-01-01,9.59,
MMC,2023-01-01,8.4475,
MMC,2024-01-01,8.23,
MMC,2025-01-01,7.535,
BN,2010-01-01,1.48,
BN,2011-01-01,2.5700000000000003,
BN,2012-01-01,1.6975,
BN,2013-01-01,1.565,
BN,2014-01-01,2.3875,
BN,2015-01-01,2.1799999999999997,
BN,2016-01-01,1.1325,
BN,2017-01-01,0.6225,
BN,2018-01-01,1.3625,
BN,2019-01-01,1.2149999999999999,
BN,2020-01-01,0.1825,
BN,2021-01-01,0.815,
BN,2022-01-01,0.8125,
BN,2023-01-01,0.09,
BN,2024-01-01,0.16,
BN,2025-01-01,0.09,
HOOD,2020-01-01,0.25,
HOOD,2021-01-01,-19.93,
HOOD,2022-01-01,-8.9925,
HOOD,2023-01-01,-3.1725,
HOOD,2024-01-01,1.5825,
HOOD,2025-01-01,4.6,
AMT,2010-01-01,3.795,
AMT,2011-01-01,3.39,
AMT,2012-01-01,4.68,
AMT,2013-01-01,4.0075,
AMT,2014-01-01,3.54,
AMT,2015-01-01,2.7175000000000002,
AMT,2016-01-01,2.6875,
AMT,2017-01-01,3.3449999999999998,
AMT,2018-01-01,3.4825,
AMT,2019-01-01,4.2425,
AMT,2020-01-01,4.4675,
AMT,2021-01-01,4.47,
AMT,2022-01-01,3.7625,
AMT,2023-01-01,1.7075,
AMT,2024-01-01,3.025,
AMT,2025-01-01,2.485,
BAM,2023-01-01,14.04,
BAM,2024-01-01,19.075,
BAM,2025-01-01,7.24,
DUK,2010-01-01,1.935,
DUK,2011-01-01,2.9425,
DUK,2012-01-01,2.26,
DUK,2013-01-01,2.075,
DUK,2014-01-01,1.84,
DUK,2015-01-01,2.26,
DUK,2016-01-01,2.0875,
DUK,2017-01-01,1.8175,
DUK,2018-01-01,2.0324999999999998,
DUK,2019-01-01,2.235,
DUK,2020-01-01,1.425,
DUK,2021-01-01,1.68,
DUK,2022-01-01,2.0100000000000002,
DUK,2023-01-01,1.0525,
DUK,2024-01-01,2.1950000000000003,
DUK,2025-01-01,2.535,
CDNS,2010-01-01,3.3025,
CDNS,2011-01-01,5.1274999999999995,
CDNS,2012-01-01,10.22,
CDNS,2013-01-01,17.0275,
CDNS,2014-01-01,5.1575,
CDNS,2015-01-01,7.760000000000001,
CDNS,2016-01-01,10.2675,
CDNS,2017-01-01,10.3375,
CDNS,2018-01-01,10.3475,
CDNS,2019-01-01,21.3125,
CDNS,2020-01-01,26.1675,
CDNS,2021-01-01,16.67,
CDNS,2022-01-01,17.6425,
CDNS,2023-01-01,18.1425,
CDNS,2024-01-01,16.294999999999998,
CDNS,2025-01-01,11.815,
VRTX,2010-01-01,-40.065,
VRTX,2011-01-01,-25.872500000000002,
VRTX,2012-01-01,8.1825,
VRTX,2013-01-01,-19.5625,
VRTX,2014-01-01,-22.79,
VRTX,2015-01-01,-28.7025,
VRTX,2016-01-01,-10.09,
VRTX,2017-01-01,7.4475,
VRTX,2018-01-01,19.255,
VRTX,2019-01-01,30.83,
VRTX,2020-01-01,24.0875,
VRTX,2021-01-01,19.3975,
VRTX,2022-01-01,20.98,
VRTX,2023-01-01,17.9375,
VRTX,2024-01-01,2.835,
VRTX,2025-01-01,5.68,
TT,2010-01-01,2.7925,
TT,2011-01-01,2.085,
TT,2012-01-01,4.4325,
TT,2013-01-01,4.505,
TT,2014-01-01,4.1,
TT,2015-01-01,4.215,
TT,2016-01-01,7.505,
TT,2017-01-01,6.8875,
TT,2018-01-01,7.672499999999999,
TT,2019-01-01,7.24,
TT,2020-01-01,5.215,
TT,2021-01-01,7.265000000000001,
TT,2022-01-01,8.8575,
TT,2023-01-01,10.459999999999999,
TT,2024-01-01,12.07,
TT,2025-01-01,13.675,
WM,2010-01-01,4.715,
WM,2011-01-01,4.4325,
WM,2012-01-01,3.925,
WM,2013-01-01,2.9075,
WM,2014-01-01,1.8975,
WM,2015-01-01,4.4825,
WM,2016-01-01,5.5649999999999995,
WM,2017-01-01,7.0024999999999995,
WM,2018-01-01,9.65,
WM,2019-01-01,7.3,
WM,2020-01-01,5.845,
WM,2021-01-01,5.91,
WM,2022-01-01,7.225,
WM,2023-01-01,7.32,
WM,2024-01-01,7.705,
WM,2025-01-01,6.6,
PH,2010-01-01,6.2525,
PH,2011-01-01,9.835,
PH,2012-01-01,10.2225,
PH,2013-01-01,8.0375,
PH,2014-01-01,8.15,
PH,2015-01-01,7.8725000000000005,
PH,2016-01-01,6.79,
PH,2017-01-01,6.84,
PH,2018-01-01,7.34,
PH,2019-01-01,8.8125,
PH,2020-01-01,6.4275,
PH,2021-01-01,8.6525,
PH,2022-01-01,5.8225,
PH,2023-01-01,7.1499999999999995,
PH,2024-01-01,9.89,
PH,2025-01-01,11.69,
BMY,2010-01-01,28.3325,
BMY,2011-01-01,10.8375,
BMY,2012-01-01,8.5725,
BMY,2013-01-01,5.635,
BMY,2014-01-01,7.33,
BMY,2015-01-01,5.592499999999999,
BMY,2016-01-01,9.43,
BMY,2017-01-01,10.965,
BMY,2018-01-01,5.705,
BMY,2019-01-01,12.025,
BMY,2020-01-01,-1.675,
BMY,2021-01-01,-1.9875,
BMY,2022-01-01,6.215,
BMY,2023-01-01,8.307500000000001,
BMY,2024-01-01,-7.595,
BMY,2025-01-01,6.529999999999999,
MCO,2010-01-01,22.462500000000002,
MCO,2011-01-01,23.252499999999998,
MCO,2012-01-01,20.4575,
MCO,2013-01-01,19.55,
MCO,2014-01-01,20.675,
MCO,2015-01-01,19.64,
MCO,2016-01-01,14.725000000000001,
MCO,2017-01-01,9.8225,
MCO,2018-01-01,13.1025,
MCO,2019-01-01,14.0775,
MCO,2020-01-01,15.7825,
MCO,2021-01-01,16.634999999999998,
MCO,2022-01-01,11.5625,
MCO,2023-01-01,10.245,
MCO,2024-01-01,12.705,
MCO,2025-01-01,13.754999999999999,
DELL,2016-01-01,-3.4349999999999996,
DELL,2017-01-01,-2.1875,
DELL,2018-01-01,-1.9325,
DELL,2019-01-01,0.635,
DELL,2020-01-01,2.895,
DELL,2021-01-01,3.6174999999999997,
DELL,2022-01-01,4.3375,
DELL,2023-01-01,2.5875,
DELL,2024-01-01,4.7524999999999995,
DELL,2025-01-01,5.585,
CTAS,2010-01-01,5.26,
CTAS,2011-01-01,6.1775,
CTAS,2012-01-01,7.092499999999999,
CTAS,2013-01-01,7.42,
CTAS,2014-01-01,8.7875,
CTAS,2015-01-01,11.1575,
CTAS,2016-01-01,15.485,
CTAS,2017-01-01,10.3575,
CTAS,2018-01-01,11.9975,
CTAS,2019-01-01,11.9875,
CTAS,2020-01-01,11.8525,
CTAS,2021-01-01,13.344999999999999,
CTAS,2022-01-01,15.2525,
CTAS,2023-01-01,16.0125,
CTAS,2024-01-01,17.855,
CTAS,2025-01-01,19.060000000000002,
RBLX,2020-01-01,-54.98,
RBLX,2021-01-01,-18.945,
RBLX,2022-01-01,-15.125,
RBLX,2023-01-01,-20.31,
RBLX,2024-01-01,-16.775,
RBLX,2025-01-01,-12.67,
BP,2010-01-01,1.1025,
BP,2011-01-01,5.875,
BP,2012-01-01,5.86,
BP,2013-01-01,7.775,
BP,2014-01-01,2.7925,
BP,2015-01-01,-1.5675000000000001,
BP,2016-01-01,-1.7349999999999999,
BP,2017-01-01,1.2325,
BP,2018-01-01,2.665,
BP,2019-01-01,2.395,
BP,2020-01-01,-6.135,
BP,2021-01-01,1.005,
BP,2022-01-01,-3.6374999999999997,
BP,2023-01-01,7.58,
BP,2024-01-01,1.7825,
BP,2025-01-01,-0.11499999999999999,
SE,2017-01-01,-70.075,
SE,2018-01-01,-45.0675,
SE,2019-01-01,-54.14000000000001,
SE,2020-01-01,-23.286666666666665,
SE,2021-01-01,-16.752499999999998,
SE,2022-01-01,-13.09,
SE,2023-01-01,0.19500000000000006,
SE,2024-01-01,0.415,
SE,2025-01-01,3.97,
ORLY,2010-01-01,7.755,
ORLY,2011-01-01,9.005,
ORLY,2012-01-01,10.0875,
ORLY,2013-01-01,10.71,
ORLY,2014-01-01,11.575,
ORLY,2015-01-01,13.1175,
ORLY,2016-01-01,14.127500000000001,
ORLY,2017-01-01,14.7725,
ORLY,2018-01-01,16.5025,
ORLY,2019-01-01,14.585,
ORLY,2020-01-01,14.1425,
ORLY,2021-01-01,17.185000000000002,
ORLY,2022-01-01,18.0475,
ORLY,2023-01-01,17.645,
ORLY,2024-01-01,16.855,
ORLY,2025-01-01,16.035,
HCA,2010-01-01,4.74,
HCA,2011-01-01,5.5325,
HCA,2012-01-01,9.95,
HCA,2013-01-01,5.2375,
HCA,2014-01-01,5.795,
HCA,2015-01-01,6.7825,
HCA,2016-01-01,7.6625,
HCA,2017-01-01,7.7475,
HCA,2018-01-01,8.4375,
HCA,2019-01-01,8.5275,
HCA,2020-01-01,7.2575,
HCA,2021-01-01,11.8875,
HCA,2022-01-01,11.91,
HCA,2023-01-01,10.592500000000001,
HCA,2024-01-01,10.065000000000001,
HCA,2025-01-01,9.905,
SHW,2010-01-01,9.61,
SHW,2011-01-01,8.975,
SHW,2012-01-01,9.865,
SHW,2013-01-01,11.0925,
SHW,2014-01-01,12.7925,
SHW,2015-01-01,16.155,
SHW,2016-01-01,17.795,
SHW,2017-01-01,11.6725,
SHW,2018-01-01,8.0925,
SHW,2019-01-01,6.365,
SHW,2020-01-01,8.805,
SHW,2021-01-01,9.885,
SHW,2022-01-01,8.7575,
SHW,2023-01-01,10.155,
SHW,2024-01-01,10.8575,
SHW,2025-01-01,10.8,
INTC,2010-01-01,16.7975,
INTC,2011-01-01,19.2725,
INTC,2012-01-01,16.552500000000002,
INTC,2013-01-01,11.665,
INTC,2014-01-01,11.5525,
INTC,2015-01-01,12.5525,
INTC,2016-01-01,10.0875,
INTC,2017-01-01,10.100000000000001,
INTC,2018-01-01,11.965,
INTC,2019-01-01,15.514999999999999,
INTC,2020-01-01,15.5525,
INTC,2021-01-01,12.635,
INTC,2022-01-01,9.555,
INTC,2023-01-01,-0.525,
INTC,2024-01-01,-3.7525,
INTC,2025-01-01,-10.165,
RCL,2010-01-01,2.255,
RCL,2011-01-01,2.8725,
RCL,2012-01-01,1.9074999999999998,
RCL,2013-01-01,0.8400000000000001,
RCL,2014-01-01,2.975,
RCL,2015-01-01,3.44,
RCL,2016-01-01,4.625,
RCL,2017-01-01,6.945,
RCL,2018-01-01,7.26,
RCL,2019-01-01,6.5825,
RCL,2020-01-01,-9.015,
RCL,2021-01-01,-15.995,
RCL,2022-01-01,-11.2975,
RCL,2023-01-01,1.15,
RCL,2024-01-01,7.1025,
RCL,2025-01-01,9.17,
NOC,2010-01-01,6.625,
NOC,2011-01-01,7.3325,
NOC,2012-01-01,8.025,
NOC,2013-01-01,7.465,
NOC,2014-01-01,7.8975,
NOC,2015-01-01,7.9525,
NOC,2016-01-01,8.5525,
NOC,2017-01-01,8.997499999999999,
NOC,2018-01-01,9.8275,
NOC,2019-01-01,7.585,
NOC,2020-01-01,6.0275,
NOC,2021-01-01,12.0975,
NOC,2022-01-01,12.9175,
NOC,2023-01-01,9.16,
NOC,2024-01-01,5.7975,
NOC,2025-01-01,7.865,
GD,2010-01-01,8.065,
GD,2011-01-01,7.975,
GD,2012-01-01,5.04,
GD,2013-01-01,1.025,
GD,2014-01-01,6.8175,
GD,2015-01-01,8.38,
GD,2016-01-01,8.7525,
GD,2017-01-01,8.3475,
GD,2018-01-01,7.765,
GD,2019-01-01,7.1,
GD,2020-01-01,6.4425,
GD,2021-01-01,6.4175,
GD,2022-01-01,6.5600000000000005,
GD,2023-01-01,6.41,
GD,2024-01-01,6.505,
GD,2025-01-01,7.135,
NTES,2010-01-01,21.83,
NTES,2011-01-01,23.22,
NTES,2012-01-01,21.455,
NTES,2013-01-01,19.6925,
NTES,2014-01-01,18.0175,
NTES,2015-01-01,17.1575,
NTES,2016-01-01,21.5825,
NTES,2017-01-01,20.47,
NTES,2018-01-01,9.184999999999999,
NTES,2019-01-01,15.13,
NTES,2020-01-01,15.2575,
NTES,2021-01-01,9.469999999999999,
NTES,2022-01-01,12.11,
NTES,2023-01-01,14.875,
NTES,2024-01-01,15.7075,
NTES,2025-01-01,16.71,
MCK,2010-01-01,4.51,
MCK,2011-01-01,4.0,
MCK,2012-01-01,4.68,
MCK,2013-01-01,3.8175,
MCK,2014-01-01,2.9725,
MCK,2015-01-01,3.1525,
MCK,2016-01-01,3.6675,
MCK,2017-01-01,7.95,
MCK,2018-01-01,-0.20750000000000002,
MCK,2019-01-01,-0.3825,
MCK,2020-01-01,-0.050000000000000044,
MCK,2021-01-01,-4.98,
MCK,2022-01-01,3.0575,
MCK,2023-01-01,5.4350000000000005,
MCK,2024-01-01,4.14,
MCK,2025-01-01,4.54,
TRI,2010-01-01,2.4275,
TRI,2011-01-01,1.6600000000000001,
TRI,2012-01-01,-0.9550000000000001,
TRI,2013-01-01,2.8275,
TRI,2014-01-01,2.5524999999999998,
TRI,2015-01-01,5.8875,
TRI,2016-01-01,5.9725,
TRI,2017-01-01,9.6775,
TRI,2018-01-01,6.902500000000001,
TRI,2019-01-01,17.985,
TRI,2020-01-01,9.2575,
TRI,2021-01-01,29.45,
TRI,2022-01-01,4.9275,
TRI,2023-01-01,9.7975,
TRI,2024-01-01,12.315,
TRI,2025-01-01,11.71,
BMO,2010-01-01,0.655,
BMO,2011-01-01,0.7324999999999999,
BMO,2012-01-01,0.7575000000000001,
BMO,2013-01-01,0.75,
BMO,2014-01-01,0.735,
BMO,2015-01-01,0.6525000000000001,
BMO,2016-01-01,0.6525000000000001,
BMO,2017-01-01,0.725,
BMO,2018-01-01,0.6575,
BMO,2019-01-01,0.75,
BMO,2020-01-01,0.5475,
BMO,2021-01-01,0.6675,
BMO,2022-01-01,1.0825,
BMO,2023-01-01,0.615,
BMO,2024-01-01,0.4525,
BMO,2025-01-01,0.55,
MMM,2010-01-01,13.9425,
MMM,2011-01-01,13.7475,
MMM,2012-01-01,13.4125,
MMM,2013-01-01,13.3525,
MMM,2014-01-01,14.4975,
MMM,2015-01-01,15.502500000000001,
MMM,2016-01-01,14.9625,
MMM,2017-01-01,15.347499999999998,
MMM,2018-01-01,12.4,
MMM,2019-01-01,12.879999999999999,
MMM,2020-01-01,11.4225,
MMM,2021-01-01,12.530000000000001,
MMM,2022-01-01,11.870000000000001,
MMM,2023-01-01,-5.26,
MMM,2024-01-01,1.6650000000000005,
MMM,2025-01-01,10.280000000000001,
PBR,2010-01-01,8.365,
PBR,2011-01-01,7.27,
PBR,2012-01-01,3.9450000000000003,
PBR,2013-01-01,3.4675,
PBR,2014-01-01,1.17,
PBR,2015-01-01,-3.0875,
PBR,2016-01-01,-4.220000000000001,
PBR,2017-01-01,-0.3975,
PBR,2018-01-01,1.725,
PBR,2019-01-01,3.3025,
PBR,2020-01-01,-1.545,
PBR,2021-01-01,3.7874999999999996,
PBR,2022-01-01,17.195,
PBR,2023-01-01,15.1375,
PBR,2024-01-01,7.592499999999999,
PBR,2025-01-01,4.53,
PBR.A,2010-01-01,8.365,
PBR.A,2011-01-01,7.27,
PBR.A,2012-01-01,3.9450000000000003,
PBR.A,2013-01-01,3.4675,
PBR.A,2014-01-01,1.17,
PBR.A,2015-01-01,-3.0875,
PBR.A,2016-01-01,-4.220000000000001,
PBR.A,2017-01-01,-0.3975,
PBR.A,2018-01-01,1.725,
PBR.A,2019-01-01,3.3025,
PBR.A,2020-01-01,-1.545,
PBR.A,2021-01-01,0.5166666666666667,
PBR.A,2022-01-01,16.1875,
PBR.A,2023-01-01,15.1375,
PBR.A,2024-01-01,7.592499999999999,
PBR.A,2025-01-01,4.53,
MDLZ,2010-01-01,5.1274999999999995,
MDLZ,2011-01-01,3.34,
MDLZ,2012-01-01,3.555,
MDLZ,2013-01-01,3.815,
MDLZ,2014-01-01,4.3975,
MDLZ,2015-01-01,7.705,
MDLZ,2016-01-01,6.824999999999999,
MDLZ,2017-01-01,3.385,
MDLZ,2018-01-01,5.08,
MDLZ,2019-01-01,5.7675,
MDLZ,2020-01-01,5.42,
MDLZ,2021-01-01,6.3175,
MDLZ,2022-01-01,5.16,
MDLZ,2023-01-01,6.202500000000001,
MDLZ,2024-01-01,5.6975,
MDLZ,2025-01-01,5.140000000000001,
CVS,2010-01-01,5.7975,
CVS,2011-01-01,5.3725,
CVS,2012-01-01,5.6899999999999995,
CVS,2013-01-01,6.4925,
CVS,2014-01-01,6.595,
CVS,2015-01-01,6.3925,
CVS,2016-01-01,5.5600000000000005,
CVS,2017-01-01,5.915,
CVS,2018-01-01,2.7925,
CVS,2019-01-01,1.815,
CVS,2020-01-01,3.355,
CVS,2021-01-01,3.2575000000000003,
CVS,2022-01-01,2.605,
CVS,2023-01-01,2.485,
CVS,2024-01-01,2.4075,
CVS,2025-01-01,1.9300000000000002,
TDG,2010-01-01,4.755,
TDG,2011-01-01,4.3100000000000005,
TDG,2012-01-01,5.915,
TDG,2013-01-01,3.6174999999999997,
TDG,2014-01-01,2.425,
TDG,2015-01-01,5.1125,
TDG,2016-01-01,5.8825,
TDG,2017-01-01,5.1525,
TDG,2018-01-01,7.3675,
TDG,2019-01-01,5.0625,
TDG,2020-01-01,3.3949999999999996,
TDG,2021-01-01,2.635,
TDG,2022-01-01,4.2875,
TDG,2023-01-01,5.9775,
TDG,2024-01-01,7.0975,
TDG,2025-01-01,7.605,
COIN,2021-01-01,20.15,
COIN,2022-01-01,2.805,
COIN,2023-01-01,-0.905,
COIN,2024-01-01,0.8425,
COIN,2025-01-01,0.94,
APO,2010-01-01,5.74,
APO,2011-01-01,-0.24749999999999983,
APO,2012-01-01,-1.605,
APO,2013-01-01,2.815,
APO,2014-01-01,1.6125,
APO,2015-01-01,0.9,
APO,2016-01-01,4.56,
APO,2017-01-01,9.405,
APO,2018-01-01,3.9525,
APO,2019-01-01,5.8275,
APO,2020-01-01,-1.035,
APO,2021-01-01,7.5625,
APO,2022-01-01,-0.555,
APO,2023-01-01,0.8075,
APO,2024-01-01,1.6225,
APO,2025-01-01,0.8899999999999999,
RACE,2015-01-01,6.109999999999999,
RACE,2016-01-01,7.83,
RACE,2017-01-01,12.2475,
RACE,2018-01-01,15.36,
RACE,2019-01-01,15.0775,
RACE,2020-01-01,10.2925,
RACE,2021-01-01,12.8775,
RACE,2022-01-01,12.6275,
RACE,2023-01-01,14.23,
RACE,2024-01-01,16.4875,
RACE,2025-01-01,16.91,
AON,2010-01-01,2.8449999999999998,
AON,2011-01-01,3.125,
AON,2012-01-01,3.2399999999999998,
AON,2013-01-01,3.5,
AON,2014-01-01,4.235,
AON,2015-01-01,4.6175,
AON,2016-01-01,5.425,
AON,2017-01-01,5.7625,
AON,2018-01-01,3.965,
AON,2019-01-01,5.035,
AON,2020-01-01,5.9125,
AON,2021-01-01,4.92,
AON,2022-01-01,6.25,
AON,2023-01-01,7.8275,
AON,2024-01-01,6.17,
AON,2025-01-01,5.1,
SCCO,2010-01-01,21.3325,
SCCO,2011-01-01,26.0125,
SCCO,2012-01-01,25.4075,
SCCO,2013-01-01,16.085,
SCCO,2014-01-01,12.434999999999999,
SCCO,2015-01-01,9.0175,
SCCO,2016-01-01,5.1425,
SCCO,2017-01-01,7.0875,
SCCO,2018-01-01,7.8225,
SCCO,2019-01-01,9.6675,
SCCO,2020-01-01,8.2425,
SCCO,2021-01-01,16.5775,
SCCO,2022-01-01,16.285,
SCCO,2023-01-01,15.7075,
SCCO,2024-01-01,16.57,
SCCO,2025-01-01,19.21,
CVNA,2016-01-01,-113.1,
CVNA,2017-01-01,-34.9625,
CVNA,2018-01-01,-5.61,
CVNA,2019-01-01,-6.8175,
CVNA,2020-01-01,-7.255,
CVNA,2021-01-01,-3.1100000000000003,
CVNA,2022-01-01,-10.36,
CVNA,2023-01-01,-7.005000000000001,
CVNA,2024-01-01,5.4925,
CVNA,2025-01-01,5.795,
MFG,2010-01-01,0.2866666666666667,
MFG,2011-01-01,0.2175,
MFG,2012-01-01,0.3125,
MFG,2013-01-01,0.37,
MFG,2014-01-01,0.3425,
MFG,2015-01-01,0.31,
MFG,2016-01-01,0.27,
MFG,2017-01-01,0.25,
MFG,2018-01-01,0.28,
MFG,2019-01-01,0.28,
MFG,2020-01-01,0.27,
MFG,2021-01-01,0.32,
MFG,2022-01-01,0.31,
MFG,2023-01-01,0.32,
MFG,2024-01-01,0.36,
ECL,2010-01-01,10.245000000000001,
ECL,2011-01-01,9.004999999999999,
ECL,2012-01-01,3.6125,
ECL,2013-01-01,4.8775,
ECL,2014-01-01,5.6775,
ECL,2015-01-01,5.9775,
ECL,2016-01-01,5.7575,
ECL,2017-01-01,7.01,
ECL,2018-01-01,7.5975,
ECL,2019-01-01,7.3725000000000005,
ECL,2020-01-01,-2.15,
ECL,2021-01-01,2.6975,
ECL,2022-01-01,5.390000000000001,
ECL,2023-01-01,5.7524999999999995,
ECL,2024-01-01,8.555,
ECL,2025-01-01,9.485,
EQIX,2010-01-01,1.3775,
EQIX,2011-01-01,1.61,
EQIX,2012-01-01,2.035,
EQIX,2013-01-01,1.4649999999999999,
EQIX,2014-01-01,0.4150000000000001,
EQIX,2015-01-01,-1.33,
EQIX,2016-01-01,0.745,
EQIX,2017-01-01,1.3625,
EQIX,2018-01-01,1.5625,
EQIX,2019-01-01,2.1925,
EQIX,2020-01-01,1.8399999999999999,
EQIX,2021-01-01,1.5275,
EQIX,2022-01-01,2.2175,
EQIX,2023-01-01,2.8,
EQIX,2024-01-01,2.935,
EQIX,2025-01-01,2.6950000000000003,
NEM,2010-01-01,8.657499999999999,
NEM,2011-01-01,6.715,
NEM,2012-01-01,2.1475,
NEM,2013-01-01,-2.195,
NEM,2014-01-01,-3.3675,
NEM,2015-01-01,1.7574999999999998,
NEM,2016-01-01,-1.085,
NEM,2017-01-01,-1.29,
NEM,2018-01-01,0.38499999999999995,
NEM,2019-01-01,4.1049999999999995,
NEM,2020-01-01,8.0425,
NEM,2021-01-01,5.3,
NEM,2022-01-01,1.5075,
NEM,2023-01-01,-2.825,
NEM,2024-01-01,-1.4449999999999998,
NEM,2025-01-01,10.155000000000001,
ITW,2010-01-01,9.7125,
ITW,2011-01-01,11.07,
ITW,2012-01-01,12.6225,
ITW,2013-01-01,11.66,
ITW,2014-01-01,13.33,
ITW,2015-01-01,12.684999999999999,
ITW,2016-01-01,12.6175,
ITW,2017-01-01,13.1,
ITW,2018-01-01,12.76,
ITW,2019-01-01,16.4575,
ITW,2020-01-01,15.120000000000001,
ITW,2021-01-01,16.64,
ITW,2022-01-01,17.57,
ITW,2023-01-01,19.72,
ITW,2024-01-01,20.995,
ITW,2025-01-01,21.665,
GSK,2010-01-01,9.4125,
GSK,2011-01-01,8.175,
GSK,2012-01-01,12.01,
GSK,2013-01-01,10.495000000000001,
GSK,2014-01-01,10.375,
GSK,2015-01-01,18.6775,
GSK,2016-01-01,0.7675,
GSK,2017-01-01,3.0975,
GSK,2018-01-01,3.9025,
GSK,2019-01-01,6.515000000000001,
GSK,2020-01-01,7.4425,
GSK,2021-01-01,5.8475,
GSK,2022-01-01,11.8475,
GSK,2023-01-01,16.89,
GSK,2024-01-01,5.765,
GSK,2025-01-01,5.5600000000000005,
EMR,2010-01-01,9.192499999999999,
EMR,2011-01-01,10.3525,
EMR,2012-01-01,9.215,
EMR,2013-01-01,7.9225,
EMR,2014-01-01,9.1075,
EMR,2015-01-01,11.1175,
EMR,2016-01-01,8.08,
EMR,2017-01-01,8.005,
EMR,2018-01-01,10.442499999999999,
EMR,2019-01-01,10.807500000000001,
EMR,2020-01-01,9.4225,
EMR,2021-01-01,9.9325,
EMR,2022-01-01,11.26,
EMR,2023-01-01,26.779999999999998,
EMR,2024-01-01,9.3425,
EMR,2025-01-01,5.84,
AJG,2010-01-01,4.2475000000000005,
AJG,2011-01-01,3.9875,
AJG,2012-01-01,3.93,
AJG,2013-01-01,4.345000000000001,
AJG,2014-01-01,3.785,
AJG,2015-01-01,3.1525,
AJG,2016-01-01,3.5425,
AJG,2017-01-01,4.255,
AJG,2018-01-01,3.795,
AJG,2019-01-01,3.8200000000000003,
AJG,2020-01-01,3.635,
AJG,2021-01-01,3.6075,
AJG,2022-01-01,2.8674999999999997,
AJG,2023-01-01,2.4175,
AJG,2024-01-01,2.09,
AJG,2025-01-01,2.41,
MSI,2010-01-01,1.7275,
MSI,2011-01-01,6.282500000000001,
MSI,2012-01-01,5.887499999999999,
MSI,2013-01-01,8.32,
MSI,2014-01-01,11.39,
MSI,2015-01-01,7.385,
MSI,2016-01-01,6.465,
MSI,2017-01-01,5.2775,
MSI,2018-01-01,2.045,
MSI,2019-01-01,10.115,
MSI,2020-01-01,8.2875,
MSI,2021-01-01,10.69,
MSI,2022-01-01,10.6425,
MSI,2023-01-01,12.735,
MSI,2024-01-01,11.26,
MSI,2025-01-01,14.55,
PNC,2010-01-01,1.0074999999999998,
PNC,2011-01-01,1.2774999999999999,
PNC,2012-01-01,0.9475,
PNC,2013-01-01,1.1524999999999999,
PNC,2014-01-01,1.2225,
PNC,2015-01-01,1.11,
PNC,2016-01-01,1.02,
PNC,2017-01-01,1.1275,
PNC,2018-01-01,1.425,
PNC,2019-01-01,1.245,
PNC,2020-01-01,1.0999999999999999,
PNC,2021-01-01,0.5525,
PNC,2022-01-01,0.9825,
PNC,2023-01-01,1.02,
PNC,2024-01-01,0.88,
PNC,2025-01-01,1.025,
RSG,2010-01-01,2.2199999999999998,
RSG,2011-01-01,2.8525,
RSG,2012-01-01,3.145,
RSG,2013-01-01,2.6425,
RSG,2014-01-01,3.2675,
RSG,2015-01-01,3.1325,
RSG,2016-01-01,3.235,
RSG,2017-01-01,4.0925,
RSG,2018-01-01,6.0600000000000005,
RSG,2019-01-01,4.855,
RSG,2020-01-01,4.5375,
RSG,2021-01-01,4.904999999999999,
RSG,2022-01-01,5.4325,
RSG,2023-01-01,5.5024999999999995,
RSG,2024-01-01,6.140000000000001,
RSG,2025-01-01,6.470000000000001,
ABNB,2020-01-01,-174.84,
ABNB,2021-01-01,-45.4525,
ABNB,2022-01-01,8.557500000000001,
ABNB,2023-01-01,18.68,
ABNB,2024-01-01,15.6175,
ABNB,2025-01-01,10.74,
NET,2019-01-01,-12.685,
NET,2020-01-01,-13.055,
NET,2021-01-01,-11.485,
NET,2022-01-01,-10.43,
NET,2023-01-01,-7.71,
NET,2024-01-01,-4.1025,
NET,2025-01-01,-2.49,
UPS,2010-01-01,8.325,
UPS,2011-01-01,11.3225,
UPS,2012-01-01,8.2175,
UPS,2013-01-01,5.0225,
UPS,2014-01-01,10.0875,
UPS,2015-01-01,10.7325,
UPS,2016-01-01,11.877500000000001,
UPS,2017-01-01,9.7025,
UPS,2018-01-01,11.4625,
UPS,2019-01-01,9.1675,
UPS,2020-01-01,6.2075,
UPS,2021-01-01,11.8825,
UPS,2022-01-01,16.0725,
UPS,2023-01-01,12.7225,
UPS,2024-01-01,8.162500000000001,
UPS,2025-01-01,8.365,
HWM,2010-01-01,-0.7525,
HWM,2011-01-01,2.1325,
HWM,2012-01-01,0.255,
HWM,2013-01-01,-1.0775000000000001,
HWM,2014-01-01,-4.7375,
HWM,2015-01-01,1.0525,
HWM,2016-01-01,-1.41,
HWM,2017-01-01,-2.205,
HWM,2018-01-01,-0.42,
HWM,2019-01-01,2.71,
HWM,2020-01-01,2.7775,
HWM,2021-01-01,2.21,
HWM,2022-01-01,3.91,
HWM,2023-01-01,5.925,
HWM,2024-01-01,9.6025,
HWM,2025-01-01,12.399999999999999,
