Ticker,Date,ROE,NetIncome
NVDA,2010-01-01,6.08,
NVDA,2011-01-01,12.785,
NVDA,2012-01-01,12.620000000000001,
NVDA,2013-01-01,11.7275,
NVDA,2014-01-01,11.8825,
NVDA,2015-01-01,13.712499999999999,
NVDA,2016-01-01,19.29,
NVDA,2017-01-01,38.0125,
NVDA,2018-01-01,53.7175,
NVDA,2019-01-01,33.5375,
NVDA,2020-01-01,27.252499999999998,
NVDA,2021-01-01,35.51,
NVDA,2022-01-01,34.2225,
NVDA,2023-01-01,38.287499999999994,
NVDA,2024-01-01,109.1225,
NVDA,2025-01-01,111.18,
MSFT,2010-01-01,42.925,
MSFT,2011-01-01,43.19,
MSFT,2012-01-01,27.385,
MSFT,2013-01-01,27.515,
MSFT,2014-01-01,24.9675,
MSFT,2015-01-01,16.295,
MSFT,2016-01-01,25.345,
MSFT,2017-01-01,29.845,
MSFT,2018-01-01,25.36,
MSFT,2019-01-01,41.39,
MSFT,2020-01-01,41.28,
MSFT,2021-01-01,46.865,
MSFT,2022-01-01,43.44,
MSFT,2023-01-01,38.345,
MSFT,2024-01-01,35.3525,
MSFT,2025-01-01,32.59,
AAPL,2010-01-01,33.7525,
AAPL,2011-01-01,40.54,
AAPL,2012-01-01,40.9,
AAPL,2013-01-01,30.03,
AAPL,2014-01-01,32.92,
AAPL,2015-01-01,41.6575,
AAPL,2016-01-01,37.165,
AAPL,2017-01-01,36.0375,
AAPL,2018-01-01,45.7675,
AAPL,2019-01-01,54.355000000000004,
AAPL,2020-01-01,75.2225,
AAPL,2021-01-01,134.185,
AAPL,2022-01-01,157.55,
AAPL,2023-01-01,161.865,
AAPL,2024-01-01,144.675,
AAPL,2025-01-01,151.31,
AMZN,2010-01-01,20.645,
AMZN,2011-01-01,12.625,
AMZN,2012-01-01,3.075,
AMZN,2013-01-01,0.56,
AMZN,2014-01-01,0.1499999999999999,
AMZN,2015-01-01,0.56,
AMZN,2016-01-01,12.445,
AMZN,2017-01-01,11.06,
AMZN,2018-01-01,22.392500000000002,
AMZN,2019-01-01,24.6925,
AMZN,2020-01-01,22.465,
AMZN,2021-01-01,28.155,
AMZN,2022-01-01,8.03,
AMZN,2023-01-01,10.2875,
AMZN,2024-01-01,21.5825,
AMZN,2025-01-01,24.26,
GOOGL,2010-01-01,20.1025,
GOOGL,2011-01-01,18.697499999999998,
GOOGL,2012-01-01,17.6325,
GOOGL,2013-01-01,15.899999999999999,
GOOGL,2014-01-01,14.42,
GOOGL,2015-01-01,13.845,
GOOGL,2016-01-01,14.6675,
GOOGL,2017-01-01,12.870000000000001,
GOOGL,2018-01-01,12.7625,
GOOGL,2019-01-01,17.6525,
GOOGL,2020-01-01,17.3475,
GOOGL,2021-01-01,28.2975,
GOOGL,2022-01-01,27.195,
GOOGL,2023-01-01,24.697499999999998,
GOOGL,2024-01-01,31.035,
GOOGL,2025-01-01,34.43,
META,2010-01-01,112.12,
META,2011-01-01,109.405,
META,2012-01-01,8.13,
META,2013-01-01,6.17,
META,2014-01-01,14.0425,
META,2015-01-01,8.575,
META,2016-01-01,15.372499999999999,
META,2017-01-01,22.2,
META,2018-01-01,25.595,
META,2019-01-01,21.03,
META,2020-01-01,23.24,
META,2021-01-01,29.39,
META,2022-01-01,24.255,
META,2023-01-01,21.4025,
META,2024-01-01,34.8775,
META,2025-01-01,39.01,
AVGO,2010-01-01,15.285,
AVGO,2011-01-01,33.1575,
AVGO,2012-01-01,27.0075,
AVGO,2013-01-01,21.8925,
AVGO,2014-01-01,14.735,
AVGO,2015-01-01,23.6125,
AVGO,2016-01-01,3.63,
AVGO,2017-01-01,0.08000000000000007,
AVGO,2018-01-01,39.215,
AVGO,2019-01-01,15.565,
AVGO,2020-01-01,10.275,
AVGO,2021-01-01,21.2725,
AVGO,2022-01-01,40.8525,
AVGO,2023-01-01,60.4,
AVGO,2024-01-01,18.295,
AVGO,2025-01-01,16.85,
TSLA,2010-01-01,-144.80999999999997,
TSLA,2011-01-01,-128.215,
TSLA,2012-01-01,-296.53,
TSLA,2013-01-01,-128.53750000000002,
TSLA,2014-01-01,-23.95,
TSLA,2015-01-01,-66.675,
TSLA,2016-01-01,-61.7675,
TSLA,2017-01-01,-22.695,
TSLA,2018-01-01,-36.6625,
TSLA,2019-01-01,-14.135,
TSLA,2020-01-01,2.945,
TSLA,2021-01-01,12.442499999999999,
TSLA,2022-01-01,30.0075,
TSLA,2023-01-01,25.6425,
TSLA,2024-01-01,18.4075,
TSLA,2025-01-01,8.21,
TSM,2010-01-01,28.080000000000002,
TSM,2011-01-01,26.055,
TSM,2012-01-01,23.1925,
TSM,2013-01-01,24.555,
TSM,2014-01-01,24.509999999999998,
TSM,2015-01-01,27.509999999999998,
TSM,2016-01-01,24.58,
TSM,2017-01-01,25.0825,
TSM,2018-01-01,23.48,
TSM,2019-01-01,20.732499999999998,
TSM,2020-01-01,28.7275,
TSM,2021-01-01,29.9,
TSM,2022-01-01,34.295,
TSM,2023-01-01,29.3525,
TSM,2024-01-01,27.255000000000003,
TSM,2025-01-01,31.275,
BRK.B,2010-01-01,8.64,
BRK.B,2011-01-01,6.922499999999999,
BRK.B,2012-01-01,7.2875,
BRK.B,2013-01-01,9.0875,
BRK.B,2014-01-01,8.87,
BRK.B,2015-01-01,8.645,
BRK.B,2016-01-01,9.27,
BRK.B,2017-01-01,9.010000000000002,
BRK.B,2018-01-01,11.030000000000001,
BRK.B,2019-01-01,10.665,
BRK.B,2020-01-01,6.8175,
BRK.B,2021-01-01,21.1525,
BRK.B,2022-01-01,3.5874999999999995,
BRK.B,2023-01-01,12.8425,
BRK.B,2024-01-01,14.355,
BRK.B,2025-01-01,11.17,
WMT,2010-01-01,21.2875,
WMT,2011-01-01,23.8,
WMT,2012-01-01,21.8675,
WMT,2013-01-01,21.945,
WMT,2014-01-01,19.95,
WMT,2015-01-01,19.009999999999998,
WMT,2016-01-01,17.9625,
WMT,2017-01-01,16.255000000000003,
WMT,2018-01-01,9.275,
WMT,2019-01-01,13.65,
WMT,2020-01-01,21.365000000000002,
WMT,2021-01-01,12.875,
WMT,2022-01-01,14.0475,
WMT,2023-01-01,16.0775,
WMT,2024-01-01,19.78,
WMT,2025-01-01,20.595,
JPM,2010-01-01,8.0325,
JPM,2011-01-01,10.1475,
JPM,2012-01-01,9.412500000000001,
JPM,2013-01-01,9.49,
JPM,2014-01-01,8.04,
JPM,2015-01-01,9.0825,
JPM,2016-01-01,8.9125,
JPM,2017-01-01,9.375,
JPM,2018-01-01,10.65,
JPM,2019-01-01,12.6375,
JPM,2020-01-01,9.719999999999999,
JPM,2021-01-01,15.954999999999998,
JPM,2022-01-01,12.8875,
JPM,2023-01-01,15.114999999999998,
JPM,2024-01-01,15.7075,
JPM,2025-01-01,16.310000000000002,
ORCL,2010-01-01,21.17,
ORCL,2011-01-01,23.294999999999998,
ORCL,2012-01-01,23.5975,
ORCL,2013-01-01,24.775,
ORCL,2014-01-01,23.997500000000002,
ORCL,2015-01-01,20.5,
ORCL,2016-01-01,18.802500000000002,
ORCL,2017-01-01,18.445,
ORCL,2018-01-01,7.699999999999999,
ORCL,2019-01-01,41.7775,
ORCL,2020-01-01,72.3875,
ORCL,2021-01-01,345.46250000000003,
ORCL,2022-01-01,-142.9475,
ORCL,2023-01-01,-716.755,
ORCL,2024-01-01,181.115,
ORCL,2025-01-01,85.805,
V,2010-01-01,11.91,
V,2011-01-01,13.7425,
V,2012-01-01,9.285,
V,2013-01-01,16.5175,
V,2014-01-01,20.2175,
V,2015-01-01,21.5425,
V,2016-01-01,20.105,
V,2017-01-01,19.685,
V,2018-01-01,29.814999999999998,
V,2019-01-01,34.5,
V,2020-01-01,32.457499999999996,
V,2021-01-01,31.4925,
V,2022-01-01,40.365,
V,2023-01-01,44.5925,
V,2024-01-01,48.765,
V,2025-01-01,51.955,
LLY,2010-01-01,44.625,
LLY,2011-01-01,34.89,
LLY,2012-01-01,28.2725,
LLY,2013-01-01,30.71,
LLY,2014-01-01,17.655,
LLY,2015-01-01,14.5725,
LLY,2016-01-01,16.725,
LLY,2017-01-01,11.469999999999999,
LLY,2018-01-01,8.927499999999998,
LLY,2019-01-01,153.65,
LLY,2020-01-01,157.1475,
LLY,2021-01-01,91.9025,
LLY,2022-01-01,66.705,
LLY,2023-01-01,51.84,
LLY,2024-01-01,63.755,
LLY,2025-01-01,76.49,
MA,2010-01-01,43.81,
MA,2011-01-01,39.1375,
MA,2012-01-01,36.1275,
MA,2013-01-01,43.0775,
MA,2014-01-01,49.505,
MA,2015-01-01,58.365,
MA,2016-01-01,65.8225,
MA,2017-01-01,72.6925,
MA,2018-01-01,88.505,
MA,2019-01-01,132.0075,
MA,2020-01-01,124.13250000000001,
MA,2021-01-01,117.2125,
MA,2022-01-01,143.48250000000002,
MA,2023-01-01,175.01999999999998,
MA,2024-01-01,175.9075,
MA,2025-01-01,188.53,
NFLX,2010-01-01,72.25750000000001,
NFLX,2011-01-01,71.83,
NFLX,2012-01-01,14.2325,
NFLX,2013-01-01,6.6375,
NFLX,2014-01-01,14.532499999999999,
NFLX,2015-01-01,9.3875,
NFLX,2016-01-01,6.6075,
NFLX,2017-01-01,14.36,
NFLX,2018-01-01,25.0375,
NFLX,2019-01-01,24.435,
NFLX,2020-01-01,30.9625,
NFLX,2021-01-01,36.0825,
NFLX,2022-01-01,28.185,
NFLX,2023-01-01,21.4075,
NFLX,2024-01-01,34.1825,
NFLX,2025-01-01,41.055,
XOM,2010-01-01,20.16,
XOM,2011-01-01,24.677500000000002,
XOM,2012-01-01,26.3275,
XOM,2013-01-01,21.3575,
XOM,2014-01-01,18.26,
XOM,2015-01-01,12.2075,
XOM,2016-01-01,5.6850000000000005,
XOM,2017-01-01,7.425,
XOM,2018-01-01,11.0125,
XOM,2019-01-01,8.2525,
XOM,2020-01-01,-0.2775000000000003,
XOM,2021-01-01,-2.16,
XOM,2022-01-01,23.7675,
XOM,2023-01-01,23.552500000000002,
XOM,2024-01-01,14.3575,
XOM,2025-01-01,11.780000000000001,
COST,2010-01-01,11.834999999999999,
COST,2011-01-01,11.995000000000001,
COST,2012-01-01,12.969999999999999,
COST,2013-01-01,17.6775,
COST,2014-01-01,17.35,
COST,2015-01-01,20.535,
COST,2016-01-01,20.6025,
COST,2017-01-01,22.13,
COST,2018-01-01,25.825,
COST,2019-01-01,25.4125,
COST,2020-01-01,23.685000000000002,
COST,2021-01-01,28.3825,
COST,2022-01-01,29.1425,
COST,2023-01-01,27.314999999999998,
COST,2024-01-01,31.11,
COST,2025-01-01,31.54,
PLTR,2020-01-01,-305.98,
PLTR,2021-01-01,-73.3425,
PLTR,2022-01-01,-21.155,
PLTR,2023-01-01,-0.029999999999999805,
PLTR,2024-01-01,10.477500000000001,
PLTR,2025-01-01,13.100000000000001,
HD,2010-01-01,15.02,
HD,2011-01-01,18.759999999999998,
HD,2012-01-01,23.1125,
HD,2013-01-01,29.0175,
HD,2014-01-01,43.815,
HD,2015-01-01,69.00999999999999,
HD,2016-01-01,105.5325,
HD,2017-01-01,182.17000000000002,
HD,2018-01-01,463.84000000000003,
HD,2019-01-01,-1735.9025,
HD,2020-01-01,-647.59,
HD,2021-01-01,1994.5475000000001,
HD,2022-01-01,-6673.1275000000005,
HD,2023-01-01,2407.6375000000003,
HD,2024-01-01,908.5250000000001,
HD,2025-01-01,276.69,
PG,2010-01-01,18.63,
PG,2011-01-01,16.81,
PG,2012-01-01,16.305,
PG,2013-01-01,16.97,
PG,2014-01-01,15.112499999999999,
PG,2015-01-01,12.3025,
PG,2016-01-01,18.66,
PG,2017-01-01,24.735,
PG,2018-01-01,18.265,
PG,2019-01-01,11.0225,
PG,2020-01-01,23.7375,
PG,2021-01-01,29.71,
PG,2022-01-01,31.2175,
PG,2023-01-01,31.3825,
PG,2024-01-01,29.405,
PG,2025-01-01,29.765,
ABBV,2011-01-01,115.09,
ABBV,2012-01-01,46.285,
ABBV,2013-01-01,98.2525,
ABBV,2014-01-01,78.915,
ABBV,2015-01-01,83.37,
ABBV,2016-01-01,116.0575,
ABBV,2017-01-01,112.0025,
ABBV,2018-01-01,354.345,
ABBV,2019-01-01,-72.4675,
ABBV,2020-01-01,-38.6,
ABBV,2021-01-01,56.325,
ABBV,2022-01-01,82.385,
ABBV,2023-01-01,48.295,
ABBV,2024-01-01,61.4375,
ABBV,2025-01-01,116.10499999999999,
SAP,2010-01-01,24.942500000000003,
SAP,2011-01-01,24.435,
SAP,2012-01-01,25.2325,
SAP,2013-01-01,21.7675,
SAP,2014-01-01,20.3575,
SAP,2015-01-01,15.375,
SAP,2016-01-01,14.870000000000001,
SAP,2017-01-01,14.4375,
SAP,2018-01-01,16.6675,
SAP,2019-01-01,11.4625,
SAP,2020-01-01,15.785,
SAP,2021-01-01,16.6775,
SAP,2022-01-01,8.795,
SAP,2023-01-01,10.9475,
SAP,2024-01-01,7.4525,
SAP,2025-01-01,13.985,
BAC,2010-01-01,-1.595,
BAC,2011-01-01,-2.6550000000000002,
BAC,2012-01-01,1.6474999999999997,
BAC,2013-01-01,2.7600000000000002,
BAC,2014-01-01,2.5725,
BAC,2015-01-01,4.7925,
BAC,2016-01-01,5.7125,
BAC,2017-01-01,6.6575,
BAC,2018-01-01,8.1375,
BAC,2019-01-01,10.035,
BAC,2020-01-01,7.12,
BAC,2021-01-01,9.73,
BAC,2022-01-01,10.0075,
BAC,2023-01-01,9.785,
BAC,2024-01-01,8.0075,
BAC,2025-01-01,8.940000000000001,
CVX,2010-01-01,17.0,
CVX,2011-01-01,21.86,
CVX,2012-01-01,20.5125,
CVX,2013-01-01,16.9075,
CVX,2014-01-01,13.1325,
CVX,2015-01-01,6.835,
CVX,2016-01-01,-0.24500000000000002,
CVX,2017-01-01,4.135,
CVX,2018-01-01,8.455,
CVX,2019-01-01,7.1850000000000005,
CVX,2020-01-01,-3.9425,
CVX,2021-01-01,3.9375,
CVX,2022-01-01,20.0875,
CVX,2023-01-01,17.59,
CVX,2024-01-01,11.405,
CVX,2025-01-01,10.09,
KO,2010-01-01,32.49,
KO,2011-01-01,36.0225,
KO,2012-01-01,26.669999999999998,
KO,2013-01-01,26.2875,
KO,2014-01-01,24.1,
KO,2015-01-01,24.41,
KO,2016-01-01,27.575,
KO,2017-01-01,17.1225,
KO,2018-01-01,15.975000000000001,
KO,2019-01-01,37.98,
KO,2020-01-01,43.5725,
KO,2021-01-01,37.644999999999996,
KO,2022-01-01,39.0025,
KO,2023-01-01,39.449999999999996,
KO,2024-01-01,38.4075,
KO,2025-01-01,41.33,
GE,2010-01-01,8.395,
GE,2011-01-01,10.6525,
GE,2012-01-01,10.5,
GE,2013-01-01,10.71,
GE,2014-01-01,9.84,
GE,2015-01-01,-4.285,
GE,2016-01-01,9.6175,
GE,2017-01-01,2.18,
GE,2018-01-01,-28.68,
GE,2019-01-01,-22.8425,
GE,2020-01-01,0.42500000000000004,
GE,2021-01-01,-9.29,
GE,2022-01-01,-9.895,
GE,2023-01-01,28.3575,
GE,2024-01-01,20.8575,
GE,2025-01-01,38.2,
AMD,2010-01-01,376.155,
AMD,2011-01-01,60.575,
AMD,2012-01-01,-72.2975,
AMD,2013-01-01,-102.7775,
AMD,2014-01-01,-14.452499999999997,
AMD,2015-01-01,249.62,
AMD,2016-01-01,553.84,
AMD,2017-01-01,-91.1525,
AMD,2018-01-01,29.3275,
AMD,2019-01-01,15.3725,
AMD,2020-01-01,32.5275,
AMD,2021-01-01,55.7675,
AMD,2022-01-01,8.825,
AMD,2023-01-01,0.65,
AMD,2024-01-01,2.64,
AMD,2025-01-01,4.385,
CSCO,2010-01-01,17.18,
CSCO,2011-01-01,15.0925,
CSCO,2012-01-01,15.555,
CSCO,2013-01-01,17.615000000000002,
CSCO,2014-01-01,13.83,
CSCO,2015-01-01,15.5975,
CSCO,2016-01-01,17.13,
CSCO,2017-01-01,15.2075,
CSCO,2018-01-01,-0.39749999999999996,
CSCO,2019-01-01,30.452499999999997,
CSCO,2020-01-01,30.535,
CSCO,2021-01-01,26.9375,
CSCO,2022-01-01,29.02,
CSCO,2023-01-01,29.3075,
CSCO,2024-01-01,25.01,
CSCO,2025-01-01,20.845,
ASML,2010-01-01,25.0125,
ASML,2011-01-01,46.7875,
ASML,2012-01-01,28.71,
ASML,2013-01-01,16.805,
ASML,2014-01-01,16.8225,
ASML,2015-01-01,16.8425,
ASML,2016-01-01,15.025,
ASML,2017-01-01,19.5325,
ASML,2018-01-01,22.0775,
ASML,2019-01-01,20.322499999999998,
ASML,2020-01-01,24.5175,
ASML,2021-01-01,40.41,
ASML,2022-01-01,59.585,
ASML,2023-01-01,75.685,
ASML,2024-01-01,50.625,
ASML,2025-01-01,52.84,
TMUS,2010-01-01,8.22,
TMUS,2011-01-01,9.2325,
TMUS,2012-01-01,-103.0325,
TMUS,2013-01-01,-76.7525,
TMUS,2014-01-01,0.5525,
TMUS,2015-01-01,2.81,
TMUS,2016-01-01,7.355,
TMUS,2017-01-01,13.2075,
TMUS,2018-01-01,18.825,
TMUS,2019-01-01,12.715,
TMUS,2020-01-01,7.9625,
TMUS,2021-01-01,5.0275,
TMUS,2022-01-01,3.115,
TMUS,2023-01-01,9.719999999999999,
TMUS,2024-01-01,15.7325,
TMUS,2025-01-01,19.39,
BABA,2014-01-01,41.105,
BABA,2015-01-01,28.950000000000003,
BABA,2016-01-01,18.9375,
BABA,2017-01-01,16.77,
BABA,2018-01-01,14.885,
BABA,2019-01-01,20.635,
BABA,2020-01-01,17.767500000000002,
BABA,2021-01-01,11.9525,
BABA,2022-01-01,3.6550000000000002,
BABA,2023-01-01,8.6375,
BABA,2024-01-01,8.16,
BABA,2025-01-01,12.1,
PM,2010-01-01,131.055,
PM,2011-01-01,221.10500000000002,
PM,2012-01-01,-301.7975,
PM,2013-01-01,-236.1375,
PM,2014-01-01,-107.8075,
PM,2015-01-01,-64.8275,
PM,2016-01-01,-59.595,
PM,2017-01-01,-64.92,
PM,2018-01-01,-66.01,
PM,2019-01-01,-75.76,
PM,2020-01-01,-75.4675,
PM,2021-01-01,-92.715,
PM,2022-01-01,-113.22749999999999,
PM,2023-01-01,-110.69500000000001,
PM,2024-01-01,-99.4375,
PM,2025-01-01,-88.91,
WFC,2010-01-01,7.5649999999999995,
WFC,2011-01-01,10.49,
WFC,2012-01-01,11.344999999999999,
WFC,2013-01-01,12.3375,
WFC,2014-01-01,12.35,
WFC,2015-01-01,11.4575,
WFC,2016-01-01,10.485,
WFC,2017-01-01,10.0,
WFC,2018-01-01,9.855,
WFC,2019-01-01,10.495000000000001,
WFC,2020-01-01,2.45,
WFC,2021-01-01,8.0125,
WFC,2022-01-01,8.8625,
WFC,2023-01-01,8.92,
WFC,2024-01-01,9.6725,
WFC,2025-01-01,10.525,
TM,2010-01-01,3.9974999999999996,
TM,2011-01-01,2.4425,
TM,2012-01-01,5.325,
TM,2013-01-01,9.5725,
TM,2014-01-01,12.49,
TM,2015-01-01,12.5875,
TM,2016-01-01,11.73,
TM,2017-01-01,10.7525,
TM,2018-01-01,12.2775,
TM,2019-01-01,10.1075,
TM,2020-01-01,7.8375,
TM,2021-01-01,11.9175,
TM,2022-01-01,9.6075,
TM,2023-01-01,11.435,
TM,2024-01-01,14.46,
IBM,2010-01-01,66.9425,
IBM,2011-01-01,68.63,
IBM,2012-01-01,77.7075,
IBM,2013-01-01,82.87,
IBM,2014-01-01,79.705,
IBM,2015-01-01,94.72500000000001,
IBM,2016-01-01,79.7225,
IBM,2017-01-01,55.1475,
IBM,2018-01-01,34.88,
IBM,2019-01-01,48.192499999999995,
IBM,2020-01-01,37.822500000000005,
IBM,2021-01-01,24.8625,
IBM,2022-01-01,17.3325,
IBM,2023-01-01,20.6825,
IBM,2024-01-01,30.8225,
IBM,2025-01-01,21.590000000000003,
CRM,2010-01-01,7.657500000000001,
CRM,2011-01-01,2.9225,
CRM,2012-01-01,-4.6575,
CRM,2013-01-01,-10.665,
CRM,2014-01-01,-9.8475,
CRM,2015-01-01,-4.03,
CRM,2016-01-01,1.565,
CRM,2017-01-01,3.3375000000000004,
CRM,2018-01-01,6.93,
CRM,2019-01-01,6.325,
CRM,2020-01-01,4.09,
CRM,2021-01-01,7.55,
CRM,2022-01-01,1.4625,
CRM,2023-01-01,2.0425,
CRM,2024-01-01,9.01,
CRM,2025-01-01,10.445,
ABT,2010-01-01,23.3625,
ABT,2011-01-01,19.752499999999998,
ABT,2012-01-01,22.1175,
ABT,2013-01-01,15.17,
ABT,2014-01-01,9.575,
ABT,2015-01-01,19.915,
ABT,2016-01-01,8.8475,
ABT,2017-01-01,4.9,
ABT,2018-01-01,3.735,
ABT,2019-01-01,9.98,
ABT,2020-01-01,11.6425,
ABT,2021-01-01,19.6975,
ABT,2022-01-01,21.735,
ABT,2023-01-01,14.7,
ABT,2024-01-01,18.9725,
ABT,2025-01-01,30.18,
AZN,2010-01-01,38.9375,
AZN,2011-01-01,39.395,
AZN,2012-01-01,32.16,
AZN,2013-01-01,19.1325,
AZN,2014-01-01,7.1325,
AZN,2015-01-01,9.5025,
AZN,2016-01-01,16.66,
AZN,2017-01-01,22.2575,
AZN,2018-01-01,16.8325,
AZN,2019-01-01,14.635000000000002,
AZN,2020-01-01,17.1225,
AZN,2021-01-01,15.1025,
AZN,2022-01-01,2.0275,
AZN,2023-01-01,15.4825,
AZN,2024-01-01,16.945,
AZN,2025-01-01,19.475,
MS,2010-01-01,5.1899999999999995,
MS,2011-01-01,3.3049999999999997,
MS,2012-01-01,0.94,
MS,2013-01-01,3.0475,
MS,2014-01-01,5.4725,
MS,2015-01-01,5.5875,
MS,2016-01-01,6.1,
MS,2017-01-01,7.914999999999999,
MS,2018-01-01,9.045,
MS,2019-01-01,9.774999999999999,
MS,2020-01-01,10.415,
MS,2021-01-01,13.295,
MS,2022-01-01,11.8975,
MS,2023-01-01,9.1475,
MS,2024-01-01,10.4025,
MS,2025-01-01,13.145,
NVS,2010-01-01,16.9225,
NVS,2011-01-01,14.5875,
NVS,2012-01-01,13.1225,
NVS,2013-01-01,13.4375,
NVS,2014-01-01,14.135,
NVS,2015-01-01,25.35,
NVS,2016-01-01,9.067499999999999,
NVS,2017-01-01,9.525,
NVS,2018-01-01,16.0975,
NVS,2019-01-01,19.65,
NVS,2020-01-01,16.189999999999998,
NVS,2021-01-01,22.807499999999997,
NVS,2022-01-01,30.7025,
NVS,2023-01-01,18.1325,
NVS,2024-01-01,35.6325,
NVS,2025-01-01,31.564999999999998,
UNH,2010-01-01,18.0675,
UNH,2011-01-01,18.5875,
UNH,2012-01-01,18.57,
UNH,2013-01-01,17.435000000000002,
UNH,2014-01-01,17.1175,
UNH,2015-01-01,18.362499999999997,
UNH,2016-01-01,18.29,
UNH,2017-01-01,20.365,
UNH,2018-01-01,23.77,
UNH,2019-01-01,23.9825,
UNH,2020-01-01,25.2925,
UNH,2021-01-01,22.845,
UNH,2022-01-01,24.7725,
UNH,2023-01-01,25.35,
UNH,2024-01-01,15.5175,
UNH,2025-01-01,21.895,
LIN,2010-01-01,22.8225,
LIN,2011-01-01,22.375,
LIN,2012-01-01,27.6075,
LIN,2013-01-01,26.3925,
LIN,2014-01-01,26.1425,
LIN,2015-01-01,27.1625,
LIN,2016-01-01,29.1425,
LIN,2017-01-01,24.93,
LIN,2018-01-01,21.2925,
LIN,2019-01-01,9.33,
LIN,2020-01-01,4.7475,
LIN,2021-01-01,7.1425,
LIN,2022-01-01,8.98,
LIN,2023-01-01,13.682500000000001,
LIN,2024-01-01,15.9125,
LIN,2025-01-01,16.735,
MCD,2010-01-01,35.2075,
MCD,2011-01-01,37.155,
MCD,2012-01-01,38.445,
MCD,2013-01-01,36.87,
MCD,2014-01-01,33.7775,
MCD,2015-01-01,39.0775,
MCD,2016-01-01,781.3874999999999,
MCD,2017-01-01,-262.845,
MCD,2018-01-01,-121.5625,
MCD,2019-01-01,-86.17750000000001,
MCD,2020-01-01,-58.447500000000005,
MCD,2021-01-01,-98.9375,
MCD,2022-01-01,-108.99000000000001,
MCD,2023-01-01,-142.2325,
MCD,2024-01-01,-173.8825,
MCD,2025-01-01,-229.685,
HSBC,2010-01-01,17.1,
HSBC,2011-01-01,11.3875,
HSBC,2012-01-01,8.2925,
HSBC,2013-01-01,9.075000000000001,
HSBC,2014-01-01,7.717499999999999,
HSBC,2015-01-01,9.0475,
HSBC,2016-01-01,3.565,
HSBC,2017-01-01,0.375,
HSBC,2018-01-01,4.535,
HSBC,2019-01-01,7.12,
HSBC,2020-01-01,5.84,
HSBC,2021-01-01,5.085,
HSBC,2022-01-01,5.84,
HSBC,2023-01-01,10.004999999999999,
HSBC,2024-01-01,12.925,
NVO,2010-01-01,37.515,
NVO,2011-01-01,45.5575,
NVO,2012-01-01,55.7025,
NVO,2013-01-01,66.3475,
NVO,2014-01-01,69.3,
NVO,2015-01-01,82.39750000000001,
NVO,2016-01-01,86.5175,
NVO,2017-01-01,86.335,
NVO,2018-01-01,81.44,
NVO,2019-01-01,73.4,
NVO,2020-01-01,72.5875,
NVO,2021-01-01,72.89250000000001,
NVO,2022-01-01,72.58250000000001,
NVO,2023-01-01,83.8125,
NVO,2024-01-01,87.53999999999999,
NVO,2025-01-01,80.91,
INTU,2010-01-01,21.3375,
INTU,2011-01-01,23.6275,
INTU,2012-01-01,29.8475,
INTU,2013-01-01,28.4525,
INTU,2014-01-01,30.435000000000002,
INTU,2015-01-01,18.82,
INTU,2016-01-01,76.06,
INTU,2017-01-01,84.0125,
INTU,2018-01-01,77.57,
INTU,2019-01-01,47.9975,
INTU,2020-01-01,40.245000000000005,
INTU,2021-01-01,26.1025,
INTU,2022-01-01,16.0125,
INTU,2023-01-01,13.7625,
INTU,2024-01-01,16.6275,
INTU,2025-01-01,17.58,
SHEL,2010-01-01,11.5825,
SHEL,2011-01-01,17.915,
SHEL,2012-01-01,15.9925,
SHEL,2013-01-01,12.1775,
SHEL,2014-01-01,8.2375,
SHEL,2015-01-01,4.5325,
SHEL,2016-01-01,0.17250000000000004,
SHEL,2017-01-01,5.0775,
SHEL,2018-01-01,9.9975,
SHEL,2019-01-01,10.0825,
SHEL,2020-01-01,-5.9475,
SHEL,2021-01-01,2.025,
SHEL,2022-01-01,19.622500000000002,
SHEL,2023-01-01,15.752500000000001,
SHEL,2024-01-01,9.030000000000001,
SHEL,2025-01-01,7.33,
RTX,2010-01-01,19.997500000000002,
RTX,2011-01-01,20.8375,
RTX,2012-01-01,18.8625,
RTX,2013-01-01,21.9775,
RTX,2014-01-01,17.975,
RTX,2015-01-01,20.43,
RTX,2016-01-01,22.2175,
RTX,2017-01-01,16.855,
RTX,2018-01-01,15.015,
RTX,2019-01-01,13.015,
RTX,2020-01-01,-0.9299999999999997,
RTX,2021-01-01,2.2625,
RTX,2022-01-01,6.2524999999999995,
RTX,2023-01-01,6.0075,
RTX,2024-01-01,6.02,
RTX,2025-01-01,8.575,
GS,2010-01-01,15.252500000000001,
GS,2011-01-01,5.935,
GS,2012-01-01,6.9025,
GS,2013-01-01,10.385,
GS,2014-01-01,9.842500000000001,
GS,2015-01-01,8.645,
GS,2016-01-01,6.1425,
GS,2017-01-01,8.0125,
GS,2018-01-01,7.1575,
GS,2019-01-01,9.6975,
GS,2020-01-01,7.3175,
GS,2021-01-01,19.4075,
GS,2022-01-01,12.9,
GS,2023-01-01,7.12,
GS,2024-01-01,9.3225,
GS,2025-01-01,11.83,
BX,2010-01-01,-8.4525,
BX,2011-01-01,-1.4825,
BX,2012-01-01,-0.54,
BX,2013-01-01,6.8475,
BX,2014-01-01,12.0475,
BX,2015-01-01,9.26,
BX,2016-01-01,5.095,
BX,2017-01-01,11.377500000000001,
BX,2018-01-01,11.975,
BX,2019-01-01,11.4275,
BX,2020-01-01,5.845,
BX,2021-01-01,28.955,
BX,2022-01-01,16.482499999999998,
BX,2023-01-01,7.1875,
BX,2024-01-01,12.932500000000001,
BX,2025-01-01,14.525,
AXP,2010-01-01,24.695,
AXP,2011-01-01,27.005,
AXP,2012-01-01,25.21,
AXP,2013-01-01,24.655,
AXP,2014-01-01,28.495,
AXP,2015-01-01,26.505,
AXP,2016-01-01,25.185000000000002,
AXP,2017-01-01,20.16,
AXP,2018-01-01,20.45,
AXP,2019-01-01,30.32,
AXP,2020-01-01,17.7875,
AXP,2021-01-01,28.785,
AXP,2022-01-01,32.3875,
AXP,2023-01-01,29.675,
AXP,2024-01-01,33.394999999999996,
AXP,2025-01-01,33.03,
DIS,2010-01-01,10.48,
DIS,2011-01-01,11.715,
DIS,2012-01-01,13.4975,
DIS,2013-01-01,13.8275,
DIS,2014-01-01,15.5525,
DIS,2015-01-01,17.22,
DIS,2016-01-01,19.0625,
DIS,2017-01-01,20.39,
DIS,2018-01-01,24.1075,
DIS,2019-01-01,14.9875,
DIS,2020-01-01,-1.0225,
DIS,2021-01-01,0.44000000000000017,
DIS,2022-01-01,3.2075,
DIS,2023-01-01,2.8975,
DIS,2024-01-01,4.0625,
DIS,2025-01-01,9.495000000000001,
MRK,2010-01-01,15.9025,
MRK,2011-01-01,6.5175,
MRK,2012-01-01,11.585,
MRK,2013-01-01,9.254999999999999,
MRK,2014-01-01,13.7775,
MRK,2015-01-01,19.185000000000002,
MRK,2016-01-01,10.84,
MRK,2017-01-01,9.05,
MRK,2018-01-01,9.465,
MRK,2019-01-01,32.7575,
MRK,2020-01-01,36.32,
MRK,2021-01-01,26.869999999999997,
MRK,2022-01-01,37.457499999999996,
MRK,2023-01-01,11.8575,
MRK,2024-01-01,26.9725,
MRK,2025-01-01,36.47,
T,2010-01-01,15.5375,
T,2011-01-01,12.6975,
T,2012-01-01,4.842499999999999,
T,2013-01-01,11.235,
T,2014-01-01,16.65,
T,2015-01-01,7.805,
T,2016-01-01,11.435,
T,2017-01-01,13.41,
T,2018-01-01,18.802500000000002,
T,2019-01-01,8.620000000000001,
T,2020-01-01,4.0375,
T,2021-01-01,2.2425,
T,2022-01-01,6.7524999999999995,
T,2023-01-01,-3.285,
T,2024-01-01,9.6475,
T,2025-01-01,10.285,
PEP,2010-01-01,32.7975,
PEP,2011-01-01,27.845,
PEP,2012-01-01,27.71,
PEP,2013-01-01,29.185000000000002,
PEP,2014-01-01,29.63,
PEP,2015-01-01,34.317499999999995,
PEP,2016-01-01,47.2875,
PEP,2017-01-01,52.425,
PEP,2018-01-01,58.985,
PEP,2019-01-01,83.8475,
PEP,2020-01-01,51.4225,
PEP,2021-01-01,54.6075,
PEP,2022-01-01,54.3725,
PEP,2023-01-01,44.3025,
PEP,2024-01-01,49.4325,
PEP,2025-01-01,44.865,
SHOP,2014-01-01,-129.41,
SHOP,2015-01-01,-27.182499999999997,
SHOP,2016-01-01,-12.72,
SHOP,2017-01-01,-7.73,
SHOP,2018-01-01,-3.9175,
SHOP,2019-01-01,-4.5625,
SHOP,2020-01-01,1.0575,
SHOP,2021-01-01,29.99,
SHOP,2022-01-01,-22.3375,
SHOP,2023-01-01,-14.9275,
SHOP,2024-01-01,11.7675,
SHOP,2025-01-01,15.37,
CAT,2010-01-01,20.427500000000002,
CAT,2011-01-01,34.94,
CAT,2012-01-01,38.8825,
CAT,2013-01-01,22.950000000000003,
CAT,2014-01-01,17.8325,
CAT,2015-01-01,14.48,
CAT,2016-01-01,6.015000000000001,
CAT,2017-01-01,2.81,
CAT,2018-01-01,25.595,
CAT,2019-01-01,41.265,
CAT,2020-01-01,27.1025,
CAT,2021-01-01,30.11,
CAT,2022-01-01,41.65,
CAT,2023-01-01,49.2025,
CAT,2024-01-01,58.6725,
CAT,2025-01-01,51.78,
UBER,2018-01-01,101.56,
UBER,2019-01-01,-7785.175,
UBER,2020-01-01,-60.817499999999995,
UBER,2021-01-01,-15.6825,
UBER,2022-01-01,-84.8775,
UBER,2023-01-01,-4.4475,
UBER,2024-01-01,31.48,
UBER,2025-01-01,63.209999999999994,
RY,2010-01-01,13.4175,
RY,2011-01-01,12.355,
RY,2012-01-01,13.940000000000001,
RY,2013-01-01,16.895,
RY,2014-01-01,16.505,
RY,2015-01-01,16.322499999999998,
RY,2016-01-01,14.8775,
RY,2017-01-01,15.1875,
RY,2018-01-01,15.64,
RY,2019-01-01,15.4975,
RY,2020-01-01,14.075,
RY,2021-01-01,15.637500000000001,
RY,2022-01-01,15.615,
RY,2023-01-01,13.16,
RY,2024-01-01,13.06,
RY,2025-01-01,13.725000000000001,
NOW,2011-01-01,0.0,
NOW,2012-01-01,-202.99,
NOW,2013-01-01,-23.6875,
NOW,2014-01-01,-37.16,
NOW,2015-01-01,-44.0375,
NOW,2016-01-01,-111.935,
NOW,2017-01-01,-23.8,
NOW,2018-01-01,-7.8925,
NOW,2019-01-01,10.2225,
NOW,2020-01-01,26.84,
NOW,2021-01-01,6.275,
NOW,2022-01-01,5.7875,
NOW,2023-01-01,21.259999999999998,
NOW,2024-01-01,18.0475,
NOW,2025-01-01,16.47,
VZ,2010-01-01,2.2925,
VZ,2011-01-01,5.510000000000001,
VZ,2012-01-01,2.675,
VZ,2013-01-01,4.58,
VZ,2014-01-01,39.34,
VZ,2015-01-01,86.5775,
VZ,2016-01-01,79.7075,
VZ,2017-01-01,69.01,
VZ,2018-01-01,60.55,
VZ,2019-01-01,29.2875,
VZ,2020-01-01,29.2475,
VZ,2021-01-01,28.564999999999998,
VZ,2022-01-01,24.4775,
VZ,2023-01-01,20.1,
VZ,2024-01-01,12.8675,
VZ,2025-01-01,17.93,
BKNG,2010-01-01,38.7725,
BKNG,2011-01-01,43.25,
BKNG,2012-01-01,46.144999999999996,
BKNG,2013-01-01,36.46,
BKNG,2014-01-01,30.1125,
BKNG,2015-01-01,28.715,
BKNG,2016-01-01,25.8175,
BKNG,2017-01-01,24.134999999999998,
BKNG,2018-01-01,28.095,
BKNG,2019-01-01,61.215,
BKNG,2020-01-01,36.887499999999996,
BKNG,2021-01-01,13.305,
BKNG,2022-01-01,44.19,
BKNG,2023-01-01,161.5975,
BKNG,2024-01-01,-173.3125,
BKNG,2025-01-01,-107.32,
GEV,2023-01-01,-20.91,
GEV,2024-01-01,9.8375,
GEV,2025-01-01,15.16,
HDB,2010-01-01,14.0725,
HDB,2011-01-01,15.3975,
HDB,2012-01-01,17.2375,
HDB,2013-01-01,18.1,
HDB,2014-01-01,18.52,
HDB,2020-01-01,8.38,
HDB,2021-01-01,21.83,
HDB,2022-01-01,14.0025,
HDB,2023-01-01,17.6075,
HDB,2024-01-01,12.1425,
HDB,2025-01-01,11.07,
ANET,2013-01-01,143.59,
ANET,2014-01-01,33.225,
ANET,2015-01-01,16.49,
ANET,2016-01-01,18.1375,
ANET,2017-01-01,26.215,
ANET,2018-01-01,18.8475,
ANET,2019-01-01,28.8675,
ANET,2020-01-01,25.0425,
ANET,2021-01-01,21.689999999999998,
ANET,2022-01-01,27.2025,
ANET,2023-01-01,33.2925,
ANET,2024-01-01,32.7025,
ANET,2025-01-01,32.18,
SCHW,2010-01-01,9.6175,
SCHW,2011-01-01,11.692499999999999,
SCHW,2012-01-01,10.1325,
SCHW,2013-01-01,9.395,
SCHW,2014-01-01,11.1725,
SCHW,2015-01-01,10.6025,
SCHW,2016-01-01,11.15,
SCHW,2017-01-01,12.0875,
SCHW,2018-01-01,14.7175,
SCHW,2019-01-01,16.8025,
SCHW,2020-01-01,11.432500000000001,
SCHW,2021-01-01,8.75,
SCHW,2022-01-01,12.56,
SCHW,2023-01-01,15.622499999999999,
SCHW,2024-01-01,11.12,
SCHW,2025-01-01,15.73,
BLK,2010-01-01,6.91,
BLK,2011-01-01,9.1,
BLK,2012-01-01,9.342500000000001,
BLK,2013-01-01,10.6325,
BLK,2014-01-01,11.985,
BLK,2015-01-01,12.092500000000001,
BLK,2016-01-01,11.1,
BLK,2017-01-01,12.9125,
BLK,2018-01-01,16.225,
BLK,2019-01-01,13.2575,
BLK,2020-01-01,13.752500000000001,
BLK,2021-01-01,15.84,
BLK,2022-01-01,15.2,
BLK,2023-01-01,13.7775,
BLK,2024-01-01,15.135,
BLK,2025-01-01,16.44,
BA,2010-01-01,89.685,
BA,2011-01-01,87.68,
BA,2012-01-01,78.35499999999999,
BA,2013-01-01,55.6325,
BA,2014-01-01,38.36,
BA,2015-01-01,64.2325,
BA,2016-01-01,139.0025,
BA,2017-01-01,5040.2225,
BA,2018-01-01,2004.7299999999998,
BA,2019-01-01,-655.2075000000001,
BA,2020-01-01,56.135000000000005,
BA,2021-01-01,53.152499999999996,
BA,2022-01-01,38.215,
BA,2023-01-01,21.294999999999998,
BA,2024-01-01,37.7575,
BA,2025-01-01,111.795,
TMO,2010-01-01,6.4025,
TMO,2011-01-01,8.2425,
TMO,2012-01-01,7.6899999999999995,
TMO,2013-01-01,8.102500000000001,
TMO,2014-01-01,8.5125,
TMO,2015-01-01,9.3325,
TMO,2016-01-01,9.4575,
TMO,2017-01-01,10.045,
TMO,2018-01-01,9.807500000000001,
TMO,2019-01-01,12.485,
TMO,2020-01-01,15.4875,
TMO,2021-01-01,23.2525,
TMO,2022-01-01,17.650000000000002,
TMO,2023-01-01,13.5375,
TMO,2024-01-01,13.2525,
TMO,2025-01-01,13.309999999999999,
SPGI,2010-01-01,41.63,
SPGI,2011-01-01,39.015,
SPGI,2012-01-01,43.3525,
SPGI,2013-01-01,93.21000000000001,
SPGI,2014-01-01,48.475,
SPGI,2015-01-01,50.1525,
SPGI,2016-01-01,363.96,
SPGI,2017-01-01,253.27,
SPGI,2018-01-01,279.4575,
SPGI,2019-01-01,360.5825,
SPGI,2020-01-01,858.505,
SPGI,2021-01-01,275.08500000000004,
SPGI,2022-01-01,17.240000000000002,
SPGI,2023-01-01,7.0675,
SPGI,2024-01-01,9.8,
SPGI,2025-01-01,11.795,
TXN,2010-01-01,27.56,
TXN,2011-01-01,26.835,
TXN,2012-01-01,15.515,
TXN,2013-01-01,17.795,
TXN,2014-01-01,22.91,
TXN,2015-01-01,28.8725,
TXN,2016-01-01,32.9375,
TXN,2017-01-01,37.955,
TXN,2018-01-01,44.275,
TXN,2019-01-01,57.3375,
TXN,2020-01-01,61.69,
TXN,2021-01-01,68.1925,
TXN,2022-01-01,63.2025,
TXN,2023-01-01,48.09,
TXN,2024-01-01,30.8625,
TXN,2025-01-01,29.28,
ISRG,2010-01-01,19.265,
ISRG,2011-01-01,20.2775,
ISRG,2012-01-01,20.675,
ISRG,2013-01-01,19.4425,
ISRG,2014-01-01,13.8675,
ISRG,2015-01-01,14.7,
ISRG,2016-01-01,14.5125,
ISRG,2017-01-01,16.240000000000002,
ISRG,2018-01-01,15.9875,
ISRG,2019-01-01,17.9825,
ISRG,2020-01-01,13.7025,
ISRG,2021-01-01,14.957500000000001,
ISRG,2022-01-01,12.2625,
ISRG,2023-01-01,12.8275,
ISRG,2024-01-01,15.315,
ISRG,2025-01-01,15.45,
C,2010-01-01,3.8449999999999998,
C,2011-01-01,6.0075,
C,2012-01-01,4.9625,
C,2013-01-01,5.5875,
C,2014-01-01,4.63,
C,2015-01-01,5.6475,
C,2016-01-01,6.135,
C,2017-01-01,3.8274999999999997,
C,2018-01-01,-0.36750000000000005,
C,2019-01-01,8.67,
C,2020-01-01,6.395,
C,2021-01-01,9.7125,
C,2022-01-01,7.4875,
C,2023-01-01,5.73,
C,2024-01-01,3.805,
C,2025-01-01,6.01,
MUFG,2010-01-01,6.18,
MUFG,2011-01-01,7.565,
MUFG,2012-01-01,6.67,
MUFG,2013-01-01,7.025,
MUFG,2014-01-01,7.89,
MUFG,2015-01-01,7.56,
MUFG,2016-01-01,6.16,
MUFG,2017-01-01,6.05,
MUFG,2018-01-01,6.29,
MUFG,2019-01-01,6.9,
MUFG,2020-01-01,6.89,
MUFG,2021-01-01,7.26,
MUFG,2022-01-01,6.21,
MUFG,2023-01-01,6.77,
MUFG,2024-01-01,8.29,
MUFG,2025-01-01,8.06,
PDD,2018-01-01,-112.86,
PDD,2019-01-01,-40.177499999999995,
PDD,2020-01-01,-30.79,
PDD,2021-01-01,-2.2649999999999997,
PDD,2022-01-01,26.9875,
PDD,2023-01-01,34.6075,
PDD,2024-01-01,45.335,
PDD,2025-01-01,33.27,
QCOM,2010-01-01,15.9275,
QCOM,2011-01-01,17.005,
QCOM,2012-01-01,19.7375,
QCOM,2013-01-01,18.36,
QCOM,2014-01-01,20.0875,
QCOM,2015-01-01,16.072499999999998,
QCOM,2016-01-01,16.814999999999998,
QCOM,2017-01-01,5.047499999999999,
QCOM,2018-01-01,-11.325,
QCOM,2019-01-01,79.3925,
QCOM,2020-01-01,104.6225,
QCOM,2021-01-01,119.38,
QCOM,2022-01-01,91.2825,
QCOM,2023-01-01,43.775,
QCOM,2024-01-01,39.2475,
QCOM,2025-01-01,42.345,
SONY,2010-01-01,1.13,
SONY,2011-01-01,-12.565,
SONY,2012-01-01,-16.0375,
SONY,2013-01-01,2.5325,
SONY,2014-01-01,-5.5225,
SONY,2015-01-01,-0.05500000000000016,
SONY,2016-01-01,2.0175,
SONY,2017-01-01,7.62,
SONY,2018-01-01,17.465,
SONY,2019-01-01,18.55,
SONY,2020-01-01,16.6375,
SONY,2021-01-01,17.3175,
SONY,2022-01-01,12.5325,
SONY,2023-01-01,13.015,
SONY,2024-01-01,13.4775,
SONY,2025-01-01,13.81,
AMGN,2010-01-01,20.34,
AMGN,2011-01-01,17.1825,
AMGN,2012-01-01,20.52,
AMGN,2013-01-01,23.7675,
AMGN,2014-01-01,21.34,
AMGN,2015-01-01,23.405,
AMGN,2016-01-01,25.8125,
AMGN,2017-01-01,21.3675,
AMGN,2018-01-01,22.575000000000003,
AMGN,2019-01-01,68.25,
AMGN,2020-01-01,72.65,
AMGN,2021-01-01,66.7625,
AMGN,2022-01-01,171.26,
AMGN,2023-01-01,151.6225,
AMGN,2024-01-01,61.167500000000004,
AMGN,2025-01-01,95.43,
BSX,2010-01-01,-18.552500000000002,
BSX,2011-01-01,4.8525,
BSX,2012-01-01,-29.725,
BSX,2013-01-01,-20.4175,
BSX,2014-01-01,2.955,
BSX,2015-01-01,-4.005,
BSX,2016-01-01,0.16000000000000025,
BSX,2017-01-01,7.8149999999999995,
BSX,2018-01-01,9.645,
BSX,2019-01-01,23.2675,
BSX,2020-01-01,22.74,
BSX,2021-01-01,4.4174999999999995,
BSX,2022-01-01,4.1850000000000005,
BSX,2023-01-01,6.1075,
BSX,2024-01-01,9.0,
BSX,2025-01-01,12.385,
ACN,2010-01-01,50.5675,
ACN,2011-01-01,56.8025,
ACN,2012-01-01,55.945,
ACN,2013-01-01,59.7175,
ACN,2014-01-01,50.6325,
ACN,2015-01-01,47.6525,
ACN,2016-01-01,54.7025,
ACN,2017-01-01,41.71,
ACN,2018-01-01,38.43,
ACN,2019-01-01,35.35,
ACN,2020-01-01,31.580000000000002,
ACN,2021-01-01,30.8125,
ACN,2022-01-01,31.445,
ACN,2023-01-01,28.275,
ACN,2024-01-01,25.7525,
ACN,2025-01-01,26.155,
UL,2010-01-01,32.6325,
NEE,2010-01-01,14.36,
NEE,2011-01-01,11.915,
NEE,2012-01-01,13.565,
NEE,2013-01-01,11.1825,
NEE,2014-01-01,11.485,
NEE,2015-01-01,13.8125,
NEE,2016-01-01,11.3275,
NEE,2017-01-01,16.595,
NEE,2018-01-01,23.78,
NEE,2019-01-01,8.629999999999999,
NEE,2020-01-01,8.4225,
NEE,2021-01-01,7.442500000000001,
NEE,2022-01-01,6.6325,
NEE,2023-01-01,14.4725,
NEE,2024-01-01,11.8925,
NEE,2025-01-01,9.5,
APP,2020-01-01,319.5,
APP,2021-01-01,42.585,
APP,2022-01-01,-5.7725,
APP,2023-01-01,6.9725,
APP,2024-01-01,108.1675,
APP,2025-01-01,224.46,
TJX,2010-01-01,45.7825,
TJX,2011-01-01,42.792500000000004,
TJX,2012-01-01,51.08,
TJX,2013-01-01,54.9475,
TJX,2014-01-01,51.760000000000005,
TJX,2015-01-01,52.205,
TJX,2016-01-01,52.585,
TJX,2017-01-01,52.0325,
TJX,2018-01-01,57.5,
TJX,2019-01-01,59.0925,
TJX,2020-01-01,29.744999999999997,
TJX,2021-01-01,28.485,
TJX,2022-01-01,56.120000000000005,
TJX,2023-01-01,62.6925,
TJX,2024-01-01,64.9625,
TJX,2025-01-01,59.95,
AMAT,2010-01-01,6.5,
AMAT,2011-01-01,21.495,
AMAT,2012-01-01,11.8075,
AMAT,2013-01-01,-1.8924999999999998,
AMAT,2014-01-01,11.627500000000001,
AMAT,2015-01-01,16.0425,
AMAT,2016-01-01,19.8975,
AMAT,2017-01-01,36.3625,
AMAT,2018-01-01,39.2125,
AMAT,2019-01-01,40.3525,
AMAT,2020-01-01,35.6375,
AMAT,2021-01-01,43.4875,
AMAT,2022-01-01,55.31,
AMAT,2023-01-01,48.99,
AMAT,2024-01-01,42.542500000000004,
AMAT,2025-01-01,34.91,
SYK,2010-01-01,18.1625,
SYK,2011-01-01,17.1425,
SYK,2012-01-01,17.372500000000002,
SYK,2013-01-01,12.58,
SYK,2014-01-01,7.3475,
SYK,2015-01-01,12.405000000000001,
SYK,2016-01-01,18.427500000000002,
SYK,2017-01-01,15.905000000000001,
SYK,2018-01-01,17.3625,
SYK,2019-01-01,27.5475,
SYK,2020-01-01,13.93,
SYK,2021-01-01,13.61,
SYK,2022-01-01,14.6125,
SYK,2023-01-01,16.255,
SYK,2024-01-01,17.55,
SYK,2025-01-01,14.059999999999999,
PGR,2010-01-01,18.0975,
PGR,2011-01-01,17.5675,
PGR,2012-01-01,14.2675,
PGR,2013-01-01,17.17,
PGR,2014-01-01,18.23,
PGR,2015-01-01,18.002499999999998,
PGR,2016-01-01,14.1025,
PGR,2017-01-01,16.2225,
PGR,2018-01-01,23.3025,
PGR,2019-01-01,26.805,
PGR,2020-01-01,30.4375,
PGR,2021-01-01,27.065,
PGR,2022-01-01,6.5175,
PGR,2023-01-01,13.4525,
PGR,2024-01-01,33.1925,
PGR,2025-01-01,34.845,
ARM,2023-01-01,19.67,
ARM,2024-01-01,9.9925,
ARM,2025-01-01,11.675,
ADBE,2010-01-01,9.82,
ADBE,2011-01-01,16.855,
ADBE,2012-01-01,13.2925,
ADBE,2013-01-01,7.547499999999999,
ADBE,2014-01-01,3.9899999999999998,
ADBE,2015-01-01,6.6825,
ADBE,2016-01-01,13.57,
ADBE,2017-01-01,19.6675,
ADBE,2018-01-01,26.3125,
ADBE,2019-01-01,28.58,
ADBE,2020-01-01,36.845,
ADBE,2021-01-01,41.045,
ADBE,2022-01-01,33.995,
ADBE,2023-01-01,34.3625,
ADBE,2024-01-01,33.95,
ADBE,2025-01-01,49.685,
DHR,2010-01-01,12.2175,
DHR,2011-01-01,14.0675,
DHR,2012-01-01,13.2225,
DHR,2013-01-01,12.785,
DHR,2014-01-01,11.5675,
DHR,2015-01-01,12.5825,
DHR,2016-01-01,12.5725,
DHR,2017-01-01,9.69,
DHR,2018-01-01,9.9275,
DHR,2019-01-01,8.4,
DHR,2020-01-01,10.1425,
DHR,2021-01-01,13.445,
DHR,2022-01-01,14.282499999999999,
DHR,2023-01-01,11.7725,
DHR,2024-01-01,7.8725,
DHR,2025-01-01,7.08,
SPOT,2018-01-01,-6.44,
SPOT,2019-01-01,6.705,
SPOT,2020-01-01,-18.28,
SPOT,2021-01-01,-8.68,
SPOT,2022-01-01,-6.335,
SPOT,2023-01-01,-33.7225,
SPOT,2024-01-01,13.8725,
SPOT,2025-01-01,18.134999999999998,
ETN,2010-01-01,11.5075,
ETN,2011-01-01,15.8575,
ETN,2012-01-01,16.455000000000002,
ETN,2013-01-01,10.782499999999999,
ETN,2014-01-01,10.504999999999999,
ETN,2015-01-01,12.6975,
ETN,2016-01-01,12.3875,
ETN,2017-01-01,15.5825,
ETN,2018-01-01,15.515,
ETN,2019-01-01,13.782499999999999,
ETN,2020-01-01,10.715,
ETN,2021-01-01,12.345,
ETN,2022-01-01,14.17,
ETN,2023-01-01,16.4075,
ETN,2024-01-01,19.225,
ETN,2025-01-01,20.91,
PFE,2010-01-01,9.0625,
PFE,2011-01-01,10.8375,
PFE,2012-01-01,13.2075,
PFE,2013-01-01,27.7975,
PFE,2014-01-01,16.6475,
PFE,2015-01-01,11.9075,
PFE,2016-01-01,10.9725,
PFE,2017-01-01,19.060000000000002,
PFE,2018-01-01,28.972499999999997,
PFE,2019-01-01,22.3025,
PFE,2020-01-01,18.0075,
PFE,2021-01-01,23.315,
PFE,2022-01-01,34.6875,
PFE,2023-01-01,16.42,
PFE,2024-01-01,2.6025000000000005,
PFE,2025-01-01,10.344999999999999,
HON,2010-01-01,19.055,
HON,2011-01-01,21.12,
HON,2012-01-01,20.3175,
HON,2013-01-01,24.2,
HON,2014-01-01,23.4925,
HON,2015-01-01,24.84,
HON,2016-01-01,26.3525,
HON,2017-01-01,20.7225,
HON,2018-01-01,17.195,
HON,2019-01-01,35.53,
HON,2020-01-01,30.0425,
HON,2021-01-01,28.2875,
HON,2022-01-01,27.8425,
HON,2023-01-01,30.805,
HON,2024-01-01,32.8925,
HON,2025-01-01,31.59,
DE,2010-01-01,21.6675,
DE,2011-01-01,37.2325,
DE,2012-01-01,41.78,
DE,2013-01-01,42.7775,
DE,2014-01-01,33.8975,
DE,2015-01-01,27.494999999999997,
DE,2016-01-01,23.0525,
DE,2017-01-01,24.642500000000002,
DE,2018-01-01,19.8975,
DE,2019-01-01,29.259999999999998,
DE,2020-01-01,23.9725,
DE,2021-01-01,33.815,
DE,2022-01-01,34.5,
DE,2023-01-01,44.085,
DE,2024-01-01,38.7225,
DE,2025-01-01,25.85,
GILD,2010-01-01,45.7,
GILD,2011-01-01,44.2225,
GILD,2012-01-01,34.41,
GILD,2013-01-01,29.2025,
GILD,2014-01-01,60.7175,
GILD,2015-01-01,96.1225,
GILD,2016-01-01,92.7675,
GILD,2017-01-01,50.5075,
GILD,2018-01-01,14.4975,
GILD,2019-01-01,22.5275,
GILD,2020-01-01,7.05,
GILD,2021-01-01,24.455,
GILD,2022-01-01,20.125,
GILD,2023-01-01,26.58,
GILD,2024-01-01,2.7075,
GILD,2025-01-01,31.85,
SAN,2010-01-01,11.74,
SAN,2011-01-01,8.7725,
SAN,2012-01-01,3.8,
SAN,2013-01-01,3.875,
SAN,2014-01-01,6.075,
SAN,2015-01-01,6.3975,
SAN,2016-01-01,6.105,
SAN,2017-01-01,6.0675,
SAN,2018-01-01,6.4375,
SAN,2019-01-01,6.1899999999999995,
SAN,2020-01-01,4.745,
SAN,2021-01-01,6.945,
SAN,2022-01-01,9.407499999999999,
SAN,2023-01-01,9.584999999999999,
SAN,2024-01-01,10.665,
SAN,2025-01-01,9.03,
TTE,2010-01-01,18.06,
TTE,2011-01-01,19.64,
TTE,2012-01-01,15.43,
TTE,2013-01-01,11.9125,
TTE,2014-01-01,9.9925,
TTE,2015-01-01,3.325,
TTE,2016-01-01,4.37,
TTE,2017-01-01,7.415,
TTE,2018-01-01,8.717500000000001,
TTE,2019-01-01,9.205,
TTE,2020-01-01,-1.845,
TTE,2021-01-01,6.6825,
TTE,2022-01-01,16.455,
TTE,2023-01-01,18.3975,
TTE,2024-01-01,15.77,
TTE,2025-01-01,11.14,
LOW,2010-01-01,9.58,
LOW,2011-01-01,10.66,
LOW,2012-01-01,11.7025,
LOW,2013-01-01,15.055,
LOW,2014-01-01,20.0575,
LOW,2015-01-01,28.17,
LOW,2016-01-01,33.695,
LOW,2017-01-01,49.7475,
LOW,2018-01-01,64.9375,
LOW,2019-01-01,65.7425,
LOW,2020-01-01,191.73,
LOW,2021-01-01,6481.84,
LOW,2022-01-01,-258.865,
LOW,2023-01-01,-51.394999999999996,
LOW,2024-01-01,-48.8475,
LOW,2025-01-01,-49.75,
COF,2010-01-01,8.115,
COF,2011-01-01,11.8825,
COF,2012-01-01,9.182500000000001,
COF,2013-01-01,9.3675,
COF,2014-01-01,9.8825,
COF,2015-01-01,8.8375,
COF,2016-01-01,7.6850000000000005,
COF,2017-01-01,6.11,
COF,2018-01-01,7.295,
COF,2019-01-01,10.137500000000001,
COF,2020-01-01,2.4375,
COF,2021-01-01,17.3275,
COF,2022-01-01,15.57,
COF,2023-01-01,9.455,
COF,2024-01-01,7.545,
COF,2025-01-01,3.525,
APH,2010-01-01,22.255,
APH,2011-01-01,23.595,
APH,2012-01-01,23.2875,
APH,2013-01-01,23.869999999999997,
APH,2014-01-01,23.42,
APH,2015-01-01,24.555,
APH,2016-01-01,22.7275,
APH,2017-01-01,22.73,
APH,2018-01-01,21.2825,
APH,2019-01-01,28.622500000000002,
APH,2020-01-01,24.79,
APH,2021-01-01,25.855,
APH,2022-01-01,28.1975,
APH,2023-01-01,26.1925,
APH,2024-01-01,25.09,
APH,2025-01-01,28.875,
UNP,2010-01-01,14.155,
UNP,2011-01-01,17.025,
UNP,2012-01-01,19.9125,
UNP,2013-01-01,20.8375,
UNP,2014-01-01,22.765,
UNP,2015-01-01,24.0225,
UNP,2016-01-01,21.235,
UNP,2017-01-01,29.7475,
UNP,2018-01-01,45.235,
UNP,2019-01-01,31.9975,
UNP,2020-01-01,32.61,
UNP,2021-01-01,38.095,
UNP,2022-01-01,53.975,
UNP,2023-01-01,51.85,
UNP,2024-01-01,42.4675,
UNP,2025-01-01,41.489999999999995,
KKR,2010-01-01,3.6466666666666665,
KKR,2011-01-01,0.6475000000000001,
KKR,2012-01-01,0.7875,
KKR,2013-01-01,1.325,
KKR,2014-01-01,1.475,
KKR,2015-01-01,1.0775000000000001,
KKR,2016-01-01,0.235,
KKR,2017-01-01,5.71,
KKR,2018-01-01,5.545,
KKR,2019-01-01,5.78,
KKR,2020-01-01,2.43,
KKR,2021-01-01,11.3725,
KKR,2022-01-01,1.415,
KKR,2023-01-01,3.205,
KKR,2024-01-01,5.9875,
KKR,2025-01-01,3.9450000000000003,
LRCX,2010-01-01,24.0275,
LRCX,2011-01-01,28.189999999999998,
LRCX,2012-01-01,5.2075,
LRCX,2013-01-01,3.79,
LRCX,2014-01-01,13.11,
LRCX,2015-01-01,14.7425,
LRCX,2016-01-01,15.120000000000001,
LRCX,2017-01-01,25.17,
LRCX,2018-01-01,36.6175,
LRCX,2019-01-01,42.6375,
LRCX,2020-01-01,50.69,
LRCX,2021-01-01,71.7325,
LRCX,2022-01-01,74.1925,
LRCX,2023-01-01,52.695,
LRCX,2024-01-01,47.6475,
LRCX,2025-01-01,55.605000000000004,
TD,2010-01-01,11.0975,
TD,2011-01-01,12.27,
TD,2012-01-01,13.2375,
TD,2013-01-01,13.247499999999999,
TD,2014-01-01,13.5,
TD,2015-01-01,12.67,
TD,2016-01-01,11.98,
TD,2017-01-01,13.1025,
TD,2018-01-01,14.1125,
TD,2019-01-01,13.7875,
TD,2020-01-01,12.1225,
TD,2021-01-01,14.5025,
TD,2022-01-01,14.959999999999999,
TD,2023-01-01,12.13,
TD,2024-01-01,8.395,
TD,2025-01-01,10.645,
MU,2010-01-01,15.579999999999998,
MU,2011-01-01,5.4375,
MU,2012-01-01,-9.95,
MU,2013-01-01,2.7925,
MU,2014-01-01,31.650000000000002,
MU,2015-01-01,24.675,
MU,2016-01-01,1.6075,
MU,2017-01-01,23.6175,
MU,2018-01-01,48.3225,
MU,2019-01-01,23.884999999999998,
MU,2020-01-01,6.83,
MU,2021-01-01,12.3625,
MU,2022-01-01,17.97,
MU,2023-01-01,-7.655,
MU,2024-01-01,-0.4175,
MU,2025-01-01,11.565,
UBS,2015-01-01,13.1425,
UBS,2016-01-01,7.405,
UBS,2017-01-01,5.842499999999999,
UBS,2018-01-01,2.4775,
UBS,2019-01-01,9.405000000000001,
UBS,2020-01-01,9.4175,
UBS,2021-01-01,12.4575,
UBS,2022-01-01,13.0075,
UBS,2023-01-01,34.015,
UBS,2024-01-01,11.355,
UBS,2025-01-01,6.495,
ADP,2010-01-01,21.7975,
ADP,2011-01-01,21.3875,
ADP,2012-01-01,22.2825,
ADP,2013-01-01,22.4525,
ADP,2014-01-01,23.345,
ADP,2015-01-01,28.315,
ADP,2016-01-01,35.59,
ADP,2017-01-01,45.6175,
ADP,2018-01-01,45.9325,
ADP,2019-01-01,44.435,
ADP,2020-01-01,44.852500000000006,
ADP,2021-01-01,46.525,
ADP,2022-01-01,75.025,
ADP,2023-01-01,102.1175,
ADP,2024-01-01,85.815,
ADP,2025-01-01,74.69999999999999,
KLAC,2010-01-01,12.5275,
KLAC,2011-01-01,28.7175,
KLAC,2012-01-01,23.155,
KLAC,2013-01-01,16.56,
KLAC,2014-01-01,15.715,
KLAC,2015-01-01,67.255,
KLAC,2016-01-01,138.8,
KLAC,2017-01-01,81.95,
KLAC,2018-01-01,66.2725,
KLAC,2019-01-01,52.3775,
KLAC,2020-01-01,46.7075,
KLAC,2021-01-01,74.3925,
KLAC,2022-01-01,108.2875,
KLAC,2023-01-01,123.7675,
KLAC,2024-01-01,90.06,
KLAC,2025-01-01,101.8,
BUD,2010-01-01,25.7775,
BUD,2011-01-01,45.605000000000004,
BUD,2012-01-01,49.129999999999995,
BUD,2013-01-01,38.4,
BUD,2014-01-01,37.925,
BUD,2015-01-01,48.292500000000004,
BUD,2016-01-01,15.412500000000001,
BUD,2017-01-01,12.59,
BUD,2018-01-01,17.235,
BUD,2019-01-01,21.655,
BUD,2020-01-01,3.325,
BUD,2021-01-01,12.6325,
BUD,2022-01-01,11.7475,
BUD,2023-01-01,14.692499999999999,
BUD,2024-01-01,12.7775,
BUD,2025-01-01,15.54,
MELI,2010-01-01,36.644999999999996,
MELI,2011-01-01,37.345,
MELI,2012-01-01,39.035,
MELI,2013-01-01,35.5225,
MELI,2014-01-01,26.2575,
MELI,2015-01-01,24.6575,
MELI,2016-01-01,36.1625,
MELI,2017-01-01,25.7575,
MELI,2018-01-01,-21.7325,
MELI,2019-01-01,-4.44,
MELI,2020-01-01,-4.92,
MELI,2021-01-01,9.052499999999998,
MELI,2022-01-01,21.9425,
MELI,2023-01-01,39.4075,
MELI,2024-01-01,43.3325,
MELI,2025-01-01,45.760000000000005,
IBN,2010-01-01,10.57,
IBN,2011-01-01,12.265,
IBN,2012-01-01,31.6925,
IBN,2013-01-01,51.527499999999996,
IBN,2014-01-01,51.98666666666666,
IBN,2015-01-01,44.8625,
IBN,2016-01-01,36.655,
IBN,2017-01-01,33.035,
IBN,2018-01-01,15.36,
IBN,2019-01-01,9.21,
IBN,2020-01-01,8.290000000000001,
IBN,2021-01-01,12.3375,
IBN,2022-01-01,15.1475,
IBN,2023-01-01,17.2975,
IBN,2024-01-01,17.31,
IBN,2025-01-01,16.545,
CMCSA,2010-01-01,8.4525,
CMCSA,2011-01-01,8.51,
CMCSA,2012-01-01,11.120000000000001,
CMCSA,2013-01-01,13.385,
CMCSA,2014-01-01,15.23,
CMCSA,2015-01-01,15.885000000000002,
CMCSA,2016-01-01,15.3575,
CMCSA,2017-01-01,22.2525,
CMCSA,2018-01-01,30.769999999999996,
CMCSA,2019-01-01,16.39,
CMCSA,2020-01-01,13.1625,
CMCSA,2021-01-01,14.1275,
CMCSA,2022-01-01,10.3775,
CMCSA,2023-01-01,12.805,
CMCSA,2024-01-01,18.28,
CMCSA,2025-01-01,22.0,
MDT,2010-01-01,21.2475,
MDT,2011-01-01,20.815,
MDT,2012-01-01,20.87,
MDT,2013-01-01,20.0075,
MDT,2014-01-01,16.4325,
MDT,2015-01-01,9.477500000000001,
MDT,2016-01-01,6.7175,
MDT,2017-01-01,8.4925,
MDT,2018-01-01,5.5875,
MDT,2019-01-01,9.285,
MDT,2020-01-01,8.86,
MDT,2021-01-01,7.38,
MDT,2022-01-01,9.295,
MDT,2023-01-01,7.4875,
MDT,2024-01-01,7.9175,
MDT,2025-01-01,9.115,
COP,2010-01-01,14.1325,
COP,2011-01-01,17.1375,
COP,2012-01-01,17.735,
COP,2013-01-01,16.4,
COP,2014-01-01,16.2075,
COP,2015-01-01,0.7525000000000002,
COP,2016-01-01,-14.9275,
COP,2017-01-01,-6.4675,
COP,2018-01-01,12.9625,
COP,2019-01-01,22.622500000000002,
COP,2020-01-01,1.2825000000000002,
COP,2021-01-01,8.73,
COP,2022-01-01,34.265,
COP,2023-01-01,26.37,
COP,2024-01-01,20.2575,
COP,2025-01-01,16.62,
DASH,2020-01-01,-41.19,
DASH,2021-01-01,-13.316666666666668,
DASH,2022-01-01,-15.087499999999999,
DASH,2023-01-01,-15.82,
DASH,2024-01-01,-3.2325,
DASH,2025-01-01,4.39,
SNPS,2010-01-01,12.377500000000001,
SNPS,2011-01-01,9.1075,
SNPS,2012-01-01,8.765,
SNPS,2013-01-01,8.7475,
SNPS,2014-01-01,8.754999999999999,
SNPS,2015-01-01,8.01,
SNPS,2016-01-01,7.7875,
SNPS,2017-01-01,7.932499999999999,
SNPS,2018-01-01,4.82,
SNPS,2019-01-01,16.045,
SNPS,2020-01-01,13.2525,
SNPS,2021-01-01,15.465,
SNPS,2022-01-01,18.245,
SNPS,2023-01-01,18.0225,
SNPS,2024-01-01,24.025,
SNPS,2025-01-01,24.759999999999998,
SNY,2010-01-01,29.435,
SNY,2011-01-01,22.59,
SNY,2012-01-01,22.5,
SNY,2013-01-01,11.39,
SNY,2014-01-01,10.27,
SNY,2015-01-01,8.01,
SNY,2016-01-01,22.997500000000002,
SNY,2017-01-01,30.9625,
SNY,2018-01-01,14.55,
SNY,2019-01-01,29.869999999999997,
SNY,2020-01-01,0.0,
SNY,2021-01-01,18.08,
SNY,2022-01-01,34.223333333333336,
SNY,2023-01-01,21.0475,
SNY,2024-01-01,12.7375,
SNY,2025-01-01,11.2,
MSTR,2010-01-01,27.5625,
MSTR,2011-01-01,17.697499999999998,
MSTR,2012-01-01,11.315000000000001,
MSTR,2013-01-01,29.677500000000002,
MSTR,2014-01-01,3.935,
MSTR,2015-01-01,19.935000000000002,
MSTR,2016-01-01,20.705,
MSTR,2017-01-01,12.275,
MSTR,2018-01-01,0.9625,
MSTR,2019-01-01,4.8100000000000005,
MSTR,2020-01-01,3.235,
MSTR,2021-01-01,-95.8175,
MSTR,2022-01-01,-1756.3775,
MSTR,2023-01-01,314.13,
MSTR,2024-01-01,-11.84,
MSTR,2025-01-01,-9.415000000000001,
WELL,2010-01-01,3.015,
WELL,2011-01-01,2.36,
WELL,2012-01-01,2.1525,
WELL,2013-01-01,1.5225,
WELL,2014-01-01,1.8975,
WELL,2015-01-01,5.3875,
WELL,2016-01-01,5.405,
WELL,2017-01-01,6.115,
WELL,2018-01-01,4.045,
WELL,2019-01-01,5.545,
WELL,2020-01-01,6.8549999999999995,
WELL,2021-01-01,3.0999999999999996,
WELL,2022-01-01,1.4225,
WELL,2023-01-01,0.9225,
WELL,2024-01-01,2.5825,
WELL,2025-01-01,3.4,
PANW,2013-01-01,-9.635,
PANW,2014-01-01,-58.934999999999995,
PANW,2015-01-01,-35.9725,
PANW,2016-01-01,-29.1225,
PANW,2017-01-01,-25.535,
PANW,2018-01-01,-18.04,
PANW,2019-01-01,-6.2275,
PANW,2020-01-01,-19.58,
PANW,2021-01-01,-51.99,
PANW,2022-01-01,-79.465,
PANW,2023-01-01,30.8075,
PANW,2024-01-01,72.845,
PANW,2025-01-01,21.479999999999997,
ADI,2010-01-01,18.935,
ADI,2011-01-01,25.81,
ADI,2012-01-01,18.16,
ADI,2013-01-01,15.1025,
ADI,2014-01-01,14.43,
ADI,2015-01-01,13.925,
ADI,2016-01-01,14.26,
ADI,2017-01-01,12.295,
ADI,2018-01-01,12.2075,
ADI,2019-01-01,13.005,
ADI,2020-01-01,9.9375,
ADI,2021-01-01,11.5925,
ADI,2022-01-01,5.7275,
ADI,2023-01-01,9.715,
ADI,2024-01-01,5.8025,
ADI,2025-01-01,4.825,
NKE,2010-01-01,20.2,
NKE,2011-01-01,21.925,
NKE,2012-01-01,21.5075,
NKE,2013-01-01,24.259999999999998,
NKE,2014-01-01,25.122500000000002,
NKE,2015-01-01,27.6625,
NKE,2016-01-01,30.322499999999998,
NKE,2017-01-01,32.667500000000004,
NKE,2018-01-01,19.305,
NKE,2019-01-01,47.2125,
NKE,2020-01-01,34.0925,
NKE,2021-01-01,45.13249999999999,
NKE,2022-01-01,39.4225,
NKE,2023-01-01,35.595,
NKE,2024-01-01,37.2925,
NKE,2025-01-01,27.645,
ICE,2010-01-01,14.7375,
ICE,2011-01-01,15.872499999999999,
ICE,2012-01-01,16.375,
ICE,2013-01-01,12.12,
ICE,2014-01-01,5.1275,
ICE,2015-01-01,9.095,
ICE,2016-01-01,9.545,
ICE,2017-01-01,11.59,
ICE,2018-01-01,14.33,
ICE,2019-01-01,11.7775,
ICE,2020-01-01,11.942499999999999,
ICE,2021-01-01,14.7575,
ICE,2022-01-01,12.765,
ICE,2023-01-01,8.3575,
ICE,2024-01-01,9.5025,
ICE,2025-01-01,10.46,
CB,2010-01-01,14.33,
CB,2011-01-01,9.0275,
CB,2012-01-01,9.5,
CB,2013-01-01,11.965,
CB,2014-01-01,11.219999999999999,
CB,2015-01-01,9.54,
CB,2016-01-01,7.5675,
CB,2017-01-01,9.12,
CB,2018-01-01,8.24,
CB,2019-01-01,7.52,
CB,2020-01-01,5.335,
CB,2021-01-01,13.195,
CB,2022-01-01,11.94,
CB,2023-01-01,12.66,
CB,2024-01-01,15.0425,
CB,2025-01-01,12.665,
MO,2010-01-01,84.075,
MO,2011-01-01,72.5375,
MO,2012-01-01,102.4075,
MO,2013-01-01,126.0275,
MO,2014-01-01,110.9525,
MO,2015-01-01,168.79250000000002,
MO,2016-01-01,206.7725,
MO,2017-01-01,133.5075,
MO,2018-01-01,65.8475,
MO,2019-01-01,21.395000000000003,
MO,2020-01-01,21.8975,
MO,2021-01-01,173.23499999999999,
MO,2022-01-01,-336.80499999999995,
MO,2023-01-01,-196.8675,
MO,2024-01-01,-273.08500000000004,
MO,2025-01-01,-312.06,
CRWD,2019-01-01,-298.02500000000003,
CRWD,2020-01-01,-17.9175,
CRWD,2021-01-01,-18.9075,
CRWD,2022-01-01,-18.4425,
CRWD,2023-01-01,-7.8325,
CRWD,2024-01-01,5.52,
CRWD,2025-01-01,-3.01,
CEG,2021-01-01,-7.06,
CEG,2022-01-01,4.185,
CEG,2023-01-01,8.5375,
CEG,2024-01-01,23.8525,
CEG,2025-01-01,23.13,
SO,2010-01-01,12.73,
SO,2011-01-01,11.735,
SO,2012-01-01,11.78,
SO,2013-01-01,9.0875,
SO,2014-01-01,10.0875,
SO,2015-01-01,10.530000000000001,
SO,2016-01-01,10.43,
SO,2017-01-01,4.422499999999999,
SO,2018-01-01,7.58,
SO,2019-01-01,14.0425,
SO,2020-01-01,10.129999999999999,
SO,2021-01-01,9.0425,
SO,2022-01-01,9.13,
SO,2023-01-01,9.67,
SO,2024-01-01,12.565000000000001,
SO,2025-01-01,12.05,
BBVA,2010-01-01,13.045,
BBVA,2011-01-01,10.8775,
BBVA,2012-01-01,4.9775,
BBVA,2013-01-01,5.965,
BBVA,2014-01-01,2.86,
BBVA,2015-01-01,5.8325,
BBVA,2016-01-01,4.88,
BBVA,2017-01-01,6.98,
BBVA,2018-01-01,7.82,
BBVA,2019-01-01,8.365,
BBVA,2020-01-01,0.8325,
BBVA,2021-01-01,8.875,
BBVA,2022-01-01,12.4475,
BBVA,2023-01-01,13.9425,
BBVA,2024-01-01,16.63,
BBVA,2025-01-01,18.04,
SBUX,2010-01-01,25.7725,
SBUX,2011-01-01,28.6,
SBUX,2012-01-01,27.825,
SBUX,2013-01-01,15.3025,
SBUX,2014-01-01,24.0125,
SBUX,2015-01-01,44.9825,
SBUX,2016-01-01,48.195,
SBUX,2017-01-01,57.4025,
SBUX,2018-01-01,115.065,
SBUX,2019-01-01,-178.91000000000003,
SBUX,2020-01-01,-23.3525,
SBUX,2021-01-01,-43.24,
SBUX,2022-01-01,-47.442499999999995,
SBUX,2023-01-01,-46.505,
SBUX,2024-01-01,-47.6325,
SBUX,2025-01-01,-37.975,
ENB,2010-01-01,14.035,
ENB,2011-01-01,12.4875,
ENB,2012-01-01,6.7975,
ENB,2013-01-01,4.995,
ENB,2014-01-01,6.41,
ENB,2015-01-01,1.58,
ENB,2016-01-01,7.77,
ENB,2017-01-01,4.1025,
ENB,2018-01-01,3.34,
ENB,2019-01-01,6.7475000000000005,
ENB,2020-01-01,3.155,
ENB,2021-01-01,9.155000000000001,
ENB,2022-01-01,7.285,
ENB,2023-01-01,5.6375,
ENB,2024-01-01,8.2675,
ENB,2025-01-01,8.35,
CME,2010-01-01,4.765,
CME,2011-01-01,6.6,
CME,2012-01-01,6.5,
CME,2013-01-01,4.305,
CME,2014-01-01,4.795,
CME,2015-01-01,5.775,
CME,2016-01-01,6.7,
CME,2017-01-01,10.505,
CME,2018-01-01,16.8525,
CME,2019-01-01,7.592499999999999,
CME,2020-01-01,8.469999999999999,
CME,2021-01-01,8.29,
CME,2022-01-01,9.8925,
CME,2023-01-01,10.855,
CME,2024-01-01,12.1425,
CME,2025-01-01,13.35,
LMT,2010-01-01,75.6075,
LMT,2011-01-01,84.2925,
LMT,2012-01-01,151.8625,
LMT,2013-01-01,314.46999999999997,
LMT,2014-01-01,86.08500000000001,
LMT,2015-01-01,104.54,
LMT,2016-01-01,156.3025,
LMT,2017-01-01,228.875,
LMT,2018-01-01,924.385,
LMT,2019-01-01,282.06,
LMT,2020-01-01,170.8425,
LMT,2021-01-01,102.895,
LMT,2022-01-01,54.5925,
LMT,2023-01-01,69.4275,
LMT,2024-01-01,89.55000000000001,
LMT,2025-01-01,74.615,
PLD,2010-01-01,-5.6975,
PLD,2011-01-01,-15.875,
PLD,2012-01-01,0.48999999999999994,
PLD,2013-01-01,0.55,
PLD,2014-01-01,1.87,
PLD,2015-01-01,6.17,
PLD,2016-01-01,5.005,
PLD,2017-01-01,8.0125,
PLD,2018-01-01,8.445,
PLD,2019-01-01,6.56,
PLD,2020-01-01,5.0375,
PLD,2021-01-01,5.3225,
PLD,2022-01-01,9.465,
PLD,2023-01-01,5.5375,
PLD,2024-01-01,5.5175,
PLD,2025-01-01,6.1850000000000005,
SMFG,2010-01-01,6.9366666666666665,
SMFG,2011-01-01,5.626666666666666,
SMFG,2012-01-01,7.8375,
SMFG,2013-01-01,10.79,
SMFG,2014-01-01,8.4325,
SMFG,2015-01-01,7.1,
SMFG,2016-01-01,6.62,
SMFG,2017-01-01,6.88,
SMFG,2018-01-01,8.26,
SMFG,2019-01-01,7.78,
SMFG,2020-01-01,6.78,
SMFG,2021-01-01,6.37,
SMFG,2022-01-01,6.41,
SMFG,2023-01-01,6.32,
SMFG,2024-01-01,7.99,
MMC,2010-01-01,10.405000000000001,
MMC,2011-01-01,14.6025,
MMC,2012-01-01,17.5175,
MMC,2013-01-01,19.145,
MMC,2014-01-01,18.445,
MMC,2015-01-01,21.7425,
MMC,2016-01-01,25.2925,
MMC,2017-01-01,26.3825,
MMC,2018-01-01,21.13,
MMC,2019-01-01,20.2975,
MMC,2020-01-01,24.2425,
MMC,2021-01-01,27.447499999999998,
MMC,2022-01-01,30.4375,
MMC,2023-01-01,30.5475,
MMC,2024-01-01,31.305,
MMC,2025-01-01,28.945,
BN,2010-01-01,4.405,
BN,2011-01-01,6.7475000000000005,
BN,2012-01-01,4.1925,
BN,2013-01-01,3.8175,
BN,2014-01-01,5.77,
BN,2015-01-01,5.327500000000001,
BN,2016-01-01,2.76,
BN,2017-01-01,1.4775,
BN,2018-01-01,3.3775,
BN,2019-01-01,3.255,
BN,2020-01-01,0.5,
BN,2021-01-01,2.2975,
BN,2022-01-01,2.4125,
BN,2023-01-01,0.28,
BN,2024-01-01,0.45999999999999996,
BN,2025-01-01,0.27,
HOOD,2020-01-01,-50.91,
HOOD,2021-01-01,27.994999999999997,
HOOD,2022-01-01,-29.8975,
HOOD,2023-01-01,-11.66,
HOOD,2024-01-01,8.2425,
HOOD,2025-01-01,21.02,
AMT,2010-01-01,9.870000000000001,
AMT,2011-01-01,10.209999999999999,
AMT,2012-01-01,16.47,
AMT,2013-01-01,16.1,
AMT,2014-01-01,18.165,
AMT,2015-01-01,11.135,
AMT,2016-01-01,11.11,
AMT,2017-01-01,15.02,
AMT,2018-01-01,17.615000000000002,
AMT,2019-01-01,26.752499999999998,
AMT,2020-01-01,39.432500000000005,
AMT,2021-01-01,40.8125,
AMT,2022-01-01,25.8075,
AMT,2023-01-01,9.5825,
AMT,2024-01-01,18.52,
AMT,2025-01-01,15.52,
BAM,2023-01-01,20.47,
BAM,2024-01-01,27.16,
BAM,2025-01-01,11.09,
DUK,2010-01-01,5.045,
DUK,2011-01-01,7.709999999999999,
DUK,2012-01-01,6.145,
DUK,2013-01-01,5.775,
DUK,2014-01-01,5.175,
DUK,2015-01-01,6.695,
DUK,2016-01-01,6.415,
DUK,2017-01-01,5.9025,
DUK,2018-01-01,6.71,
DUK,2019-01-01,7.46,
DUK,2020-01-01,4.76,
DUK,2021-01-01,5.5625,
DUK,2022-01-01,6.6975,
DUK,2023-01-01,3.6275,
DUK,2024-01-01,7.82,
DUK,2025-01-01,9.205,
CDNS,2010-01-01,20.2375,
CDNS,2011-01-01,31.205,
CDNS,2012-01-01,37.0175,
CDNS,2013-01-01,43.730000000000004,
CDNS,2014-01-01,11.2625,
CDNS,2015-01-01,15.6425,
CDNS,2016-01-01,20.4575,
CDNS,2017-01-01,25.6675,
CDNS,2018-01-01,22.240000000000002,
CDNS,2019-01-01,38.87,
CDNS,2020-01-01,44.995,
CDNS,2021-01-01,27.052500000000002,
CDNS,2022-01-01,29.2625,
CDNS,2023-01-01,32.2175,
CDNS,2024-01-01,28.189999999999998,
CDNS,2025-01-01,22.48,
VRTX,2010-01-01,-83.9025,
VRTX,2011-01-01,-84.1525,
VRTX,2012-01-01,20.5825,
VRTX,2013-01-01,-40.864999999999995,
VRTX,2014-01-01,-42.08,
VRTX,2015-01-01,-61.892500000000005,
VRTX,2016-01-01,-22.557499999999997,
VRTX,2017-01-01,14.045,
VRTX,2018-01-01,30.537499999999998,
VRTX,2019-01-01,44.0525,
VRTX,2020-01-01,33.17,
VRTX,2021-01-01,26.1525,
VRTX,2022-01-01,27.4875,
VRTX,2023-01-01,23.45,
VRTX,2024-01-01,3.6325,
VRTX,2025-01-01,7.945,
TT,2010-01-01,7.705,
TT,2011-01-01,5.285,
TT,2012-01-01,11.365,
TT,2013-01-01,11.65,
TT,2014-01-01,10.8575,
TT,2015-01-01,12.245000000000001,
TT,2016-01-01,20.985,
TT,2017-01-01,17.8925,
TT,2018-01-01,19.7725,
TT,2019-01-01,19.7625,
TT,2020-01-01,15.0025,
TT,2021-01-01,20.5575,
TT,2022-01-01,26.07,
TT,2023-01-01,30.880000000000003,
TT,2024-01-01,33.9175,
TT,2025-01-01,37.24,
WM,2010-01-01,15.3075,
WM,2011-01-01,14.7175,
WM,2012-01-01,13.665,
WM,2013-01-01,10.0175,
WM,2014-01-01,7.0025,
WM,2015-01-01,16.822499999999998,
WM,2016-01-01,21.615000000000002,
WM,2017-01-01,26.7375,
WM,2018-01-01,35.464999999999996,
WM,2019-01-01,27.4325,
WM,2020-01-01,22.77,
WM,2021-01-01,23.0075,
WM,2022-01-01,29.93,
WM,2023-01-01,33.1075,
WM,2024-01-01,35.7675,
WM,2025-01-01,32.52,
PH,2010-01-01,13.39,
PH,2011-01-01,20.0775,
PH,2012-01-01,21.0225,
PH,2013-01-01,17.677500000000002,
PH,2014-01-01,16.607499999999998,
PH,2015-01-01,17.825,
PH,2016-01-01,16.947499999999998,
PH,2017-01-01,19.57,
PH,2018-01-01,20.025,
PH,2019-01-01,24.35,
PH,2020-01-01,20.2975,
PH,2021-01-01,22.985,
PH,2022-01-01,15.6775,
PH,2023-01-01,21.6625,
PH,2024-01-01,24.9525,
PH,2025-01-01,26.35,
BMY,2010-01-01,58.3475,
BMY,2011-01-01,21.4225,
BMY,2012-01-01,17.775,
BMY,2013-01-01,14.325,
BMY,2014-01-01,16.9575,
BMY,2015-01-01,12.0825,
BMY,2016-01-01,20.3225,
BMY,2017-01-01,24.064999999999998,
BMY,2018-01-01,14.47,
BMY,2019-01-01,32.0375,
BMY,2020-01-01,-4.470000000000001,
BMY,2021-01-01,-5.557499999999999,
BMY,2022-01-01,19.1725,
BMY,2023-01-01,25.1575,
BMY,2024-01-01,-35.19,
BMY,2025-01-01,35.7,
MCO,2010-01-01,-91.9025,
MCO,2011-01-01,-301.97,
MCO,2012-01-01,-412.26250000000005,
MCO,2013-01-01,199.35000000000002,
MCO,2014-01-01,223.15,
MCO,2015-01-01,109.46250000000005,
MCO,2016-01-01,-233.125,
MCO,2017-01-01,-127.4025,
MCO,2018-01-01,-1.347500000000025,
MCO,2019-01-01,238.425,
MCO,2020-01-01,174.2375,
MCO,2021-01-01,100.5325,
MCO,2022-01-01,63.555,
MCO,2023-01-01,49.707499999999996,
MCO,2024-01-01,51.41,
MCO,2025-01-01,54.07,
DELL,2016-01-01,-94.02250000000001,
DELL,2017-01-01,-15.51,
DELL,2018-01-01,-14.2225,
DELL,2019-01-01,96.295,
DELL,2020-01-01,116.475,
DELL,2021-01-01,58.9075,
DELL,2022-01-01,100.455,
DELL,2023-01-01,-77.085,
DELL,2024-01-01,-155.28,
DELL,2025-01-01,-197.995,
CTAS,2010-01-01,8.3075,
CTAS,2011-01-01,10.6625,
CTAS,2012-01-01,13.8625,
CTAS,2013-01-01,14.6925,
CTAS,2014-01-01,17.6375,
CTAS,2015-01-01,23.817500000000003,
CTAS,2016-01-01,34.095,
CTAS,2017-01-01,24.1625,
CTAS,2018-01-01,29.585,
CTAS,2019-01-01,28.7175,
CTAS,2020-01-01,28.5225,
CTAS,2021-01-01,30.255,
CTAS,2022-01-01,36.78,
CTAS,2023-01-01,37.2925,
CTAS,2024-01-01,38.6525,
CTAS,2025-01-01,41.114999999999995,
RBLX,2020-01-01,437.93,
RBLX,2021-01-01,-177.60750000000002,
RBLX,2022-01-01,-132.59,
RBLX,2023-01-01,-494.27750000000003,
RBLX,2024-01-01,-988.49,
RBLX,2025-01-01,-442.77,
BP,2010-01-01,2.3125000000000004,
BP,2011-01-01,15.99,
BP,2012-01-01,15.15,
BP,2013-01-01,18.865000000000002,
BP,2014-01-01,6.6425,
BP,2015-01-01,-4.085,
BP,2016-01-01,-4.66,
BP,2017-01-01,3.345,
BP,2018-01-01,7.26,
BP,2019-01-01,6.71,
BP,2020-01-01,-18.73,
BP,2021-01-01,3.0875,
BP,2022-01-01,-12.487499999999999,
BP,2023-01-01,25.580000000000002,
BP,2024-01-01,5.8075,
BP,2025-01-01,-0.395,
SE,2017-01-01,673.9649999999999,
SE,2018-01-01,-1482.11,
SE,2019-01-01,-314.07666666666665,
SE,2020-01-01,-119.69666666666667,
SE,2021-01-01,-56.485,
SE,2022-01-01,-37.335,
SE,2023-01-01,0.16500000000000092,
SE,2024-01-01,1.1275,
SE,2025-01-01,10.7,
ORLY,2010-01-01,13.325,
ORLY,2011-01-01,15.24,
ORLY,2012-01-01,21.1375,
ORLY,2013-01-01,30.1,
ORLY,2014-01-01,35.6225,
ORLY,2015-01-01,42.885,
ORLY,2016-01-01,53.4825,
ORLY,2017-01-01,89.8275,
ORLY,2018-01-01,253.14499999999998,
ORLY,2019-01-01,441.76,
ORLY,2020-01-01,497.0475,
ORLY,2021-01-01,55421.84,
ORLY,2022-01-01,-945.4475,
ORLY,2023-01-01,-158.115,
ORLY,2024-01-01,-153.20499999999998,
ORLY,2025-01-01,-172.435,
HCA,2010-01-01,-12.5675,
HCA,2011-01-01,-15.8125,
HCA,2012-01-01,-35.6725,
HCA,2013-01-01,-19.4225,
HCA,2014-01-01,-25.72,
HCA,2015-01-01,-34.3725,
HCA,2016-01-01,-41.385000000000005,
HCA,2017-01-01,-48.3175,
HCA,2018-01-01,-72.5825,
HCA,2019-01-01,-162.165,
HCA,2020-01-01,436.3575000000001,
HCA,2021-01-01,286.92499999999995,
HCA,2022-01-01,-31605.784999999996,
HCA,2023-01-01,-3144.5924999999997,
HCA,2024-01-01,595.1925,
HCA,2025-01-01,-3049.255,
SHW,2010-01-01,28.405,
SHW,2011-01-01,29.3325,
SHW,2012-01-01,34.1275,
SHW,2013-01-01,38.339999999999996,
SHW,2014-01-01,50.9725,
SHW,2015-01-01,111.99,
SHW,2016-01-01,101.1475,
SHW,2017-01-01,60.067499999999995,
SHW,2018-01-01,47.1275,
SHW,2019-01-01,34.682500000000005,
SHW,2020-01-01,47.71,
SHW,2021-01-01,63.1525,
SHW,2022-01-01,76.505,
SHW,2023-01-01,72.3025,
SHW,2024-01-01,67.795,
SHW,2025-01-01,63.724999999999994,
INTC,2010-01-01,21.485,
INTC,2011-01-01,26.28,
INTC,2012-01-01,25.1375,
INTC,2013-01-01,18.627499999999998,
INTC,2014-01-01,18.3825,
INTC,2015-01-01,20.435,
INTC,2016-01-01,17.3325,
INTC,2017-01-01,17.7275,
INTC,2018-01-01,21.4825,
INTC,2019-01-01,27.3125,
INTC,2020-01-01,28.86,
INTC,2021-01-01,23.5925,
INTC,2022-01-01,16.78,
INTC,2023-01-01,-0.9249999999999999,
INTC,2024-01-01,-6.670000000000001,
INTC,2025-01-01,-18.505,
RCL,2010-01-01,5.46,
RCL,2011-01-01,6.915,
RCL,2012-01-01,4.495,
RCL,2013-01-01,1.9675,
RCL,2014-01-01,6.8,
RCL,2015-01-01,8.54,
RCL,2016-01-01,12.094999999999999,
RCL,2017-01-01,16.3425,
RCL,2018-01-01,16.215,
RCL,2019-01-01,16.415,
RCL,2020-01-01,-30.494999999999997,
RCL,2021-01-01,-65.49000000000001,
RCL,2022-01-01,-81.4325,
RCL,2023-01-01,8.3825,
RCL,2024-01-01,45.25,
RCL,2025-01-01,44.375,
NOC,2010-01-01,15.6475,
NOC,2011-01-01,16.1575,
NOC,2012-01-01,18.8,
NOC,2013-01-01,20.1125,
NOC,2014-01-01,20.5375,
NOC,2015-01-01,28.544999999999998,
NOC,2016-01-01,36.6475,
NOC,2017-01-01,40.2325,
NOC,2018-01-01,44.230000000000004,
NOC,2019-01-01,33.4825,
NOC,2020-01-01,26.985,
NOC,2021-01-01,47.38,
NOC,2022-01-01,41.86,
NOC,2023-01-01,26.9075,
NOC,2024-01-01,18.645,
NOC,2025-01-01,25.555,
GD,2010-01-01,19.752499999999998,
GD,2011-01-01,19.244999999999997,
GD,2012-01-01,12.7775,
GD,2013-01-01,2.8200000000000003,
GD,2014-01-01,17.9525,
GD,2015-01-01,24.634999999999998,
GD,2016-01-01,26.08,
GD,2017-01-01,25.66,
GD,2018-01-01,26.1675,
GD,2019-01-01,26.75,
GD,2020-01-01,23.63,
GD,2021-01-01,21.11,
GD,2022-01-01,19.2,
GD,2023-01-01,17.6025,
GD,2024-01-01,16.7275,
GD,2025-01-01,17.9,
NTES,2010-01-01,25.645,
NTES,2011-01-01,27.4775,
NTES,2012-01-01,25.305,
NTES,2013-01-01,28.5075,
NTES,2014-01-01,26.255000000000003,
NTES,2015-01-01,22.565,
NTES,2016-01-01,30.19,
NTES,2017-01-01,30.159999999999997,
NTES,2018-01-01,14.870000000000001,
NTES,2019-01-01,27.237499999999997,
NTES,2020-01-01,26.630000000000003,
NTES,2021-01-01,16.1825,
NTES,2022-01-01,19.4,
NTES,2023-01-01,22.5575,
NTES,2024-01-01,22.317500000000003,
NTES,2025-01-01,22.83,
MCK,2010-01-01,17.64,
MCK,2011-01-01,17.1725,
MCK,2012-01-01,21.115000000000002,
MCK,2013-01-01,17.5225,
MCK,2014-01-01,14.592500000000001,
MCK,2015-01-01,19.07,
MCK,2016-01-01,22.912499999999998,
MCK,2017-01-01,46.47,
MCK,2018-01-01,-1.2625,
MCK,2019-01-01,-3.2900000000000005,
MCK,2020-01-01,-8.2,
MCK,2021-01-01,1749.825,
MCK,2022-01-01,-161.1775,
MCK,2023-01-01,-224.8425,
MCK,2024-01-01,-167.1225,
MCK,2025-01-01,-156.51,
TRI,2010-01-01,4.3975,
TRI,2011-01-01,2.955,
TRI,2012-01-01,-1.7699999999999998,
TRI,2013-01-01,5.285,
TRI,2014-01-01,5.0600000000000005,
TRI,2015-01-01,12.4275,
TRI,2016-01-01,13.485000000000001,
TRI,2017-01-01,20.375,
TRI,2018-01-01,14.1975,
TRI,2019-01-01,34.445,
TRI,2020-01-01,16.83,
TRI,2021-01-01,48.8625,
TRI,2022-01-01,8.004999999999999,
TRI,2023-01-01,17.19,
TRI,2024-01-01,20.465,
TRI,2025-01-01,18.06,
BMO,2010-01-01,12.7825,
BMO,2011-01-01,13.5125,
BMO,2012-01-01,13.692499999999999,
BMO,2013-01-01,13.4025,
BMO,2014-01-01,12.8875,
BMO,2015-01-01,11.2675,
BMO,2016-01-01,11.0075,
BMO,2017-01-01,11.8775,
BMO,2018-01-01,10.9675,
BMO,2019-01-01,12.66,
BMO,2020-01-01,9.3675,
BMO,2021-01-01,11.495000000000001,
BMO,2022-01-01,17.9225,
BMO,2023-01-01,9.86,
BMO,2024-01-01,7.67,
BMO,2025-01-01,9.32,
MMM,2010-01-01,28.245,
MMM,2011-01-01,25.7175,
MMM,2012-01-01,25.7975,
MMM,2013-01-01,24.942500000000003,
MMM,2014-01-01,27.810000000000002,
MMM,2015-01-01,35.92,
MMM,2016-01-01,41.84,
MMM,2017-01-01,45.7775,
MMM,2018-01-01,41.9125,
MMM,2019-01-01,49.5175,
MMM,2020-01-01,47.4625,
MMM,2021-01-01,43.8,
MMM,2022-01-01,37.8775,
MMM,2023-01-01,-32.07,
MMM,2024-01-01,21.220000000000002,
MMM,2025-01-01,96.125,
PBR,2010-01-01,16.6325,
PBR,2011-01-01,12.555,
PBR,2012-01-01,7.1875,
PBR,2013-01-01,7.175,
PBR,2014-01-01,2.53,
PBR,2015-01-01,-8.3725,
PBR,2016-01-01,-13.355,
PBR,2017-01-01,-1.2225,
PBR,2018-01-01,5.15,
PBR,2019-01-01,10.22,
PBR,2020-01-01,-5.2299999999999995,
PBR,2021-01-01,9.9575,
PBR,2022-01-01,42.165,
PBR,2023-01-01,38.8925,
PBR,2024-01-01,20.5225,
PBR,2025-01-01,12.98,
PBR.A,2010-01-01,16.6325,
PBR.A,2011-01-01,12.555,
PBR.A,2012-01-01,7.1875,
PBR.A,2013-01-01,7.175,
PBR.A,2014-01-01,2.53,
PBR.A,2015-01-01,-8.3725,
PBR.A,2016-01-01,-13.355,
PBR.A,2017-01-01,-1.2225,
PBR.A,2018-01-01,5.15,
PBR.A,2019-01-01,10.22,
PBR.A,2020-01-01,-5.2299999999999995,
PBR.A,2021-01-01,0.6966666666666667,
PBR.A,2022-01-01,39.9275,
PBR.A,2023-01-01,38.8925,
PBR.A,2024-01-01,20.5225,
PBR.A,2025-01-01,12.98,
MDLZ,2010-01-01,13.8025,
MDLZ,2011-01-01,8.76,
MDLZ,2012-01-01,9.3025,
MDLZ,2013-01-01,8.9725,
MDLZ,2014-01-01,9.995,
MDLZ,2015-01-01,18.689999999999998,
MDLZ,2016-01-01,15.6875,
MDLZ,2017-01-01,8.13,
MDLZ,2018-01-01,12.434999999999999,
MDLZ,2019-01-01,14.0875,
MDLZ,2020-01-01,13.165,
MDLZ,2021-01-01,15.3675,
MDLZ,2022-01-01,12.52,
MDLZ,2023-01-01,15.787500000000001,
MDLZ,2024-01-01,14.79,
MDLZ,2025-01-01,13.454999999999998,
CVS,2010-01-01,9.9125,
CVS,2011-01-01,9.055,
CVS,2012-01-01,9.8425,
CVS,2013-01-01,11.34,
CVS,2014-01-01,12.36,
CVS,2015-01-01,13.219999999999999,
CVS,2016-01-01,14.0625,
CVS,2017-01-01,15.7075,
CVS,2018-01-01,8.38,
CVS,2019-01-01,6.4125,
CVS,2020-01-01,11.615,
CVS,2021-01-01,10.535,
CVS,2022-01-01,8.1425,
CVS,2023-01-01,8.235,
CVS,2024-01-01,8.0525,
CVS,2025-01-01,6.449999999999999,
TDG,2010-01-01,22.2875,
TDG,2011-01-01,25.5925,
TDG,2012-01-01,30.9125,
TDG,2013-01-01,41.755,
TDG,2014-01-01,172.1575,
TDG,2015-01-01,-30.582500000000003,
TDG,2016-01-01,-55.902499999999996,
TDG,2017-01-01,-29.105,
TDG,2018-01-01,-35.825,
TDG,2019-01-01,-41.925,
TDG,2020-01-01,-16.1425,
TDG,2021-01-01,-15.065000000000001,
TDG,2022-01-01,-26.927500000000002,
TDG,2023-01-01,-40.5025,
TDG,2024-01-01,-46.24,
TDG,2025-01-01,-31.71,
COIN,2021-01-01,70.83,
COIN,2022-01-01,-0.884999999999998,
COIN,2023-01-01,-18.5775,
COIN,2024-01-01,22.5975,
COIN,2025-01-01,15.52,
APO,2010-01-01,12.2,
APO,2011-01-01,-1.0250000000000004,
APO,2012-01-01,-4.050000000000001,
APO,2013-01-01,9.9,
APO,2014-01-01,5.5375,
APO,2015-01-01,3.3975,
APO,2016-01-01,15.344999999999999,
APO,2017-01-01,26.525,
APO,2018-01-01,9.69,
APO,2019-01-01,15.8625,
APO,2020-01-01,-3.5549999999999997,
APO,2021-01-01,28.2225,
APO,2022-01-01,-12.8575,
APO,2023-01-01,12.950000000000001,
APO,2024-01-01,20.85,
APO,2025-01-01,10.754999999999999,
RACE,2015-01-01,13.125,
RACE,2016-01-01,146.745,
RACE,2017-01-01,117.4225,
RACE,2018-01-01,74.52,
RACE,2019-01-01,56.425,
RACE,2020-01-01,39.2525,
RACE,2021-01-01,43.207499999999996,
RACE,2022-01-01,39.7675,
RACE,2023-01-01,41.45,
RACE,2024-01-01,44.7775,
RACE,2025-01-01,46.47,
AON,2010-01-01,11.53,
AON,2011-01-01,11.295,
AON,2012-01-01,11.765,
AON,2013-01-01,13.445,
AON,2014-01-01,16.5275,
AON,2015-01-01,20.2525,
AON,2016-01-01,25.5375,
AON,2017-01-01,27.669999999999998,
AON,2018-01-01,21.57,
AON,2019-01-01,33.68,
AON,2020-01-01,51.120000000000005,
AON,2021-01-01,43.1075,
AON,2022-01-01,414.58,
AON,2023-01-01,-1984.4775,
AON,2024-01-01,-147.83749999999998,
AON,2025-01-01,38.28,
SCCO,2010-01-01,36.35,
SCCO,2011-01-01,51.94,
SCCO,2012-01-01,47.9975,
SCCO,2013-01-01,32.16,
SCCO,2014-01-01,24.495,
SCCO,2015-01-01,18.66,
SCCO,2016-01-01,11.942499999999999,
SCCO,2017-01-01,15.625,
SCCO,2018-01-01,16.9775,
SCCO,2019-01-01,21.8625,
SCCO,2020-01-01,19.3775,
SCCO,2021-01-01,37.5375,
SCCO,2022-01-01,35.9625,
SCCO,2023-01-01,33.835,
SCCO,2024-01-01,35.455,
SCCO,2025-01-01,39.39,
CVNA,2016-01-01,327.59,
CVNA,2017-01-01,840.9025,
CVNA,2018-01-01,-15.815,
CVNA,2019-01-01,-34.4575,
CVNA,2020-01-01,-41.325,
CVNA,2021-01-01,-15.4175,
CVNA,2022-01-01,-763.83,
CVNA,2023-01-01,161.64,
CVNA,2024-01-01,-110.455,
CVNA,2025-01-01,42.715,
MFG,2010-01-01,7.6433333333333335,
MFG,2011-01-01,5.2299999999999995,
MFG,2012-01-01,8.35,
MFG,2013-01-01,9.325,
MFG,2014-01-01,8.07,
MFG,2015-01-01,6.67,
MFG,2016-01-01,5.72,
MFG,2017-01-01,5.22,
MFG,2018-01-01,6.12,
MFG,2019-01-01,6.27,
MFG,2020-01-01,6.17,
MFG,2021-01-01,7.58,
MFG,2022-01-01,7.72,
MFG,2023-01-01,8.41,
MFG,2024-01-01,9.47,
ECL,2010-01-01,25.7025,
ECL,2011-01-01,21.66,
ECL,2012-01-01,10.375,
ECL,2013-01-01,13.7875,
ECL,2014-01-01,15.2025,
ECL,2015-01-01,16.1325,
ECL,2016-01-01,15.625,
ECL,2017-01-01,19.07,
ECL,2018-01-01,19.78,
ECL,2019-01-01,18.3775,
ECL,2020-01-01,-6.3025,
ECL,2021-01-01,7.3149999999999995,
ECL,2022-01-01,15.61,
ECL,2023-01-01,16.55,
ECL,2024-01-01,22.5675,
ECL,2025-01-01,24.17,
EQIX,2010-01-01,3.6550000000000002,
EQIX,2011-01-01,3.995,
EQIX,2012-01-01,5.675,
EQIX,2013-01-01,4.3125,
EQIX,2014-01-01,1.205,
EQIX,2015-01-01,-4.2625,
EQIX,2016-01-01,2.325,
EQIX,2017-01-01,3.745,
EQIX,2018-01-01,4.375,
EQIX,2019-01-01,5.9375,
EQIX,2020-01-01,4.885,
EQIX,2021-01-01,3.95,
EQIX,2022-01-01,5.8125,
EQIX,2023-01-01,7.3625,
EQIX,2024-01-01,7.71,
EQIX,2025-01-01,7.09,
NEM,2010-01-01,14.7925,
NEM,2011-01-01,11.135,
NEM,2012-01-01,3.8025,
NEM,2013-01-01,-4.045,
NEM,2014-01-01,-6.3475,
NEM,2015-01-01,3.295,
NEM,2016-01-01,-1.87,
NEM,2017-01-01,-2.2474999999999996,
NEM,2018-01-01,0.6775,
NEM,2019-01-01,7.4375,
NEM,2020-01-01,14.195,
NEM,2021-01-01,9.1225,
NEM,2022-01-01,2.71,
NEM,2023-01-01,-5.485,
NEM,2024-01-01,-2.8125,
NEM,2025-01-01,18.525,
ITW,2010-01-01,17.58,
ITW,2011-01-01,19.5325,
ITW,2012-01-01,23.2975,
ITW,2013-01-01,21.802500000000002,
ITW,2014-01-01,29.927500000000002,
ITW,2015-01-01,35.92,
ITW,2016-01-01,39.075,
ITW,2017-01-01,44.3475,
ITW,2018-01-01,49.49,
ITW,2019-01-01,77.36749999999999,
ITW,2020-01-01,82.8,
ITW,2021-01-01,79.895,
ITW,2022-01-01,81.0275,
ITW,2023-01-01,99.57249999999999,
ITW,2024-01-01,106.17,
ITW,2025-01-01,103.31,
GSK,2010-01-01,39.9025,
GSK,2011-01-01,36.405,
GSK,2012-01-01,58.9475,
GSK,2013-01-01,60.635,
GSK,2014-01-01,59.9775,
GSK,2015-01-01,109.395,
GSK,2016-01-01,7.0024999999999995,
GSK,2017-01-01,38.207499999999996,
GSK,2018-01-01,62.005,
GSK,2019-01-01,83.88749999999999,
GSK,2020-01-01,32.9875,
GSK,2021-01-01,21.994999999999997,
GSK,2022-01-01,50.5175,
GSK,2023-01-01,89.0525,
GSK,2024-01-01,26.04,
GSK,2025-01-01,24.28,
EMR,2010-01-01,21.8875,
EMR,2011-01-01,23.13,
EMR,2012-01-01,20.86,
EMR,2013-01-01,17.895,
EMR,2014-01-01,21.0325,
EMR,2015-01-01,28.49,
EMR,2016-01-01,22.3275,
EMR,2017-01-01,18.927500000000002,
EMR,2018-01-01,24.4825,
EMR,2019-01-01,26.265,
EMR,2020-01-01,25.05,
EMR,2021-01-01,26.01,
EMR,2022-01-01,27.67,
EMR,2023-01-01,50.9525,
EMR,2024-01-01,15.7825,
EMR,2025-01-01,10.5,
AJG,2010-01-01,15.315,
AJG,2011-01-01,13.7325,
AJG,2012-01-01,13.4525,
AJG,2013-01-01,13.879999999999999,
AJG,2014-01-01,12.094999999999999,
AJG,2015-01-01,9.365,
AJG,2016-01-01,10.5475,
AJG,2017-01-01,13.3975,
AJG,2018-01-01,13.0975,
AJG,2019-01-01,14.2125,
AJG,2020-01-01,14.0775,
AJG,2021-01-01,12.7525,
AJG,2022-01-01,12.04,
AJG,2023-01-01,11.2775,
AJG,2024-01-01,10.3,
AJG,2025-01-01,9.39,
MSI,2010-01-01,4.2924999999999995,
MSI,2011-01-01,15.2325,
MSI,2012-01-01,17.0675,
MSI,2013-01-01,32.085,
MSI,2014-01-01,38.1875,
MSI,2015-01-01,41.485,
MSI,2016-01-01,-61.394999999999996,
MSI,2017-01-01,-50.67999999999999,
MSI,2018-01-01,-12.982499999999998,
MSI,2019-01-01,-87.37,
MSI,2020-01-01,-104.9925,
MSI,2021-01-01,-285.4425,
MSI,2022-01-01,-499.46,
MSI,2023-01-01,394.0875,
MSI,2024-01-01,210.005,
MSI,2025-01-01,147.83,
PNC,2010-01-01,8.56,
PNC,2011-01-01,9.8925,
PNC,2012-01-01,7.06,
PNC,2013-01-01,8.3125,
PNC,2014-01-01,8.86,
PNC,2015-01-01,8.4025,
PNC,2016-01-01,7.9725,
PNC,2017-01-01,8.995,
PNC,2018-01-01,11.485,
PNC,2019-01-01,10.115,
PNC,2020-01-01,9.48,
PNC,2021-01-01,5.115,
PNC,2022-01-01,10.665,
PNC,2023-01-01,11.795,
PNC,2024-01-01,9.5075,
PNC,2025-01-01,10.365,
RSG,2010-01-01,5.675000000000001,
RSG,2011-01-01,7.1775,
RSG,2012-01-01,7.987500000000001,
RSG,2013-01-01,6.7325,
RSG,2014-01-01,8.2925,
RSG,2015-01-01,8.215,
RSG,2016-01-01,8.605,
RSG,2017-01-01,11.012500000000001,
RSG,2018-01-01,16.3,
RSG,2019-01-01,13.345,
RSG,2020-01-01,12.655000000000001,
RSG,2021-01-01,13.43,
RSG,2022-01-01,15.57,
RSG,2023-01-01,16.2775,
RSG,2024-01-01,17.8325,
RSG,2025-01-01,18.354999999999997,
ABNB,2020-01-01,-632.12,
ABNB,2021-01-01,-174.41,
ABNB,2022-01-01,28.130000000000003,
ABNB,2023-01-01,59.247499999999995,
ABNB,2024-01-01,44.647499999999994,
ABNB,2025-01-01,30.91,
NET,2019-01-01,-14.46,
NET,2020-01-01,-17.2625,
NET,2021-01-01,-22.635,
NET,2022-01-01,-36.73,
NET,2023-01-01,-30.9775,
NET,2024-01-01,-14.442499999999999,
NET,2025-01-01,-7.49,
UPS,2010-01-01,35.115,
UPS,2011-01-01,47.8575,
UPS,2012-01-01,39.265,
UPS,2013-01-01,41.3775,
UPS,2014-01-01,68.7475,
UPS,2015-01-01,163.185,
UPS,2016-01-01,197.0575,
UPS,2017-01-01,330.1925,
UPS,2018-01-01,297.2975,
UPS,2019-01-01,128.515,
UPS,2020-01-01,89.5975,
UPS,2021-01-01,104.1825,
UPS,2022-01-01,73.89750000000001,
UPS,2023-01-01,47.3425,
UPS,2024-01-01,32.385000000000005,
UPS,2025-01-01,35.254999999999995,
HWM,2010-01-01,-1.815,
HWM,2011-01-01,4.7524999999999995,
HWM,2012-01-01,0.5725,
HWM,2013-01-01,-2.6775,
HWM,2014-01-01,-11.829999999999998,
HWM,2015-01-01,2.645,
HWM,2016-01-01,-3.695,
HWM,2017-01-01,-7.1875,
HWM,2018-01-01,-1.51,
HWM,2019-01-01,9.5825,
HWM,2020-01-01,10.094999999999999,
HWM,2021-01-01,6.6875,
HWM,2022-01-01,11.455,
HWM,2023-01-01,16.310000000000002,
HWM,2024-01-01,24.142500000000002,
HWM,2025-01-01,28.605,
