Ticker,Year,Volume
NVDA,2010,741317984.1269841
NVDA,2011,915740619.0476191
NVDA,2012,483102720.0
NVDA,2013,353759428.5714286
NVDA,2014,283956095.2380952
NVDA,2015,310268111.1111111
NVDA,2016,442851603.17460316
NVDA,2017,685866406.374502
NVDA,2018,548086087.6494024
NVDA,2019,456399666.6666667
NVDA,2020,480855256.91699606
NVDA,2021,359558817.46031743
NVDA,2022,543163223.1075697
NVDA,2023,473557460.0
MSFT,2010,63067158.73015873
MSFT,2011,60683658.73015873
MSFT,2012,47937960.4
MSFT,2013,48615468.253968254
MSFT,2014,33331748.412698414
MSFT,2015,35950221.82539683
MSFT,2016,31030661.904761903
MSFT,2017,22436169.721115537
MSFT,2018,31590188.844621513
MSFT,2019,24580994.04761905
MSFT,2020,37659592.49011858
MSFT,2021,26013012.698412698
MSFT,2022,31219321.513944224
MSFT,2023,27677097.6
AAPL,2010,599305266.6666666
AAPL,2011,492298966.6666667
AAPL,2012,527856817.6
AAPL,2013,406434800.0
AAPL,2014,252610922.2222222
AAPL,2015,207397617.46031746
AAPL,2016,153690123.80952382
AAPL,2017,108538270.91633466
AAPL,2018,136080258.16733068
AAPL,2019,112122788.8888889
AAPL,2020,157564646.64031622
AAPL,2021,90524627.38095239
AAPL,2022,87910376.4940239
AAPL,2023,59223547.6
AMZN,2010,145792579.36507937
AMZN,2011,115871317.46031746
AMZN,2012,83992328.0
AMZN,2013,59357595.23809524
AMZN,2014,81671960.31746031
AMZN,2015,75960476.1904762
AMZN,2016,82440976.1904762
AMZN,2017,70335091.63346614
AMZN,2018,112979888.44621514
AMZN,2019,77353182.53968254
AMZN,2020,98619818.18181819
AMZN,2021,67763341.26984127
AMZN,2022,76080702.39043824
AMZN,2023,58837791.6
GOOGL,2010,127069010.14285715
GOOGL,2011,123005664.85714285
GOOGL,2012,104070817.008
GOOGL,2013,83412535.71428572
GOOGL,2014,53328169.61904762
GOOGL,2015,43396365.07936508
GOOGL,2016,39381277.777777776
GOOGL,2017,32342717.131474104
GOOGL,2018,40919314.74103586
GOOGL,2019,30260753.968253966
GOOGL,2020,39953114.62450593
GOOGL,2021,30513936.507936507
GOOGL,2022,34767530.27888446
GOOGL,2023,32728912.4
META,2012,54648146.451612905
META,2013,60091994.44444445
META,2014,47530551.984126985
META,2015,26958879.365079366
META,2016,25475071.031746034
META,2017,16789952.589641433
META,2018,27658596.812749002
META,2019,16206268.650793651
META,2020,22446295.652173914
META,2021,18868038.095238097
META,2022,35558661.75298805
META,2023,24230552.0
AVGO,2010,9770781.746031746
AVGO,2011,24685988.095238097
AVGO,2012,21974332.0
AVGO,2013,25829972.222222224
AVGO,2014,23990698.412698414
AVGO,2015,31604646.825396825
AVGO,2016,32049404.76190476
AVGO,2017,27934147.410358567
AVGO,2018,41893896.41434263
AVGO,2019,25852734.126984127
AVGO,2020,24428233.201581027
AVGO,2021,18850884.92063492
AVGO,2022,23816689.24302789
AVGO,2023,26576792.0
TSLA,2010,23696434.615384616
TSLA,2011,19359232.14285714
TSLA,2012,18446940.0
TSLA,2013,126115827.38095239
TSLA,2014,103709601.1904762
TSLA,2015,64774869.047619045
TSLA,2016,69188196.42857143
TSLA,2017,95021796.812749
TSLA,2018,129181601.5936255
TSLA,2019,137383833.33333334
TSLA,2020,225923862.45059288
TSLA,2021,82174886.90476191
TSLA,2022,86936333.06772909
TSLA,2023,137351640.0
TSM,2010,14139352.38095238
TSM,2011,14703195.634920634
TSM,2012,10584957.2
TSM,2013,10370385.714285715
TSM,2014,11061446.031746032
TSM,2015,12244503.174603175
TSM,2016,7093236.904761905
TSM,2017,5732108.7649402395
TSM,2018,8042509.960159362
TSM,2019,7595102.380952381
TSM,2020,9486466.403162055
TSM,2021,9534554.761904761
TSM,2022,12932933.864541832
TSM,2023,10682594.8
BRK-B,2010,7968425.793650794
BRK-B,2011,5574231.746031746
BRK-B,2012,4246890.4
BRK-B,2013,3714948.8095238097
BRK-B,2014,3477790.0793650793
BRK-B,2015,3602022.619047619
BRK-B,2016,3702447.619047619
BRK-B,2017,3370261.752988048
BRK-B,2018,4521509.960159362
BRK-B,2019,3842267.4603174604
BRK-B,2020,6257018.972332016
BRK-B,2021,4553467.857142857
BRK-B,2022,4446878.884462152
BRK-B,2023,3351735.2
WMT,2010,40215392.85714286
WMT,2011,36381396.428571425
WMT,2012,27717045.6
WMT,2013,20854488.095238097
WMT,2014,19546836.904761903
WMT,2015,27127936.904761903
WMT,2016,28116755.95238095
WMT,2017,26710743.824701194
WMT,2018,28399041.035856575
WMT,2019,18125685.714285713
WMT,2020,27183709.09090909
WMT,2021,24977269.04761905
WMT,2022,23904305.976095617
WMT,2023,18941738.4
JPM,2010,41151403.17460317
JPM,2011,38452565.87301587
JPM,2012,33076562.4
JPM,2013,21125133.333333332
JPM,2014,15803590.476190476
JPM,2015,15871202.777777778
JPM,2016,17055612.698412698
JPM,2017,13947196.414342629
JPM,2018,15176603.187250996
JPM,2019,11768765.476190476
JPM,2020,19229968.37944664
JPM,2021,12905609.92063492
JPM,2022,13677462.151394423
JPM,2023,10746045.2
ORCL,2010,31532253.57142857
ORCL,2011,31328866.666666668
ORCL,2012,26762385.6
ORCL,2013,23011721.42857143
ORCL,2014,15168297.222222222
ORCL,2015,14885947.61904762
ORCL,2016,13721410.317460317
ORCL,2017,13626900.398406375
ORCL,2018,18314775.697211154
ORCL,2019,13039955.555555556
ORCL,2020,13097647.43083004
ORCL,2021,11388565.476190476
ORCL,2022,8346655.378486056
ORCL,2023,9151480.0
V,2010,27273144.444444444
V,2011,22611047.61904762
V,2012,13293838.4
V,2013,12934580.952380951
V,2014,11694361.904761905
V,2015,8896680.952380951
V,2016,9501258.333333334
V,2017,7678052.589641434
V,2018,8556381.673306772
V,2019,7559172.619047619
V,2020,9731501.976284586
V,2021,8735264.285714285
V,2022,7508262.948207172
V,2023,5971248.0
LLY,2010,7303888.492063492
LLY,2011,8259085.714285715
LLY,2012,7146037.2
LLY,2013,5611423.015873016
LLY,2014,4628769.841269841
LLY,2015,4943252.380952381
LLY,2016,4779227.777777778
LLY,2017,3652890.438247012
LLY,2018,4325031.075697212
LLY,2019,7058441.26984127
LLY,2020,3937483.3992094863
LLY,2021,3363721.8253968256
LLY,2022,2895696.812749004
LLY,2023,3064757.6
MA,2010,16618567.46031746
MA,2011,11530694.444444444
MA,2012,8498004.0
MA,2013,6367321.428571428
MA,2014,5429810.317460317
MA,2015,4318583.333333333
MA,2016,4170278.1746031744
MA,2017,3190072.111553785
MA,2018,3945010.7569721118
MA,2019,3419540.476190476
MA,2020,4698897.233201581
MA,2021,4062901.984126984
MA,2022,3411692.828685259
MA,2023,2635650.4
NFLX,2010,28281111.111111112
NFLX,2011,44388291.666666664
NFLX,2012,40863788.0
NFLX,2013,27443613.888888888
NFLX,2014,19438155.555555556
NFLX,2015,18575888.095238097
NFLX,2016,12836284.126984127
NFLX,2017,6590004.780876494
NFLX,2018,11469624.70119522
NFLX,2019,7857728.968253968
NFLX,2020,6933900.790513834
NFLX,2021,3914700.396825397
NFLX,2022,10876290.438247012
NFLX,2023,6401964.0
XOM,2010,26432254.365079366
XOM,2011,21940620.23809524
XOM,2012,15003279.6
XOM,2013,12631733.73015873
XOM,2014,11726997.222222222
XOM,2015,14089219.444444444
XOM,2016,12408399.206349207
XOM,2017,10951135.059760956
XOM,2018,13635874.103585657
XOM,2019,11619611.507936507
XOM,2020,28811418.972332016
XOM,2021,23986906.34920635
XOM,2022,25323267.729083665
XOM,2023,17480114.4
COST,2010,3836305.9523809524
COST,2011,2546804.761904762
COST,2012,2347915.6
COST,2013,1808811.507936508
COST,2014,2084253.9682539683
COST,2015,2144562.698412698
COST,2016,2405456.3492063493
COST,2017,3086512.3505976098
COST,2018,2345097.609561753
COST,2019,1971298.4126984128
COST,2020,2755082.6086956523
COST,2021,2240895.238095238
COST,2022,2485948.605577689
COST,2023,1864723.6
PLTR,2020,64230696.92307692
PLTR,2021,56144374.603174604
PLTR,2022,41651126.69322709
PLTR,2023,59097109.6
JNJ,2010,12146800.0
JNJ,2011,12472056.349206349
JNJ,2012,11922292.8
JNJ,2013,8927684.126984127
JNJ,2014,7533592.063492063
JNJ,2015,8244732.936507937
JNJ,2016,7551629.365079365
JNJ,2017,5859507.1713147415
JNJ,2018,7665013.944223108
JNJ,2019,7090444.444444444
JNJ,2020,8042740.71146245
JNJ,2021,7137174.206349206
JNJ,2022,7265052.589641434
JNJ,2023,11198728.0
HD,2010,15789932.142857144
HD,2011,11637141.666666666
HD,2012,9565862.8
HD,2013,6998686.507936508
HD,2014,6435684.523809524
HD,2015,5113994.444444444
HD,2016,5136718.650793651
HD,2017,4491718.3266932275
HD,2018,4982033.466135458
HD,2019,4192342.4603174604
HD,2020,4743367.588932807
HD,2021,3807432.5396825396
HD,2022,4279330.278884462
HD,2023,3659521.2
PG,2010,11967932.936507937
PG,2011,10490821.825396825
PG,2012,10839774.8
PG,2013,8653309.92063492
PG,2014,8108636.111111111
PG,2015,8828651.984126983
PG,2016,12013682.53968254
PG,2017,7301870.517928286
PG,2018,9489360.9561753
PG,2019,7569230.555555556
PG,2020,8000736.363636363
PG,2021,7752911.507936508
PG,2022,7325294.4223107565
PG,2023,6292801.2
ABBV,2013,6259331.746031746
ABBV,2014,9136328.174603175
ABBV,2015,10486105.952380951
ABBV,2016,8018055.158730159
ABBV,2017,5990490.836653386
ABBV,2018,7082670.119521912
ABBV,2019,7828973.015873016
ABBV,2020,9449449.011857707
ABBV,2021,6819636.111111111
ABBV,2022,6466389.6414342625
ABBV,2023,5503538.0
SAP,2010,1969273.0158730159
SAP,2011,1770811.507936508
SAP,2012,1678792.0
SAP,2013,1261952.7777777778
SAP,2014,1031906.3492063492
SAP,2015,1128863.492063492
SAP,2016,1017644.8412698413
SAP,2017,686273.7051792828
SAP,2018,966489.2430278885
SAP,2019,742849.2063492064
SAP,2020,949610.2766798419
SAP,2021,713735.3174603175
SAP,2022,1210960.15936255
SAP,2023,886818.4
BAC,2010,188958075.7936508
BAC,2011,212879046.42857143
BAC,2012,197652313.6
BAC,2013,119522134.52380952
BAC,2014,85453048.41269842
BAC,2015,84425960.31746031
BAC,2016,108393858.73015873
BAC,2017,78875646.61354582
BAC,2018,67920839.84063745
BAC,2019,54198188.88888889
BAC,2020,68046849.80237155
BAC,2021,48437864.28571428
BAC,2022,46550373.30677291
BAC,2023,48273122.0
CVX,2010,10324613.492063493
CVX,2011,9127567.857142856
CVX,2012,6491130.0
CVX,2013,5738768.650793651
CVX,2014,6529386.111111111
CVX,2015,9252181.746031746
CVX,2016,8054686.904761905
CVX,2017,5589161.354581674
CVX,2018,6682325.498007968
CVX,2019,6320622.619047619
CVX,2020,11200872.727272727
CVX,2021,10482366.26984127
CVX,2022,11478780.478087649
CVX,2023,8647762.0
KO,2010,20568367.46031746
KO,2011,18213459.523809522
KO,2012,15188386.8
KO,2013,14423351.984126983
KO,2014,15311280.952380951
KO,2015,14372063.095238095
KO,2016,13372105.158730159
KO,2017,11384552.589641435
KO,2018,12525482.470119521
KO,2019,12844082.53968254
KO,2020,17000662.05533597
KO,2021,15835411.111111112
KO,2022,16023500.796812749
KO,2023,13753245.6
GE,2010,15073468.861111112
GE,2011,13358759.555555556
GE,2012,9564746.024
GE,2013,7945438.71031746
GE,2014,6597225.412698412
GE,2015,10962578.404761905
GE,2016,7413803.78968254
GE,2017,9621873.6812749
GE,2018,18807627.446215138
GE,2019,14155836.087301588
GE,2020,19655744.217391305
GE,2021,13529082.658730159
GE,2022,10415831.525896415
GE,2023,7153772.168
AMD,2010,25842271.42857143
AMD,2011,21938331.746031746
AMD,2012,20718758.8
AMD,2013,25108144.84126984
AMD,2014,23721249.206349205
AMD,2015,13634672.61904762
AMD,2016,30708605.555555556
AMD,2017,65161449.800796814
AMD,2018,84610999.20318726
AMD,2019,66301094.047619045
AMD,2020,61573043.87351779
AMD,2021,51250906.34920635
AMD,2022,91416127.09163347
AMD,2023,61603460.0
CSCO,2010,59979900.0
CSCO,2011,68310700.79365079
CSCO,2012,41753722.8
CSCO,2013,39114258.333333336
CSCO,2014,32836812.698412698
CSCO,2015,27094164.682539683
CSCO,2016,24814713.492063493
CSCO,2017,20208953.78486056
CSCO,2018,24713039.442231074
CSCO,2019,20525362.698412698
CSCO,2020,25028760.4743083
CSCO,2021,19287558.73015873
CSCO,2022,21285761.752988048
CSCO,2023,18573332.4
ASML,2010,2028651.4722222222
ASML,2011,2249034.3333333335
ASML,2012,1928113.932
ASML,2013,1398545.238095238
ASML,2014,1023530.5555555555
ASML,2015,1096846.4285714286
ASML,2016,796136.1111111111
ASML,2017,888217.529880478
ASML,2018,984163.7450199203
ASML,2019,653126.9841269841
ASML,2020,844905.5335968379
ASML,2021,863806.746031746
ASML,2022,1173954.5816733069
ASML,2023,1004086.4
TMUS,2010,3283834.9206349207
TMUS,2011,3042916.0714285714
TMUS,2012,4011598.6
TMUS,2013,4897785.912698412
TMUS,2014,4861348.412698412
TMUS,2015,4308145.634920635
TMUS,2016,3863982.1428571427
TMUS,2017,4302053.386454184
TMUS,2018,3831908.764940239
TMUS,2019,3615698.8095238097
TMUS,2020,5383100.0
TMUS,2021,4631524.206349206
TMUS,2022,5037256.57370518
TMUS,2023,5222516.8
BABA,2014,28848955.555555556
BABA,2015,17164564.285714287
BABA,2016,14803404.761904761
BABA,2017,15509617.928286852
BABA,2018,20414276.89243028
BABA,2019,15870658.73015873
BABA,2020,18388801.18577075
BABA,2021,20750578.968253966
BABA,2022,26824210.75697211
BABA,2023,19553051.2
PM,2010,7844952.777777778
PM,2011,7253798.015873016
PM,2012,5324348.0
PM,2013,5015421.428571428
PM,2014,4770646.428571428
PM,2015,4541025.396825396
PM,2016,4637152.777777778
PM,2017,4149550.597609562
PM,2018,6255315.537848606
PM,2019,5643896.428571428
PM,2020,5409657.312252965
PM,2021,4478619.841269841
PM,2022,5429492.03187251
PM,2023,4326132.4
WFC,2010,41091166.666666664
WFC,2011,37706692.46031746
WFC,2012,26877017.2
WFC,2013,19863402.38095238
WFC,2014,15501909.523809524
WFC,2015,15913688.888888888
WFC,2016,22959404.365079366
WFC,2017,18363690.836653385
WFC,2018,21552741.035856575
WFC,2019,20266708.333333332
WFC,2020,40981150.98814229
WFC,2021,28894077.38095238
WFC,2022,23218109.56175299
WFC,2023,19229064.8
TM,2010,1107836.111111111
TM,2011,695596.8253968254
TM,2012,416945.6
TM,2013,510105.95238095237
TM,2014,385180.95238095237
TM,2015,306495.6349206349
TM,2016,387033.3333333333
TM,2017,211278.48605577688
TM,2018,201808.36653386455
TM,2019,139084.52380952382
TM,2020,213115.41501976285
TM,2021,281982.9365079365
TM,2022,259537.4501992032
TM,2023,282280.4
IBM,2010,6718266.638888889
IBM,2011,6002820.123015873
IBM,2012,4271732.196
IBM,2013,4441181.900793651
IBM,2014,4730140.682539683
IBM,2015,4589045.238095238
IBM,2016,4228022.083333333
IBM,2017,4463904.996015936
IBM,2018,5703245.41434263
IBM,2019,3930309.273809524
IBM,2020,5806158.3083003955
IBM,2021,5565397.111111111
IBM,2022,5007348.207171314
IBM,2023,4456105.2
CRM,2010,10551955.555555556
CRM,2011,11432300.0
CRM,2012,9383953.6
CRM,2013,5826971.825396826
CRM,2014,5496052.380952381
CRM,2015,4153068.253968254
CRM,2016,5755302.777777778
CRM,2017,4409569.322709164
CRM,2018,5824572.908366534
CRM,2019,5646915.476190476
CRM,2020,7523496.442687747
CRM,2021,6162379.761904762
CRM,2022,7677033.067729084
CRM,2023,6465235.2
ABT,2010,16316886.345238095
ABT,2011,17734964.80952381
ABT,2012,14492313.46
ABT,2013,8065756.746031746
ABT,2014,6015338.888888889
ABT,2015,5828200.396825396
ABT,2016,9070165.476190476
ABT,2017,6613708.366533864
ABT,2018,6275388.844621514
ABT,2019,5178551.587301588
ABT,2020,6703762.055335969
ABT,2021,5356153.571428572
ABT,2022,5518127.888446216
ABT,2023,5171784.0
AZN,2010,3203393.6507936507
AZN,2011,3030013.492063492
AZN,2012,2901267.2
AZN,2013,3584209.523809524
AZN,2014,5945058.73015873
AZN,2015,2872836.111111111
AZN,2016,5645467.857142857
AZN,2017,4573462.151394422
AZN,2018,4123647.80876494
AZN,2019,3954471.8253968256
AZN,2020,6006134.782608695
AZN,2021,8493917.063492063
AZN,2022,6573614.342629482
AZN,2023,5042076.8
MS,2010,17100776.587301586
MS,2011,22597456.34920635
MS,2012,24054494.4
MS,2013,16719520.634920634
MS,2014,10647685.317460317
MS,2015,10793157.53968254
MS,2016,14486742.857142856
MS,2017,9268423.505976096
MS,2018,10421967.729083665
MS,2019,10358328.174603175
MS,2020,13608032.015810277
MS,2021,9742189.682539683
MS,2022,8815162.948207172
MS,2023,7697518.4
NVS,2010,3955902.0396825396
NVS,2011,3892218.277777778
NVS,2012,2441925.856
NVS,2013,1606833.630952381
NVS,2014,1677263.865079365
NVS,2015,1994515.1746031747
NVS,2016,2527051.345238095
NVS,2017,2443513.980079681
NVS,2018,2235162.123505976
NVS,2019,2087301.5674603174
NVS,2020,2088763.2411067195
NVS,2021,2026009.9206349207
NVS,2022,2355113.147410359
NVS,2023,1783711.2
UNH,2010,9987091.26984127
UNH,2011,7491096.428571428
UNH,2012,6411194.0
UNH,2013,5427813.492063492
UNH,2014,4211315.476190476
UNH,2015,4220439.682539683
UNH,2016,3487303.9682539683
UNH,2017,3081366.533864542
UNH,2018,3296788.047808765
UNH,2019,4349676.984126984
UNH,2020,4029517.3913043477
UNH,2021,2961595.634920635
UNH,2022,3098387.6494023902
UNH,2023,3272940.4
LIN,2010,1826873.4126984128
LIN,2011,1675238.492063492
LIN,2012,1135980.0
LIN,2013,1111032.5396825396
LIN,2014,1136904.365079365
LIN,2015,1542520.238095238
LIN,2016,1336140.873015873
LIN,2017,1365544.6215139441
LIN,2018,2373998.0079681273
LIN,2019,1595049.2063492064
LIN,2020,2101756.5217391304
LIN,2021,1698936.507936508
LIN,2022,2094937.8486055776
LIN,2023,1774308.0
MCD,2010,6662064.285714285
MCD,2011,6752351.19047619
MCD,2012,5954634.0
MCD,2013,4938763.888888889
MCD,2014,5485428.968253968
MCD,2015,6505149.603174604
MCD,2016,5503292.063492063
MCD,2017,3421550.996015936
MCD,2018,4057839.043824701
MCD,2019,3316913.095238095
MCD,2020,3884775.4940711465
MCD,2021,2710660.714285714
MCD,2022,2950656.972111554
MCD,2023,2697168.8
HSBC,2010,2719982.5396825396
HSBC,2011,2984924.603174603
HSBC,2012,1949623.6
HSBC,2013,1229821.4285714286
HSBC,2014,1601213.492063492
HSBC,2015,2032395.238095238
HSBC,2016,2882839.285714286
HSBC,2017,1648790.0398406375
HSBC,2018,1828088.047808765
HSBC,2019,2173844.4444444445
HSBC,2020,4088506.324110672
HSBC,2021,2056774.2063492064
HSBC,2022,3134306.7729083668
HSBC,2023,1975555.2
NVO,2010,2681154.761904762
NVO,2011,3205142.8571428573
NVO,2012,3570348.0
NVO,2013,3003198.412698413
NVO,2014,2637254.761904762
NVO,2015,2887160.3174603176
NVO,2016,4963715.873015873
NVO,2017,4056114.741035857
NVO,2018,3070845.418326693
NVO,2019,2839237.301587302
NVO,2020,2880599.209486166
NVO,2021,1990250.7936507936
NVO,2022,2991980.079681275
NVO,2023,3449967.2
INTU,2010,3676733.73015873
INTU,2011,2848381.746031746
INTU,2012,1970877.2
INTU,2013,2187793.6507936507
INTU,2014,1617462.3015873015
INTU,2015,1789223.0158730159
INTU,2016,1487765.0793650793
INTU,2017,1472435.856573705
INTU,2018,1546973.705179283
INTU,2019,1390106.746031746
INTU,2020,1368464.0316205535
INTU,2021,1309368.253968254
INTU,2022,1808713.1474103585
INTU,2023,1551969.2
SHEL,2010,1838693.849206349
SHEL,2011,2755484.146825397
SHEL,2012,2232020.904
SHEL,2013,2391456.9682539683
SHEL,2014,2362619.3293650793
SHEL,2015,4033822.9285714286
SHEL,2016,5078484.067460317
SHEL,2017,3488812.721115538
SHEL,2018,3625497.816733068
SHEL,2019,2681428.865079365
SHEL,2020,6699258.980237154
SHEL,2021,5167306.996031746
SHEL,2022,5084592.4860557765
SHEL,2023,4936137.28
RTX,2010,7543168.44047619
RTX,2011,7424649.825396826
RTX,2012,6598805.632
RTX,2013,5099514.087301588
RTX,2014,6067903.015873016
RTX,2015,7196744.357142857
RTX,2016,6907902.646825396
RTX,2017,4830532.824701196
RTX,2018,7340353.239043824
RTX,2019,5358466.841269841
RTX,2020,10367794.391304348
RTX,2021,5809950.396825396
RTX,2022,5252601.593625498
RTX,2023,6781325.6
GS,2010,10916550.793650793
GS,2011,6717975.0
GS,2012,5120835.2
GS,2013,3595223.015873016
GS,2014,2924637.698412698
GS,2015,2790862.301587302
GS,2016,3744333.73015873
GS,2017,3239077.689243028
GS,2018,3383131.075697211
GS,2019,2578574.206349206
GS,2020,3589678.2608695654
GS,2021,2737286.507936508
GS,2022,2626919.123505976
GS,2023,2342939.2
BX,2010,3397016.007936508
BX,2011,4072349.373015873
BX,2012,3381546.548
BX,2013,5050667.412698412
BX,2014,5078729.527777778
BX,2015,4692511.94047619
BX,2016,4724813.095238095
BX,2017,4107899.6015936253
BX,2018,5010150.996015936
BX,2019,5249989.285714285
BX,2020,4245343.083003952
BX,2021,3528846.4285714286
BX,2022,4844849.800796812
BX,2023,4795933.2
AXP,2010,10920330.952380951
AXP,2011,7886321.825396826
AXP,2012,5627033.6
AXP,2013,4762973.015873016
AXP,2014,3826864.6825396824
AXP,2015,6369389.285714285
AXP,2016,5556397.222222222
AXP,2017,3569399.203187251
AXP,2018,3676847.80876494
AXP,2019,3262663.888888889
AXP,2020,5244050.988142293
AXP,2021,3568821.4285714286
AXP,2022,3490309.9601593628
AXP,2023,3160315.6
DIS,2010,11964263.095238095
DIS,2011,11821111.507936507
DIS,2012,8927604.8
DIS,2013,7774559.920634921
DIS,2014,6677810.714285715
DIS,2015,8341311.111111111
DIS,2016,8126767.063492063
DIS,2017,7416448.207171314
DIS,2018,8040158.964143426
DIS,2019,10217799.603174603
DIS,2020,14627131.225296443
DIS,2021,10247796.031746032
DIS,2022,12732923.10756972
DIS,2023,13040488.4
MRK,2010,15969553.742063493
MRK,2011,17638418.468253966
MRK,2012,14032195.58
MRK,2013,15785495.837301588
MRK,2014,11001522.646825397
MRK,2015,11694978.825396825
MRK,2016,10672921.424603175
MRK,2017,10245494.756972112
MRK,2018,11879905.458167331
MRK,2019,10215832.48015873
MRK,2020,10760424.51778656
MRK,2021,12899511.706349207
MRK,2022,10589456.57370518
MRK,2023,7674508.0
T,2010,37405029.07936508
T,2011,38227821.515873015
T,2012,35484081.248
T,2013,31697200.98015873
T,2014,32690276.10714286
T,2015,37448692.20634921
T,2016,31246165.162698414
T,2017,33528419.003984064
T,2018,48190811.15139442
T,2019,39778832.34920635
T,2020,52663486.27272727
T,2021,57698434.20634921
T,2022,51065234.74103586
T,2023,38440583.6
PEP,2010,6962503.571428572
PEP,2011,7884057.936507937
PEP,2012,6302690.8
PEP,2013,5023105.158730159
PEP,2014,4785462.698412699
PEP,2015,4734595.238095238
PEP,2016,4507930.555555556
PEP,2017,3647684.860557769
PEP,2018,5047381.274900398
PEP,2019,4359099.206349206
PEP,2020,5048988.537549407
PEP,2021,4730473.015873016
PEP,2022,5125258.964143426
PEP,2023,4911939.6
SHOP,2015,5311076.433121019
SHOP,2016,7988087.301587301
SHOP,2017,20229968.12749004
SHOP,2018,17077087.64940239
SHOP,2019,19811000.0
SHOP,2020,25014067.19367589
SHOP,2021,12222896.825396825
SHOP,2022,31851510.75697211
SHOP,2023,14431796.0
CAT,2010,8552932.142857144
CAT,2011,8657510.317460317
CAT,2012,7026076.8
CAT,2013,5935508.333333333
CAT,2014,4990334.126984127
CAT,2015,6238179.365079365
CAT,2016,5463100.0
CAT,2017,4335005.179282868
CAT,2018,5504080.876494024
CAT,2019,4082935.3174603176
CAT,2020,3877690.118577075
CAT,2021,3359973.412698413
CAT,2022,3282194.422310757
CAT,2023,3059008.4
UBER,2019,18798274.233128835
UBER,2020,27679798.418972332
UBER,2021,23352206.34920635
UBER,2022,30004296.015936255
UBER,2023,24509993.2
RY,2010,943605.5555555555
RY,2011,879033.3333333334
RY,2012,675620.4
RY,2013,569838.8888888889
RY,2014,508127.38095238095
RY,2015,1599826.9841269841
RY,2016,1135959.126984127
RY,2017,962457.7689243028
RY,2018,738227.4900398407
RY,2019,903702.380952381
RY,2020,1097581.0276679841
RY,2021,1161073.0158730159
RY,2022,1037449.8007968127
RY,2023,963391.2
NOW,2012,689381.746031746
NOW,2013,1551587.6984126985
NOW,2014,1755879.365079365
NOW,2015,1351759.9206349207
NOW,2016,1911683.7301587302
NOW,2017,1587258.565737052
NOW,2018,1981191.235059761
NOW,2019,2117297.222222222
NOW,2020,1839644.6640316206
NOW,2021,1313955.9523809524
NOW,2022,1727025.8964143426
NOW,2023,1378449.6
VZ,2010,19895947.825396825
VZ,2011,16713845.238095239
VZ,2012,13996484.0
VZ,2013,12845461.904761905
VZ,2014,22020353.57142857
VZ,2015,15139833.73015873
VZ,2016,14529348.412698412
VZ,2017,15555252.19123506
VZ,2018,16435064.541832669
VZ,2019,12818944.841269841
VZ,2020,16595267.588932807
VZ,2021,18362441.26984127
VZ,2022,23248733.864541832
VZ,2023,21913626.8
BKNG,2010,1236776.1904761905
BKNG,2011,1192530.9523809524
BKNG,2012,991714.0
BKNG,2013,634333.7301587302
BKNG,2014,831504.3650793651
BKNG,2015,665339.2857142857
BKNG,2016,581144.4444444445
BKNG,2017,451716.7330677291
BKNG,2018,430545.01992031874
BKNG,2019,388559.92063492065
BKNG,2020,488986.16600790515
BKNG,2021,347187.6984126984
BKNG,2022,412707.171314741
BKNG,2023,297037.2
HDB,2010,2722634.9206349207
HDB,2011,2382139.6825396824
HDB,2012,1485815.2
HDB,2013,1704942.857142857
HDB,2014,1944081.746031746
HDB,2015,1816681.746031746
HDB,2016,1401369.8412698412
HDB,2017,1395618.326693227
HDB,2018,1527745.8167330676
HDB,2019,1527965.4761904762
HDB,2020,2197897.628458498
HDB,2021,1480482.142857143
HDB,2022,1743449.0039840636
HDB,2023,1828730.8
ANET,2014,8775834.48275862
ANET,2015,11269549.206349207
ANET,2016,12370228.57142857
ANET,2017,13154792.031872509
ANET,2018,16975381.673306774
ANET,2019,14159917.46031746
ANET,2020,12307535.177865613
ANET,2021,7993430.158730159
ANET,2022,8236983.2669322705
ANET,2023,10480801.6
SCHW,2010,12128458.333333334
SCHW,2011,13549373.015873017
SCHW,2012,11449852.8
SCHW,2013,9211973.412698412
SCHW,2014,7064387.698412699
SCHW,2015,8253656.746031746
SCHW,2016,9761055.555555556
SCHW,2017,7000930.677290836
SCHW,2018,7115033.067729084
SCHW,2019,8501078.968253968
SCHW,2020,11482620.553359684
SCHW,2021,6753015.079365079
SCHW,2022,8009776.09561753
SCHW,2023,14881876.4
BLK,2010,703117.0634920635
BLK,2011,916219.4444444445
BLK,2012,854448.8
BLK,2013,717660.7142857143
BLK,2014,618817.8571428572
BLK,2015,654097.619047619
BLK,2016,689879.7619047619
BLK,2017,518503.5856573705
BLK,2018,687918.7250996016
BLK,2019,548499.6031746032
BLK,2020,887938.3399209486
BLK,2021,564833.3333333334
BLK,2022,850777.6892430279
BLK,2023,644524.8
BA,2010,5848963.492063492
BA,2011,5599934.126984127
BA,2012,4396594.0
BA,2013,5187506.349206349
BA,2014,4337713.492063492
BA,2015,3914341.6666666665
BA,2016,4386245.634920635
BA,2017,3284160.956175299
BA,2018,4458642.629482072
BA,2019,5374850.396825396
BA,2020,28413700.790513836
BA,2021,12159825.396825397
BA,2022,8890082.470119521
BA,2023,5671587.6
TMO,2010,3560828.5714285714
TMO,2011,3187835.3174603176
TMO,2012,2199215.6
TMO,2013,1971967.0634920634
TMO,2014,2011061.9047619049
TMO,2015,1750296.0317460317
TMO,2016,1708080.9523809524
TMO,2017,1555288.047808765
TMO,2018,1499884.860557769
TMO,2019,1499881.746031746
TMO,2020,1672134.7826086956
TMO,2021,1511371.4285714286
TMO,2022,1458373.3067729084
TMO,2023,1580386.4
SPGI,2010,2280346.8253968256
SPGI,2011,2138716.6666666665
SPGI,2012,1926672.4
SPGI,2013,1935948.8095238095
SPGI,2014,1365238.888888889
SPGI,2015,1324384.9206349207
SPGI,2016,1246871.0317460317
SPGI,2017,1107835.856573705
SPGI,2018,1361349.4023904381
SPGI,2019,1190543.650793651
SPGI,2020,1366347.8260869565
SPGI,2021,1381696.4285714286
SPGI,2022,2134041.434262948
SPGI,2023,1234482.8
TXN,2010,14445609.126984127
TXN,2011,11285104.761904761
TXN,2012,8890889.6
TXN,2013,7591662.301587301
TXN,2014,6145834.126984127
TXN,2015,6423628.571428572
TXN,2016,5505257.142857143
TXN,2017,4584011.55378486
TXN,2018,6010956.57370518
TXN,2019,4913055.952380952
TXN,2020,5160713.043478261
TXN,2021,4243984.920634921
TXN,2022,5890304.780876494
TXN,2023,5160044.4
ISRG,2010,5258964.285714285
ISRG,2011,3746446.4285714286
ISRG,2012,3109849.2
ISRG,2013,4470489.285714285
ISRG,2014,4192382.1428571427
ISRG,2015,2615721.4285714286
ISRG,2016,3029932.1428571427
ISRG,2017,2894263.74501992
ISRG,2018,2432874.501992032
ISRG,2019,2030019.0476190476
ISRG,2020,2167652.9644268774
ISRG,2021,1616428.9682539683
ISRG,2022,2103259.760956175
ISRG,2023,1742184.0
C,2010,57351515.15873016
C,2011,49429697.85714286
C,2012,40861393.2
C,2013,27324192.85714286
C,2014,20509707.936507937
C,2015,18430200.793650795
C,2016,22111063.095238097
C,2017,16854895.61752988
C,2018,17477450.996015936
C,2019,13973208.333333334
C,2020,25001043.47826087
C,2021,20006384.92063492
C,2022,22309392.430278886
C,2023,17617432.4
MUFG,2010,2461862.698412698
MUFG,2011,2843588.888888889
MUFG,2012,1265098.8
MUFG,2013,2405138.888888889
MUFG,2014,1590247.2222222222
MUFG,2015,1501515.0793650793
MUFG,2016,1735719.4444444445
MUFG,2017,1666484.4621513945
MUFG,2018,1474384.4621513945
MUFG,2019,1237218.650793651
MUFG,2020,1623177.0750988142
MUFG,2021,1718196.8253968253
MUFG,2022,3133214.741035857
MUFG,2023,3974247.2
PDD,2018,6615589.908256881
PDD,2019,7354643.650793651
PDD,2020,8593005.928853756
PDD,2021,7697129.365079365
PDD,2022,13620864.143426295
PDD,2023,9024210.8
QCOM,2010,21332048.80952381
QCOM,2011,15658984.523809524
QCOM,2012,12337575.6
QCOM,2013,11823720.634920634
QCOM,2014,9495784.126984127
QCOM,2015,13022695.238095239
QCOM,2016,10198505.555555556
QCOM,2017,11149509.960159363
QCOM,2018,12975054.581673307
QCOM,2019,13450677.777777778
QCOM,2020,9806090.118577074
QCOM,2021,9169843.253968254
QCOM,2022,9468440.239043824
QCOM,2023,8114767.6
SONY,2010,5121448.412698412
SONY,2011,5868158.73015873
SONY,2012,9105738.0
SONY,2013,17700123.015873015
SONY,2014,12945730.158730159
SONY,2015,7721849.206349206
SONY,2016,6566956.349206349
SONY,2017,4226890.438247012
SONY,2018,5648434.262948208
SONY,2019,6530214.285714285
SONY,2020,6156049.407114624
SONY,2021,3652849.206349206
SONY,2022,4134101.593625498
SONY,2023,3888414.0
AMGN,2010,6684544.841269841
AMGN,2011,6931533.73015873
AMGN,2012,4599123.2
AMGN,2013,3913050.396825397
AMGN,2014,3562682.9365079366
AMGN,2015,3544912.301587302
AMGN,2016,3423898.412698413
AMGN,2017,3172862.151394422
AMGN,2018,3466831.87250996
AMGN,2019,2796368.253968254
AMGN,2020,2803086.5612648223
AMGN,2021,2658010.3174603176
AMGN,2022,2980619.521912351
AMGN,2023,2460316.4
BSX,2010,23636885.317460317
BSX,2011,19443132.53968254
BSX,2012,13700425.2
BSX,2013,17071747.222222224
BSX,2014,12040689.285714285
BSX,2015,10141872.222222222
BSX,2016,9549046.825396825
BSX,2017,7052489.6414342625
BSX,2018,7620749.402390438
BSX,2019,7006575.793650794
BSX,2020,10972816.600790514
BSX,2021,7708639.682539683
BSX,2022,7863405.976095618
BSX,2023,7886837.6
ACN,2010,4420829.365079365
ACN,2011,4995829.365079365
ACN,2012,3395762.8
ACN,2013,3101372.222222222
ACN,2014,2798778.1746031744
ACN,2015,2482483.3333333335
ACN,2016,2556062.698412698
ACN,2017,2117194.0239043823
ACN,2018,2272415.139442231
ACN,2019,1861894.4444444445
ACN,2020,2319147.8260869565
ACN,2021,1991301.9841269841
ACN,2022,2337327.091633466
ACN,2023,2220115.2
UL,2010,1366091.6666666667
UL,2011,1593490.0793650793
UL,2012,1218663.2
UL,2013,1052243.650793651
UL,2014,1225396.8253968253
UL,2015,1139644.4444444445
UL,2016,1453321.8253968253
UL,2017,1625215.139442231
UL,2018,1051495.219123506
UL,2019,839655.9523809524
UL,2020,1389108.6956521738
UL,2021,2061823.0158730159
UL,2022,3573758.964143426
UL,2023,2052943.6
NEE,2010,10181485.714285715
NEE,2011,8134925.396825396
NEE,2012,7534875.2
NEE,2013,7775041.26984127
NEE,2014,8144606.349206349
NEE,2015,9015133.333333334
NEE,2016,9011952.38095238
NEE,2017,6756489.243027888
NEE,2018,8112806.374501992
NEE,2019,7796080.952380952
NEE,2020,9248740.711462451
NEE,2021,7580177.380952381
NEE,2022,8898996.414342629
NEE,2023,10173325.6
APP,2021,1515008.2417582418
APP,2022,2717724.302788845
APP,2023,2853566.0
TJX,2010,17698985.714285713
TJX,2011,13041169.841269841
TJX,2012,10188019.2
TJX,2013,7035886.507936508
TJX,2014,8122841.26984127
TJX,2015,6373315.079365079
TJX,2016,6661547.619047619
TJX,2017,8397341.832669323
TJX,2018,7804517.131474104
TJX,2019,5741515.476190476
TJX,2020,8143539.920948616
TJX,2021,6478884.523809524
TJX,2022,6363634.262948208
TJX,2023,5051601.2
AMAT,2010,22164453.174603175
AMAT,2011,17729851.984126985
AMAT,2012,13395612.0
AMAT,2013,12728425.793650793
AMAT,2014,13404665.07936508
AMAT,2015,17108645.634920634
AMAT,2016,12904696.825396825
AMAT,2017,10091291.633466136
AMAT,2018,13584476.89243028
AMAT,2019,8955157.53968254
AMAT,2020,8290430.830039525
AMAT,2021,8139262.698412699
AMAT,2022,8005053.386454184
AMAT,2023,5902540.4
SYK,2010,2287472.222222222
SYK,2011,2258053.5714285714
SYK,2012,1864966.0
SYK,2013,1424593.650793651
SYK,2014,1467301.9841269841
SYK,2015,1327583.3333333333
SYK,2016,1498052.7777777778
SYK,2017,1168876.09561753
SYK,2018,1342971.314741036
SYK,2019,1250023.0158730159
SYK,2020,1610506.3241106719
SYK,2021,1178476.1904761905
SYK,2022,1463466.1354581674
SYK,2023,1373628.4
PGR,2010,4377932.142857143
PGR,2011,4703052.380952381
PGR,2012,5277042.0
PGR,2013,3400787.301587302
PGR,2014,3767403.1746031744
PGR,2015,3589651.587301587
PGR,2016,3266123.8095238097
PGR,2017,3052849.003984064
PGR,2018,3471978.087649402
PGR,2019,3106684.126984127
PGR,2020,3016874.308300395
PGR,2021,2753384.9206349207
PGR,2022,2699409.9601593628
PGR,2023,2604200.8
ARM,2023,9498060.0
ADBE,2010,9162337.301587302
ADBE,2011,6297807.53968254
ADBE,2012,4109069.6
ADBE,2013,3596862.301587302
ADBE,2014,3360841.26984127
ADBE,2015,2796843.6507936507
ADBE,2016,2825707.1428571427
ADBE,2017,2469617.131474104
ADBE,2018,3289317.529880478
ADBE,2019,2661459.523809524
ADBE,2020,3072909.881422925
ADBE,2021,2373097.222222222
ADBE,2022,3559127.490039841
ADBE,2023,3112659.6
DHR,2010,5670757.134920635
DHR,2011,5840164.492063492
DHR,2012,4662217.988
DHR,2013,3977524.5793650793
DHR,2014,4327414.265873016
DHR,2015,4989674.861111111
DHR,2016,3969327.337301587
DHR,2017,2932050.812749004
DHR,2018,2813735.780876494
DHR,2019,5310585.051587301
DHR,2020,3168342.8932806323
DHR,2021,2740855.5753968256
DHR,2022,2978253.848605578
DHR,2023,3194454.016
SPOT,2018,2163286.2433862435
SPOT,2019,1531325.0
SPOT,2020,1905301.976284585
SPOT,2021,1464966.2698412698
SPOT,2022,2087190.0398406375
SPOT,2023,1827234.0
ETN,2010,3553543.6507936507
ETN,2011,3709106.3492063493
ETN,2012,4109500.4
ETN,2013,2990046.4285714286
ETN,2014,2990508.73015873
ETN,2015,3111998.412698413
ETN,2016,2830673.8095238097
ETN,2017,2311311.952191235
ETN,2018,2801524.302788845
ETN,2019,2324974.603174603
ETN,2020,2336143.4782608696
ETN,2021,1819708.7301587302
ETN,2022,1910240.637450199
ETN,2023,2003374.8
PFE,2010,58025088.22619048
PFE,2011,51514725.95634921
PFE,2012,35668674.116
PFE,2013,38528430.48809524
PFE,2014,27509670.194444444
PFE,2015,30341045.46031746
PFE,2016,32815414.55952381
PFE,2017,20732164.05179283
PFE,2018,23837887.581673305
PFE,2019,24023468.555555556
PFE,2020,33873149.27272727
PFE,2021,32992144.444444444
PFE,2022,24241780.47808765
PFE,2023,28238846.4
HON,2010,5564646.825396826
HON,2011,5084764.103174604
HON,2012,3735833.296
HON,2013,3120434.3095238097
HON,2014,2962822.507936508
HON,2015,3232267.412698413
HON,2016,3507332.1507936507
HON,2017,2847588.1633466138
HON,2018,3122749.047808765
HON,2019,2693576.587301587
HON,2020,3475055.3359683794
HON,2021,2710653.9682539683
HON,2022,3139243.824701195
HON,2023,2790429.6
DE,2010,4470728.968253968
DE,2011,4906011.111111111
DE,2012,3708360.0
DE,2013,3141742.4603174604
DE,2014,3174405.9523809524
DE,2015,3117220.238095238
DE,2016,3268936.111111111
DE,2017,2352964.940239044
DE,2018,2619352.19123506
DE,2019,1973528.9682539683
DE,2020,1749330.0395256917
DE,2021,1714979.761904762
DE,2022,1756238.247011952
DE,2023,1615016.0
GILD,2010,23099371.42857143
GILD,2011,16871907.936507937
GILD,2012,14914858.4
GILD,2013,9953266.666666666
GILD,2014,14730645.238095239
GILD,2015,11254774.206349207
GILD,2016,10721963.095238095
GILD,2017,9125664.143426295
GILD,2018,7432399.2031872505
GILD,2019,6611788.492063492
GILD,2020,13705052.56916996
GILD,2021,7194389.682539683
GILD,2022,8563735.856573705
GILD,2023,5840155.6
SAN,2010,8864927.38095238
SAN,2011,8381383.73015873
SAN,2012,6246373.2
SAN,2013,6081418.253968254
SAN,2014,7496814.285714285
SAN,2015,7392825.396825396
SAN,2016,6506906.349206349
SAN,2017,5908336.653386454
SAN,2018,7789874.103585658
SAN,2019,9462080.952380951
SAN,2020,9728623.71541502
SAN,2021,5520643.253968254
SAN,2022,6349379.282868526
SAN,2023,3653139.2
TTE,2010,3329854.365079365
TTE,2011,4245997.619047619
TTE,2012,3291746.4
TTE,2013,1390402.380952381
TTE,2014,1276409.9206349207
TTE,2015,1851923.8095238095
TTE,2016,2116079.761904762
TTE,2017,1670125.0996015936
TTE,2018,1855224.701195219
TTE,2019,1766541.6666666667
TTE,2020,2965138.3399209487
TTE,2021,2155042.8571428573
TTE,2022,2426593.625498008
TTE,2023,1435146.0
LOW,2010,13961647.222222222
LOW,2011,15174843.253968254
LOW,2012,13988725.6
LOW,2013,7859085.317460317
LOW,2014,5661562.698412699
LOW,2015,4976010.317460317
LOW,2016,5524102.777777778
LOW,2017,5933300.398406374
LOW,2018,5720852.19123506
LOW,2019,4460104.365079365
LOW,2020,5132033.596837944
LOW,2021,3706879.761904762
LOW,2022,3837033.864541833
LOW,2023,2853163.2
COF,2010,6111105.158730159
COF,2011,5371835.714285715
COF,2012,4762300.8
COF,2013,3836819.0476190476
COF,2014,2995915.476190476
COF,2015,2882845.238095238
COF,2016,3619572.222222222
COF,2017,2566490.8366533862
COF,2018,2534814.342629482
COF,2019,2267471.4285714286
COF,2020,3821588.14229249
COF,2021,3047253.5714285714
COF,2022,2804498.0079681273
COF,2023,2865358.4
APH,2010,9690441.26984127
APH,2011,11350311.111111112
APH,2012,6494880.0
APH,2013,5016425.396825396
APH,2014,4788444.444444444
APH,2015,4551384.126984127
APH,2016,5576365.079365079
APH,2017,4559408.7649402395
APH,2018,5633262.151394422
APH,2019,5162438.095238095
APH,2020,6355724.9011857705
APH,2021,4904069.841269841
APH,2022,4696018.3266932275
APH,2023,5165844.0
UNP,2010,7207817.46031746
UNP,2011,6184597.619047619
UNP,2012,4839572.8
UNP,2013,3711199.206349206
UNP,2014,3739396.0317460317
UNP,2015,5323855.158730159
UNP,2016,4676495.238095238
UNP,2017,3655928.685258964
UNP,2018,4420870.517928286
UNP,2019,3388730.1587301586
UNP,2020,3448649.4071146245
UNP,2021,2814187.301587302
UNP,2022,3152764.541832669
UNP,2023,2794193.6
BHP,2010,4792686.380952381
BHP,2011,4526800.678571428
BHP,2012,3313107.2
BHP,2013,2331682.6865079366
BHP,2014,2586576.801587302
BHP,2015,3483524.0476190476
BHP,2016,4795408.51984127
BHP,2017,2975687.3984063747
BHP,2018,2983008.298804781
BHP,2019,2089442.1944444445
BHP,2020,2847103.8972332017
BHP,2021,3061164.130952381
BHP,2022,4407270.243027888
BHP,2023,2697657.6
KKR,2010,1430780.6722689075
KKR,2011,2004204.761904762
KKR,2012,1169642.4
KKR,2013,2273300.793650794
KKR,2014,2728980.1587301586
KKR,2015,2862253.1746031744
KKR,2016,2950341.26984127
KKR,2017,2752517.928286853
KKR,2018,4561798.007968128
KKR,2019,3191000.793650794
KKR,2020,3658514.2292490117
KKR,2021,2701165.476190476
KKR,2022,3371294.0239043823
KKR,2023,3239298.8
LRCX,2010,24723702.38095238
LRCX,2011,26661174.603174604
LRCX,2012,34682416.0
LRCX,2013,19876781.746031746
LRCX,2014,19875059.523809522
LRCX,2015,21977472.222222224
LRCX,2016,25505876.984126985
LRCX,2017,21934984.063745018
LRCX,2018,33172382.47011952
LRCX,2019,19459285.714285713
LRCX,2020,18937031.62055336
LRCX,2021,14162420.634920634
LRCX,2022,15721561.752988048
LRCX,2023,11862196.0
TD,2010,1877498.4126984128
TD,2011,1536798.4126984128
TD,2012,1063091.2
TD,2013,962681.746031746
TD,2014,994797.619047619
TD,2015,1592069.8412698412
TD,2016,1496677.7777777778
TD,2017,1446352.1912350599
TD,2018,1318453.7848605579
TD,2019,1177765.873015873
TD,2020,1885017.391304348
TD,2021,1694303.9682539683
TD,2022,2084333.466135458
TD,2023,2526455.6
MU,2010,33489779.365079366
MU,2011,38201188.88888889
MU,2012,28913522.4
MU,2013,37995236.50793651
MU,2014,27136940.07936508
MU,2015,27129354.365079366
MU,2016,27027175.793650795
MU,2017,30535115.13944223
MU,2018,43465696.812749006
MU,2019,26466784.126984127
MU,2020,22690669.56521739
MU,2021,19642884.126984127
MU,2022,19322923.505976096
MU,2023,15222480.4
UBS,2010,4591405.158730159
UBS,2011,4573399.206349206
UBS,2012,3573956.0
UBS,2013,2435997.619047619
UBS,2014,1954466.6666666667
UBS,2015,1653260.7142857143
UBS,2016,2578168.253968254
UBS,2017,2011007.5697211155
UBS,2018,2335602.390438247
UBS,2019,2891957.9365079366
UBS,2020,3478564.031620553
UBS,2021,2368706.3492063493
UBS,2022,3741764.143426295
UBS,2023,3501348.4
ADP,2010,3640864.1587301586
ADP,2011,3365663.6785714286
ADP,2012,2350734.764
ADP,2013,2058137.349206349
ADP,2014,1875133.373015873
ADP,2015,1888378.5714285714
ADP,2016,1901623.8095238095
ADP,2017,2799348.207171315
ADP,2018,2236887.6494023902
ADP,2019,1910642.4603174604
ADP,2020,2245910.276679842
ADP,2021,1640159.9206349207
ADP,2022,1799486.8525896415
ADP,2023,1757076.4
BTI,2010,331310.31746031746
BTI,2011,574255.5555555555
BTI,2012,462555.2
BTI,2013,466221.4285714286
BTI,2014,505377.77777777775
BTI,2015,556906.3492063492
BTI,2016,1034330.1587301587
BTI,2017,3527674.501992032
BTI,2018,2448063.346613546
BTI,2019,1972688.492063492
BTI,2020,2215447.8260869565
BTI,2021,3185221.8253968256
BTI,2022,3370155.378486056
BTI,2023,4098965.2
KLAC,2010,3708536.111111111
KLAC,2011,2950017.0634920634
KLAC,2012,2392192.0
KLAC,2013,1696328.5714285714
KLAC,2014,1580879.761904762
KLAC,2015,1684554.761904762
KLAC,2016,1584572.2222222222
KLAC,2017,1262960.956175299
KLAC,2018,1596084.4621513945
KLAC,2019,1516655.1587301588
KLAC,2020,1343943.4782608696
KLAC,2021,1186308.7301587302
KLAC,2022,1541839.4422310756
KLAC,2023,1025838.8
BUD,2010,650848.0158730159
BUD,2011,1448085.7142857143
BUD,2012,1282445.6
BUD,2013,1480908.3333333333
BUD,2014,1262539.2857142857
BUD,2015,1634140.873015873
BUD,2016,1767396.0317460317
BUD,2017,1541711.952191235
BUD,2018,1994357.3705179284
BUD,2019,1341716.2698412698
BUD,2020,2304507.114624506
BUD,2021,1679659.126984127
BUD,2022,1443734.6613545816
BUD,2023,2013338.4
MELI,2010,844298.8095238095
MELI,2011,633037.3015873015
MELI,2012,590137.6
MELI,2013,554707.9365079365
MELI,2014,670553.5714285715
MELI,2015,438403.9682539682
MELI,2016,512851.98412698414
MELI,2017,650991.6334661355
MELI,2018,761098.0079681275
MELI,2019,549085.3174603175
MELI,2020,570425.6916996047
MELI,2021,492328.9682539682
MELI,2022,655649.0039840637
MELI,2023,471445.2
IBN,2010,12225310.515873017
IBN,2011,11730932.53968254
IBN,2012,10218390.6
IBN,2013,9647438.69047619
IBN,2014,8527670.555555556
IBN,2015,8998479.285714285
IBN,2016,12098924.007936507
IBN,2017,7848898.884462152
IBN,2018,7483660.956175298
IBN,2019,6898616.666666667
IBN,2020,8384240.71146245
IBN,2021,7247032.142857143
IBN,2022,9119975.697211156
IBN,2023,5017022.4
CMCSA,2010,44206372.222222224
CMCSA,2011,36134488.88888889
CMCSA,2012,26248576.8
CMCSA,2013,23208965.07936508
CMCSA,2014,29579292.85714286
CMCSA,2015,28060342.85714286
CMCSA,2016,20417714.285714287
CMCSA,2017,20357491.633466136
CMCSA,2018,24837356.175298806
CMCSA,2019,18087283.333333332
CMCSA,2020,21245119.76284585
CMCSA,2021,17367271.42857143
CMCSA,2022,24645131.474103585
CMCSA,2023,18727379.2
MDT,2010,6666677.380952381
MDT,2011,6530849.206349206
MDT,2012,4817447.2
MDT,2013,4442926.984126984
MDT,2014,7105598.412698412
MDT,2015,6310543.650793651
MDT,2016,5428776.587301588
MDT,2017,4919568.12749004
MDT,2018,5157364.940239044
MDT,2019,4972468.253968254
MDT,2020,5551250.592885376
MDT,2021,4890536.904761905
MDT,2022,6349707.569721116
MDT,2023,5999576.0
COP,2010,13361262.845238095
COP,2011,12600951.400793651
COP,2012,9350993.308
COP,2013,5892009.920634921
COP,2014,6213914.682539683
COP,2015,8372673.80952381
COP,2016,10028234.92063492
COP,2017,7024841.832669322
COP,2018,6633652.19123506
COP,2019,6504154.365079365
COP,2020,9552385.37549407
COP,2021,9083425.0
COP,2022,7818650.199203188
COP,2023,5791421.6
DASH,2020,5751675.0
DASH,2021,3215252.777777778
DASH,2022,5747733.067729084
DASH,2023,4018170.8
SNPS,2010,1184370.238095238
SNPS,2011,1011240.873015873
SNPS,2012,729374.4
SNPS,2013,683297.619047619
SNPS,2014,632580.5555555555
SNPS,2015,752655.5555555555
SNPS,2016,877308.7301587302
SNPS,2017,1081059.362549801
SNPS,2018,1124119.123505976
SNPS,2019,1081099.2063492064
SNPS,2020,993788.5375494071
SNPS,2021,798428.9682539683
SNPS,2022,1000144.2231075697
SNPS,2023,866296.8
SNY,2010,2395328.9682539683
SNY,2011,3645174.603174603
SNY,2012,2742483.6
SNY,2013,1838275.396825397
SNY,2014,1650787.6984126985
SNY,2015,1689774.2063492064
SNY,2016,2231468.6507936507
SNY,2017,1479941.0358565736
SNY,2018,1745338.247011952
SNY,2019,1417175.396825397
SNY,2020,1681279.4466403162
SNY,2021,1876973.0158730159
SNY,2022,2538462.549800797
SNY,2023,1714988.0
MSTR,2010,1319373.0158730159
MSTR,2011,1543373.0158730159
MSTR,2012,1600752.0
MSTR,2013,958277.7777777778
MSTR,2014,858380.9523809524
MSTR,2015,1027424.6031746032
MSTR,2016,1403857.142857143
MSTR,2017,918557.7689243028
MSTR,2018,911135.4581673307
MSTR,2019,1009642.8571428572
MSTR,2020,1708948.6166007905
MSTR,2021,7628662.698412699
MSTR,2022,6779039.84063745
MSTR,2023,8108196.0
WELL,2010,1662423.8095238095
WELL,2011,2195598.8095238097
WELL,2012,1985868.4
WELL,2013,1956932.9365079366
WELL,2014,2105787.698412698
WELL,2015,2394394.4444444445
WELL,2016,2387903.1746031744
WELL,2017,1796470.517928287
WELL,2018,2341793.2270916332
WELL,2019,2075122.2222222222
WELL,2020,3402461.6600790513
WELL,2021,2066314.6825396826
WELL,2022,2552201.593625498
WELL,2023,2481612.8
PANW,2012,3550328.5714285714
PANW,2013,6161773.80952381
PANW,2014,10751169.047619049
PANW,2015,8764623.80952381
PANW,2016,10989123.80952381
PANW,2017,10265670.119521912
PANW,2018,8555808.76494024
PANW,2019,7740261.904761905
PANW,2020,7954043.478260869
PANW,2021,7140050.0
PANW,2022,9277525.896414343
PANW,2023,9159572.8
ADI,2010,4449536.111111111
ADI,2011,3655887.698412698
ADI,2012,2373788.8
ADI,2013,2068996.0317460317
ADI,2014,2193075.396825397
ADI,2015,2520609.9206349207
ADI,2016,2428590.873015873
ADI,2017,2944818.725099602
ADI,2018,2895688.844621514
ADI,2019,2491869.4444444445
ADI,2020,2935168.37944664
ADI,2021,3512104.365079365
ADI,2022,3620189.2430278882
ADI,2023,3350818.8
NKE,2010,11506207.936507937
NKE,2011,12329366.666666666
NKE,2012,10451951.2
NKE,2013,7481007.142857143
NKE,2014,7329386.507936508
NKE,2015,7610102.777777778
NKE,2016,9845206.349206349
NKE,2017,9620935.458167331
NKE,2018,7415417.131474104
NKE,2019,6403171.031746032
NKE,2020,7382078.260869565
NKE,2021,6353805.952380952
NKE,2022,7708901.195219124
NKE,2023,7644710.0
ICE,2010,4504087.301587301
ICE,2011,3650414.6825396824
ICE,2012,3196128.0
ICE,2013,4027563.492063492
ICE,2014,4516523.80952381
ICE,2015,3577226.1904761903
ICE,2016,3660645.634920635
ICE,2017,2658662.948207171
ICE,2018,2672802.7888446217
ICE,2019,2437880.1587301586
ICE,2020,3290571.936758893
ICE,2021,2296286.507936508
ICE,2022,2884280.478087649
ICE,2023,2516644.8
CB,2010,2882405.1587301586
CB,2011,2195456.3492063493
CB,2012,1606435.2
CB,2013,1340979.365079365
CB,2014,1387657.5396825396
CB,2015,1895493.650793651
CB,2016,1757380.9523809524
CB,2017,1408740.2390438246
CB,2018,1712703.187250996
CB,2019,1513419.8412698412
CB,2020,2269790.513833992
CB,2021,1837396.4285714286
CB,2022,1778411.155378486
CB,2023,1817816.8
MO,2010,14670878.57142857
MO,2011,13506061.904761905
MO,2012,11045312.0
MO,2013,9067071.42857143
MO,2014,7307380.555555556
MO,2015,6711513.095238095
MO,2016,6221819.444444444
MO,2017,6819642.629482072
MO,2018,8446931.075697212
MO,2019,9998025.0
MO,2020,9857655.335968379
MO,2021,8098185.714285715
MO,2022,9601558.167330677
MO,2023,8101228.0
CRWD,2019,3142357.4468085105
CRWD,2020,5642800.395256917
CRWD,2021,3724020.634920635
CRWD,2022,4435796.0159362545
CRWD,2023,3946417.2
CEG,2022,2542062.5
CEG,2023,1970138.8
SO,2010,4277803.571428572
SO,2011,4857473.80952381
SO,2012,4364582.4
SO,2013,4723057.53968254
SO,2014,4795312.301587301
SO,2015,5216448.412698412
SO,2016,5429991.26984127
SO,2017,4745867.729083666
SO,2018,6226524.302788844
SO,2019,4605560.317460317
SO,2020,4765913.438735178
SO,2021,4049875.0
SO,2022,4996411.9521912355
SO,2023,4190941.2
BBVA,2010,2240161.4404761903
BBVA,2011,2340896.222222222
BBVA,2012,1620947.2
BBVA,2013,1573701.9841269841
BBVA,2014,1588133.7301587302
BBVA,2015,2333404.761904762
BBVA,2016,3296909.523809524
BBVA,2017,3031173.705179283
BBVA,2018,3760302.7888446217
BBVA,2019,3923330.9523809524
BBVA,2020,4651852.173913044
BBVA,2021,2126069.0476190476
BBVA,2022,2575914.741035857
BBVA,2023,1347853.6
SBUX,2010,17074592.85714286
SBUX,2011,15054589.682539683
SBUX,2012,15648239.2
SBUX,2013,9365088.888888888
SBUX,2014,9553164.285714285
SBUX,2015,8648356.349206349
SBUX,2016,9300221.825396825
SBUX,2017,9295893.227091633
SBUX,2018,11228243.824701196
SBUX,2019,7996699.603174604
SBUX,2020,9634833.992094861
SBUX,2021,6095755.555555556
SBUX,2022,8771830.677290836
SBUX,2023,6561352.4
RIO,2010,3102515.873015873
RIO,2011,3564914.285714286
RIO,2012,3266655.6
RIO,2013,2848783.3333333335
RIO,2014,2818344.8412698414
RIO,2015,2988942.8571428573
RIO,2016,4539955.952380952
RIO,2017,3216433.864541833
RIO,2018,2961687.6494023902
RIO,2019,2376259.126984127
RIO,2020,2292498.418972332
RIO,2021,2812940.0793650793
RIO,2022,4036119.920318725
RIO,2023,3105094.0
ENB,2010,561653.9682539683
ENB,2011,647512.3015873015
ENB,2012,589439.2
ENB,2013,850101.1904761905
ENB,2014,946811.9047619047
ENB,2015,1204801.1904761905
ENB,2016,1755043.253968254
ENB,2017,3965687.6494023902
ENB,2018,4009896.812749004
ENB,2019,3291611.111111111
ENB,2020,4266883.399209486
ENB,2021,4531003.571428572
ENB,2022,4027952.589641434
ENB,2023,4516720.4
CME,2010,3395490.0793650793
CME,2011,2848547.619047619
CME,2012,2628105.6
CME,2013,1897304.761904762
CME,2014,1658594.0476190476
CME,2015,1527013.888888889
CME,2016,1652744.0476190476
CME,2017,1375153.7848605579
CME,2018,1715057.768924303
CME,2019,1478748.4126984128
CME,2020,1913155.7312252964
CME,2021,1389513.492063492
CME,2022,1706466.1354581674
CME,2023,1598015.6
LMT,2010,2619698.8095238097
LMT,2011,2571386.904761905
LMT,2012,1767968.0
LMT,2013,1913058.7301587302
LMT,2014,1525442.857142857
LMT,2015,1297297.2222222222
LMT,2016,1977759.9206349207
LMT,2017,1025231.4741035857
LMT,2018,1491119.5219123506
LMT,2019,1144759.5238095238
LMT,2020,1481884.18972332
LMT,2021,1498529.761904762
LMT,2022,1626803.187250996
LMT,2023,1232195.6
PLD,2010,1847885.3174603174
PLD,2011,3496302.380952381
PLD,2012,2838980.8
PLD,2013,2803613.888888889
PLD,2014,2364135.3174603176
PLD,2015,3043605.1587301586
PLD,2016,3025059.9206349207
PLD,2017,2374040.637450199
PLD,2018,2951862.151394422
PLD,2019,2420334.126984127
PLD,2020,3462280.6324110674
PLD,2021,2493198.412698413
PLD,2022,3889099.6015936253
PLD,2023,3086269.6
SMFG,2010,456143.65079365077
SMFG,2011,470060.71428571426
SMFG,2012,682024.8
SMFG,2013,1602916.2698412698
SMFG,2014,1471877.7777777778
SMFG,2015,1816736.507936508
SMFG,2016,1973993.650793651
SMFG,2017,1179680.876494024
SMFG,2018,1369839.84063745
SMFG,2019,1552194.8412698412
SMFG,2020,1764447.8260869565
SMFG,2021,1388965.4761904762
SMFG,2022,2956784.06374502
SMFG,2023,2503140.4
MMC,2010,3184044.8412698414
MMC,2011,3541354.761904762
MMC,2012,2737560.4
MMC,2013,2469930.5555555555
MMC,2014,2030104.761904762
MMC,2015,2077209.126984127
MMC,2016,2133813.095238095
MMC,2017,1779867.330677291
MMC,2018,1890439.84063745
MMC,2019,1648773.4126984128
MMC,2020,2120878.6561264824
MMC,2021,1807352.380952381
MMC,2022,1897571.7131474104
MMC,2023,1603181.2
BN,2010,2873196.634920635
BN,2011,3515756.912698413
BN,2012,2610172.728
BN,2013,2608237.484126984
BN,2014,1719819.7936507936
BN,2015,2304218.595238095
BN,2016,2125332.9603174604
BN,2017,1623983.0119521911
BN,2018,1975945.1673306774
BN,2019,2698512.638888889
BN,2020,3179060.861660079
BN,2021,2860467.5317460317
BN,2022,2481232.0
BN,2023,2527537.6
HOOD,2021,15401245.871559633
HOOD,2022,16682992.82868526
HOOD,2023,9037833.2
AMT,2010,3465153.9682539683
AMT,2011,3334792.4603174604
AMT,2012,2512732.0
AMT,2013,2816645.634920635
AMT,2014,1988410.3174603174
AMT,2015,2375030.1587301586
AMT,2016,2216886.111111111
AMT,2017,1982915.93625498
AMT,2018,2225403.984063745
AMT,2019,1730228.5714285714
AMT,2020,2078652.1739130435
AMT,2021,1800253.5714285714
AMT,2022,1948150.1992031874
AMT,2023,2123144.8
BAM,2022,1827647.619047619
BAM,2023,1442829.2
DUK,2010,2681174.492063492
DUK,2011,3724039.2976190476
DUK,2012,4263366.784
DUK,2013,2976972.619047619
DUK,2014,3118089.285714286
DUK,2015,3478184.9206349207
DUK,2016,3293180.1587301586
DUK,2017,2594928.685258964
DUK,2018,3851306.374501992
DUK,2019,3227215.476190476
DUK,2020,3706742.6877470356
DUK,2021,3010760.3174603176
DUK,2022,2928509.9601593628
DUK,2023,3109659.6
CDNS,2010,3539024.206349206
CDNS,2011,3129443.6507936507
CDNS,2012,2879816.0
CDNS,2013,3248483.73015873
CDNS,2014,3147387.698412698
CDNS,2015,3318950.396825397
CDNS,2016,2523777.777777778
CDNS,2017,2350029.083665339
CDNS,2018,2159668.924302789
CDNS,2019,1935507.5396825396
CDNS,2020,1862577.8656126482
CDNS,2021,1442476.9841269841
CDNS,2022,1725303.984063745
CDNS,2023,1618718.8
VRTX,2010,1787701.5873015872
VRTX,2011,2735762.301587302
VRTX,2012,2816860.8
VRTX,2013,2086169.8412698412
VRTX,2014,1740825.396825397
VRTX,2015,1712946.0317460317
VRTX,2016,1976371.4285714286
VRTX,2017,1770516.3346613545
VRTX,2018,1527250.5976095619
VRTX,2019,1286396.8253968253
VRTX,2020,1827248.2213438735
VRTX,2021,1965230.5555555555
VRTX,2022,1573365.737051793
VRTX,2023,1225987.6
TT,2010,6563074.746031746
TT,2011,7147719.142857143
TT,2012,5253575.6
TT,2013,3109301.3214285714
TT,2014,2797315.2023809524
TT,2015,2858530.9285714286
TT,2016,2688538.4325396824
TT,2017,2216057.549800797
TT,2018,2157946.274900398
TT,2019,1759118.2658730159
TT,2020,1637045.5928853755
TT,2021,1128826.9841269841
TT,2022,1439809.1633466135
TT,2023,1316564.8
WM,2010,2583396.8253968256
WM,2011,4092092.8571428573
WM,2012,3282034.8
WM,2013,2165067.0634920634
WM,2014,1910475.7936507936
WM,2015,2246930.5555555555
WM,2016,2203392.4603174604
WM,2017,1681601.9920318725
WM,2018,2102513.944223108
WM,2019,1752149.2063492064
WM,2020,2093888.1422924902
WM,2021,1604464.2857142857
WM,2022,1793676.892430279
WM,2023,1573794.0
PH,2010,1700701.1904761905
PH,2011,1954085.3174603174
PH,2012,1510568.4
PH,2013,1070250.0
PH,2014,1149644.8412698412
PH,2015,1421236.111111111
PH,2016,1220007.142857143
PH,2017,980047.4103585657
PH,2018,1176039.043824701
PH,2019,879100.3968253968
PH,2020,1149161.2648221343
PH,2021,850324.2063492064
PH,2022,796506.7729083665
PH,2023,781082.4
BMY,2010,12512150.793650793
BMY,2011,12372700.0
BMY,2012,10242989.6
BMY,2013,8677440.476190476
BMY,2014,7686378.968253968
BMY,2015,6564765.476190476
BMY,2016,9186548.412698412
BMY,2017,8226258.964143426
BMY,2018,7875726.294820718
BMY,2019,15997196.42857143
BMY,2020,13174675.494071146
BMY,2021,11184449.206349207
BMY,2022,12053788.44621514
BMY,2023,10326534.0
MCO,2010,3159536.507936508
MCO,2011,2792000.793650794
MCO,2012,1662212.8
MCO,2013,1687149.2063492064
MCO,2014,1026208.3333333334
MCO,2015,1038590.0793650794
MCO,2016,1170594.8412698412
MCO,2017,828473.3067729083
MCO,2018,916027.4900398407
MCO,2019,833628.9682539683
MCO,2020,874553.3596837944
MCO,2021,652981.746031746
MCO,2022,878727.4900398407
MCO,2023,771186.8
DELL,2016,9301641.494736843
DELL,2017,5012865.418326694
DELL,2018,7817633.06374502
DELL,2019,4940338.777777778
DELL,2020,5318226.984189724
DELL,2021,4889695.297619048
DELL,2022,3826568.12749004
DELL,2023,4475755.2
CTAS,2010,4888228.571428572
CTAS,2011,4944333.333333333
CTAS,2012,2930096.0
CTAS,2013,2072480.9523809524
CTAS,2014,2426180.9523809524
CTAS,2015,2542266.6666666665
CTAS,2016,2786226.984126984
CTAS,2017,2210487.6494023902
CTAS,2018,2303566.533864542
CTAS,2019,2132792.0634920634
CTAS,2020,2491015.0197628457
CTAS,2021,1660542.857142857
CTAS,2022,1889322.7091633466
CTAS,2023,1487115.2
RELX,2010,193603.17460317462
RELX,2011,178753.96825396825
RELX,2012,168779.2
RELX,2013,102057.14285714286
RELX,2014,124187.30158730158
RELX,2015,181512.3015873016
RELX,2016,123005.15873015873
RELX,2017,117123.90438247012
RELX,2018,420943.82470119523
RELX,2019,382945.6349206349
RELX,2020,806967.1936758893
RELX,2021,581958.3333333334
RELX,2022,1126921.513944223
RELX,2023,757430.0
RBLX,2021,12508265.700483091
RBLX,2022,23764735.856573705
RBLX,2023,10738638.8
BP,2010,23067669.84126984
BP,2011,9179887.301587302
BP,2012,6373840.0
BP,2013,5683127.380952381
BP,2014,5873128.968253968
BP,2015,7093313.095238095
BP,2016,7937832.936507937
BP,2017,5360893.625498008
BP,2018,6578758.565737052
BP,2019,6264838.492063492
BP,2020,14262321.343873518
BP,2021,12952177.38095238
BP,2022,12645433.466135459
BP,2023,8530403.2
SE,2017,2315028.5714285714
SE,2018,1383492.828685259
SE,2019,4124867.4603174604
SE,2020,4432314.624505929
SE,2021,3884825.0
SE,2022,7460868.525896414
SE,2023,6688544.4
ORLY,2010,20845095.23809524
ORLY,2011,19495440.476190478
ORLY,2012,20630646.0
ORLY,2013,11787892.857142856
ORLY,2014,10243345.238095239
ORLY,2015,10082410.714285715
ORLY,2016,11972946.42857143
ORLY,2017,19342003.984063745
ORLY,2018,11492372.50996016
ORLY,2019,8734095.238095239
ORLY,2020,10132375.494071146
ORLY,2021,7217386.904761905
ORLY,2022,8087599.601593626
ORLY,2023,6276234.0
HCA,2011,3635908.2524271845
HCA,2012,3227526.4
HCA,2013,3699636.507936508
HCA,2014,3224438.492063492
HCA,2015,4017800.0
HCA,2016,3058270.634920635
HCA,2017,2289803.984063745
HCA,2018,1946831.075697211
HCA,2019,1617748.4126984128
HCA,2020,2223410.671936759
HCA,2021,1429961.111111111
HCA,2022,1644475.6972111554
HCA,2023,1303054.4
SHW,2010,3768870.238095238
SHW,2011,3407864.285714286
SHW,2012,3389570.4
SHW,2013,2223709.523809524
SHW,2014,1819483.3333333333
SHW,2015,2326709.523809524
SHW,2016,2524528.5714285714
SHW,2017,1851603.5856573705
SHW,2018,2162090.438247012
SHW,2019,1635517.857142857
SHW,2020,1686275.0988142292
SHW,2021,1224454.761904762
SHW,2022,1635100.0
SHW,2023,1465121.2
INTC,2010,66724836.50793651
INTC,2011,61425900.79365079
INTC,2012,42295023.6
INTC,2013,39111776.190476194
INTC,2014,31608351.19047619
INTC,2015,30292641.26984127
INTC,2016,22869875.396825396
INTC,2017,23903249.40239044
INTC,2018,29401394.42231076
INTC,2019,21904659.92063492
INTC,2020,31579733.201581027
INTC,2021,28743400.396825396
INTC,2022,39055493.22709163
INTC,2023,41837428.8
RCL,2010,3290279.761904762
RCL,2011,3192875.0
RCL,2012,2543432.4
RCL,2013,1904471.8253968253
RCL,2014,2135479.365079365
RCL,2015,2162736.111111111
RCL,2016,2646690.476190476
RCL,2017,1534766.533864542
RCL,2018,1775310.358565737
RCL,2019,1586288.0952380951
RCL,2020,12514484.18972332
RCL,2021,4329585.317460317
RCL,2022,5545518.3266932275
RCL,2023,3401420.4
NOC,2010,2237605.964285714
NOC,2011,2445048.353174603
NOC,2012,1613799.6
NOC,2013,1571671.4285714286
NOC,2014,1196723.8095238095
NOC,2015,1240457.9365079366
NOC,2016,1053765.0793650793
NOC,2017,775663.3466135458
NOC,2018,1223925.8964143426
NOC,2019,939140.0793650794
NOC,2020,987977.0750988142
NOC,2021,867578.1746031746
NOC,2022,892255.7768924303
NOC,2023,833790.4
GD,2010,2106373.412698413
GD,2011,2186459.126984127
GD,2012,1663186.8
GD,2013,1866405.9523809524
GD,2014,1879389.2857142857
GD,2015,1453237.6984126985
GD,2016,1605034.126984127
GD,2017,1150280.4780876494
GD,2018,1588872.5099601594
GD,2019,1267436.111111111
GD,2020,1636852.9644268774
GD,2021,1067925.396825397
GD,2022,1246478.0876494024
GD,2023,1164724.0
NTES,2010,4526414.682539683
NTES,2011,4645555.555555556
NTES,2012,3907852.0
NTES,2013,3279505.9523809524
NTES,2014,2766757.9365079366
NTES,2015,4197736.111111111
NTES,2016,5936710.317460317
NTES,2017,6511482.071713148
NTES,2018,5408179.282868526
NTES,2019,3564537.698412698
NTES,2020,3529816.6007905137
NTES,2021,2960273.412698413
NTES,2022,2167362.948207171
NTES,2023,1366424.4
MCK,2010,2485241.6666666665
MCK,2011,2032734.9206349207
MCK,2012,1660649.2
MCK,2013,1326778.9682539683
MCK,2014,1277363.888888889
MCK,2015,1367922.2222222222
MCK,2016,1962351.9841269841
MCK,2017,1858092.03187251
MCK,2018,1716790.8366533865
MCK,2019,1512200.7936507936
MCK,2020,2223643.8735177866
MCK,2021,1016150.3968253968
MCK,2022,1103562.549800797
MCK,2023,875154.8
TRI,2010,642836.5476190476
TRI,2011,942426.2420634921
TRI,2012,983774.24
TRI,2013,898933.4007936508
TRI,2014,737047.380952381
TRI,2015,847223.7420634921
TRI,2016,840304.6785714285
TRI,2017,1060892.6454183266
TRI,2018,1440060.266932271
TRI,2019,444283.55555555556
TRI,2020,506009.3557312253
TRI,2021,427556.75
TRI,2022,464008.7011952191
TRI,2023,386539.516
BMO,2010,644406.746031746
BMO,2011,1075671.8253968253
BMO,2012,485195.6
BMO,2013,430772.22222222225
BMO,2014,424803.9682539682
BMO,2015,777554.7619047619
BMO,2016,627308.3333333334
BMO,2017,419350.19920318725
BMO,2018,489158.9641434263
BMO,2019,513808.3333333333
BMO,2020,745628.4584980237
BMO,2021,720508.7301587302
BMO,2022,755710.358565737
BMO,2023,623246.0
MMM,2010,4909966.30952381
MMM,2011,5021129.777777778
MMM,2012,3481233.548
MMM,2013,3164886.507936508
MMM,2014,3014130.246031746
MMM,2015,2951777.837301587
MMM,2016,2466462.404761905
MMM,2017,2206406.545816733
MMM,2018,3115205.462151394
MMM,2019,3288064.5674603176
MMM,2020,3991224.5691699605
MMM,2021,2894395.484126984
MMM,2022,5714346.501992032
MMM,2023,4309883.1
PBR,2010,16925136.904761903
PBR,2011,16343514.682539683
PBR,2012,14333745.2
PBR,2013,16903066.666666668
PBR,2014,30677188.888888888
PBR,2015,36656965.87301587
PBR,2016,27857508.333333332
PBR,2017,18225771.71314741
PBR,2018,24125336.653386455
PBR,2019,16284960.317460317
PBR,2020,26198355.731225297
PBR,2021,32265121.825396825
PBR,2022,33745249.800796814
PBR,2023,20530995.2
PBR-A,2010,7659501.587301588
PBR-A,2011,7813334.920634921
PBR-A,2012,8026260.0
PBR-A,2013,8141435.317460317
PBR-A,2014,12832043.650793651
PBR-A,2015,14753209.523809524
PBR-A,2016,11676749.603174603
PBR-A,2017,6639471.71314741
PBR-A,2018,9281386.454183267
PBR-A,2019,6631022.619047619
PBR-A,2020,8162381.818181818
PBR-A,2021,10786037.698412698
PBR-A,2022,15127574.900398407
PBR-A,2023,8441938.8
MDLZ,2010,12789744.841269841
MDLZ,2011,9956445.634920634
MDLZ,2012,11354118.8
MDLZ,2013,10510778.968253968
MDLZ,2014,8192404.761904762
MDLZ,2015,9556009.126984127
MDLZ,2016,8991530.555555556
MDLZ,2017,7903129.083665338
MDLZ,2018,8168722.310756972
MDLZ,2019,6399559.920634921
MDLZ,2020,6973031.225296442
MDLZ,2021,6950315.079365079
MDLZ,2022,7450058.565737052
MDLZ,2023,6236818.4
CVS,2010,10686116.26984127
CVS,2011,10020045.238095239
CVS,2012,7162994.0
CVS,2013,5361786.904761905
CVS,2014,4659891.26984127
CVS,2015,4849062.698412699
CVS,2016,5832835.714285715
CVS,2017,7029502.3904382475
CVS,2018,8475327.888446216
CVS,2019,9540236.904761905
CVS,2020,8713649.011857707
CVS,2021,6166458.333333333
CVS,2022,5730609.960159362
CVS,2023,8638435.2
TDG,2010,327255.55555555556
TDG,2011,323731.34920634923
TDG,2012,483016.4
TDG,2013,421365.4761904762
TDG,2014,405952.77777777775
TDG,2015,371918.25396825396
TDG,2016,604393.253968254
TDG,2017,764001.593625498
TDG,2018,426317.9282868526
TDG,2019,321256.34920634923
TDG,2020,567130.0395256917
TDG,2021,270113.09523809527
TDG,2022,301536.25498007966
TDG,2023,264653.6
COIN,2021,5842785.24590164
COIN,2022,11363292.031872509
COIN,2023,14375936.8
APO,2011,550047.9166666666
APO,2012,268536.4
APO,2013,1042290.873015873
APO,2014,1251276.5873015872
APO,2015,1044017.4603174604
APO,2016,880978.9682539683
APO,2017,1211736.653386454
APO,2018,990122.7091633466
APO,2019,1608205.9523809524
APO,2020,1961817.786561265
APO,2021,2449577.777777778
APO,2022,3099251.394422311
APO,2023,2545636.0
RACE,2015,1404884.0
RACE,2016,688529.3650793651
RACE,2017,570984.860557769
RACE,2018,626720.3187250996
RACE,2019,396435.31746031746
RACE,2020,341046.6403162055
RACE,2021,324093.65079365077
RACE,2022,388772.90836653387
RACE,2023,339972.8
AON,2010,2507161.904761905
AON,2011,2411562.698412698
AON,2012,1900136.0
AON,2013,1783208.3333333333
AON,2014,1445490.4761904762
AON,2015,1221101.5873015872
AON,2016,1135254.365079365
AON,2017,1089852.5896414344
AON,2018,1008550.1992031873
AON,2019,902315.0793650794
AON,2020,1530852.1739130435
AON,2021,1671017.4603174604
AON,2022,987141.4342629482
AON,2023,849178.8
SCCO,2010,2804696.861111111
SCCO,2011,2789552.003968254
SCCO,2012,2095219.036
SCCO,2013,1967054.130952381
SCCO,2014,1942664.5674603174
SCCO,2015,1721399.746031746
SCCO,2016,1330211.7063492064
SCCO,2017,962930.1155378486
SCCO,2018,1024440.6613545817
SCCO,2019,877024.5396825396
SCCO,2020,879988.5177865613
SCCO,2021,1193621.242063492
SCCO,2022,1386796.6772908366
SCCO,2023,1169354.18
CVNA,2017,790502.3391812865
CVNA,2018,1141551.7928286854
CVNA,2019,1638286.507936508
CVNA,2020,2335034.387351779
CVNA,2021,1409696.8253968253
CVNA,2022,11697225.099601593
CVNA,2023,19394023.2
MFG,2010,610565.4761904762
MFG,2011,836294.4444444445
MFG,2012,480619.6
MFG,2013,649570.6349206349
MFG,2014,312584.126984127
MFG,2015,568163.4920634921
MFG,2016,535156.3492063492
MFG,2017,259987.64940239044
MFG,2018,475663.34661354584
MFG,2019,602705.1587301587
MFG,2020,652988.5375494071
MFG,2021,472438.49206349207
MFG,2022,1344950.1992031874
MFG,2023,876915.2
ECL,2010,1852273.8095238095
ECL,2011,2551134.126984127
ECL,2012,1506555.6
ECL,2013,1018721.0317460317
ECL,2014,1061417.4603174604
ECL,2015,1292290.0793650793
ECL,2016,1120804.365079365
ECL,2017,947411.5537848605
ECL,2018,1208776.4940239044
ECL,2019,1066896.4285714286
ECL,2020,2009097.628458498
ECL,2021,982624.2063492064
ECL,2022,1366974.501992032
ECL,2023,1073320.4
EQIX,2010,1157883.3333333333
EQIX,2011,744587.3015873015
EQIX,2012,1048913.6
EQIX,2013,969113.8888888889
EQIX,2014,748129.3650793651
EQIX,2015,789482.5396825396
EQIX,2016,721933.7301587302
EQIX,2017,488833.46613545815
EQIX,2018,597749.0039840637
EQIX,2019,435562.6984126984
EQIX,2020,492997.23320158105
EQIX,2021,526689.2857142857
EQIX,2022,472508.3665338645
EQIX,2023,399074.8
NEM,2010,7741037.301587301
NEM,2011,7188883.333333333
NEM,2012,6185424.4
NEM,2013,8658203.57142857
NEM,2014,8184746.825396826
NEM,2015,8091258.73015873
NEM,2016,8606863.492063493
NEM,2017,5376043.824701196
NEM,2018,5374208.366533864
NEM,2019,9031172.61904762
NEM,2020,7887717.786561265
NEM,2021,6515194.444444444
NEM,2022,8151668.12749004
NEM,2023,9804624.8
ITW,2010,3838133.3333333335
ITW,2011,3651769.0476190476
ITW,2012,2937866.0
ITW,2013,1993471.4285714286
ITW,2014,1977351.5873015872
ITW,2015,1739669.8412698412
ITW,2016,1627865.873015873
ITW,2017,1204329.0836653386
ITW,2018,1633386.0557768925
ITW,2019,1268838.888888889
ITW,2020,1322124.1106719368
ITW,2021,975605.5555555555
ITW,2022,1118963.7450199204
ITW,2023,1069022.0
GSK,2010,2108111.507936508
GSK,2011,2769527.380952381
GSK,2012,2278911.2
GSK,2013,2419261.111111111
GSK,2014,3447698.412698413
GSK,2015,3764393.6507936507
GSK,2016,3551403.1746031744
GSK,2017,3606225.099601594
GSK,2018,3158105.9760956177
GSK,2019,2558096.0317460317
GSK,2020,4050865.612648221
GSK,2021,4641511.904761905
GSK,2022,5873067.33067729
GSK,2023,3342045.2
EMR,2010,4417647.619047619
EMR,2011,5433997.619047619
EMR,2012,4023024.4
EMR,2013,3237010.714285714
EMR,2014,3269158.73015873
EMR,2015,4930177.777777778
EMR,2016,3912664.285714286
EMR,2017,3397143.426294821
EMR,2018,3394838.645418327
EMR,2019,3117118.6507936507
EMR,2020,3485924.5059288535
EMR,2021,2690592.4603174604
EMR,2022,3161503.187250996
EMR,2023,3120404.8
AJG,2010,494846.8253968254
AJG,2011,662676.9841269841
AJG,2012,587488.0
AJG,2013,644253.9682539683
AJG,2014,833599.6031746032
AJG,2015,1001580.5555555555
AJG,2016,1218665.4761904762
AJG,2017,892458.5657370518
AJG,2018,991003.5856573705
AJG,2019,943605.5555555555
AJG,2020,1027982.6086956522
AJG,2021,993904.7619047619
AJG,2022,926808.3665338645
AJG,2023,857310.0
MSI,2010,7723780.972222222
MSI,2011,3586067.5992063493
MSI,2012,2065252.4
MSI,2013,1825619.0476190476
MSI,2014,1743036.507936508
MSI,2015,1666323.8095238095
MSI,2016,1429824.2063492064
MSI,2017,1069066.533864542
MSI,2018,1097135.4581673306
MSI,2019,1076673.8095238095
MSI,2020,1273070.7509881423
MSI,2021,684616.2698412698
MSI,2022,816195.6175298805
MSI,2023,719462.4
PNC,2010,5246999.603174604
PNC,2011,4667998.412698412
PNC,2012,3425805.2
PNC,2013,2509221.4285714286
PNC,2014,2185964.285714286
PNC,2015,2444498.015873016
PNC,2016,2751766.6666666665
PNC,2017,2165073.306772908
PNC,2018,2376886.055776892
PNC,2019,1968051.9841269841
PNC,2020,2641881.0276679844
PNC,2021,1720163.0952380951
PNC,2022,2138298.406374502
PNC,2023,2829012.0
RSG,2010,2758675.793650794
RSG,2011,2926298.412698413
RSG,2012,2378730.8
RSG,2013,1581871.0317460317
RSG,2014,1666024.603174603
RSG,2015,1531877.7777777778
RSG,2016,1491094.8412698412
RSG,2017,1155743.8247011951
RSG,2018,1575348.2071713146
RSG,2019,1093842.0634920634
RSG,2020,1308748.2213438735
RSG,2021,1104366.2698412698
RSG,2022,1234295.6175298805
RSG,2023,1229739.6
ABNB,2020,15450106.666666666
ABNB,2021,6512850.396825396
ABNB,2022,6447163.346613546
ABNB,2023,6181707.2
NET,2019,2049107.894736842
NET,2020,4790283.003952569
NET,2021,3920492.4603174604
NET,2022,5471756.972111554
NET,2023,4540695.6
UPS,2010,4908235.714285715
UPS,2011,4761595.238095238
UPS,2012,3801039.2
UPS,2013,3358180.9523809524
UPS,2014,3077502.380952381
UPS,2015,3223053.9682539683
UPS,2016,2681655.5555555555
UPS,2017,2715122.709163347
UPS,2018,3478465.737051793
UPS,2019,3136346.4285714286
UPS,2020,4481176.679841897
UPS,2021,3134459.9206349207
UPS,2022,3208890.0398406372
UPS,2023,3419080.4
HWM,2016,913765.5952380953
HWM,2017,5295444.784860558
HWM,2018,5390545.8605577685
HWM,2019,5179658.75
HWM,2020,4206369.201581027
HWM,2021,3012200.793650794
HWM,2022,2919290.438247012
HWM,2023,2666908.8
